Customer ID,Age,Gender,Item Purchased,Category,Unit sold,Unit Price,Purchase_Amount_inr,Location,Size,Color,Season,Review Rating,Subscription Status,Shipping Type,Discount Applied,Promo Code Used,Previous Purchases,Payment Method,Frequency of Purchases
1,55,Male,Blouse,Clothing,1,2650,2650,Mumbai,L,Gray,Winter,3.1,Yes,Express,Yes,Yes,40,UPI,Fortnightly
2,19,Male,Sweater,Clothing,1,3200,3200,Pune,L,Maroon,Winter,3.1,Yes,Express,Yes,Yes,42,PhonePe,Fortnightly
3,50,Male,Jeans,Clothing,3,3650,10950,Delhi,S,Maroon,Spring,3.1,Yes,Free Shipping,Yes,Yes,46,Google Pay,Weekly
4,21,Male,Sandals,Footwear,3,4500,13500,Bengaluru,M,Maroon,Spring,3.5,Yes,Next Day Air,Yes,Yes,42,Paytm,Weekly
5,45,Male,Blouse,Clothing,3,2450,7350,Hyderabad,M,Turquoise,Spring,2.7,Yes,Free Shipping,Yes,Yes,50,Credit Card,Annually
6,46,Male,Sneakers,Footwear,1,1000,1000,Chennai,M,White,Summer,2.9,Yes,Standard,Yes,Yes,4,Debit Card,Weekly
7,63,Male,Shirt,Clothing,2,4250,8500,Kolkata,M,Gray,Fall,,Yes,Free Shipping,Yes,Yes,31,Cash,Quarterly
8,27,Male,Shorts,Clothing,1,1700,1700,Ahmedabad,L,Charcoal,Winter,3.2,Yes,Free Shipping,Yes,Yes,32,Net Banking,Weekly
9,26,Male,Coat,Outerwear,2,4850,9700,Surat,L,Silver,Summer,2.6,Yes,Express,Yes,Yes,11,Amazon Pay,Annually
10,57,Male,Handbag,Accessories,3,1550,4650,Jaipur,M,Pink,Spring,4.8,Yes,2-Day Shipping,Yes,Yes,32,EMI,Quarterly
11,53,Male,Shoes,Footwear,2,1700,3400,Lucknow,L,Purple,Fall,4.1,Yes,Store Pickup,Yes,Yes,29,UPI,Bi-Weekly
12,30,Male,Shorts,Clothing,1,3400,3400,Kanpur,S,Olive,Winter,4.9,Yes,Store Pickup,Yes,Yes,6,PhonePe,Fortnightly
13,61,Male,Coat,Outerwear,2,3600,7200,Nagpur,M,Gold,Winter,4.5,Yes,Express,Yes,Yes,43,Google Pay,Fortnightly
14,65,Male,Dress,Clothing,2,2550,5100,Indore,M,Violet,Spring,4.7,Yes,Express,Yes,Yes,42,Paytm,Weekly
15,64,Male,Coat,Outerwear,3,2650,7950,Bhopal,L,Teal,Winter,4.7,Yes,Free Shipping,Yes,Yes,35,Credit Card,Weekly
16,64,Male,Skirt,Clothing,2,4050,8100,Patna,M,Teal,Winter,2.8,Yes,Store Pickup,Yes,Yes,42,Debit Card,Monthly
17,25,Male,Sunglasses,Accessories,3,1800,5400,Ranchi,S,Gray,Spring,4.1,Yes,Next Day Air,Yes,Yes,13,Cash,Bi-Weekly
18,53,Male,Dress,Clothing,2,1900,3800,Bhubaneswar,XL,Lavender,Winter,4.7,Yes,2-Day Shipping,Yes,Yes,27,Net Banking,Quarterly
19,52,Male,Sweater,Clothing,3,2400,7200,Visakhapatnam,S,Black,Summer,4.6,Yes,Free Shipping,Yes,Yes,41,Amazon Pay,Weekly
20,66,Male,Pants,Clothing,1,4500,4500,Vijayawada,M,Green,Summer,3.3,Yes,Standard,Yes,Yes,13,EMI,Bi-Weekly
21,21,Male,Pants,Clothing,3,2550,7650,Kochi,M,Black,Winter,2.8,Yes,Express,Yes,Yes,39,Cash,Every 3 Months
22,31,Male,Pants,Clothing,1,3100,3100,Thiruvananthapuram,M,Charcoal,Winter,4.1,Yes,Store Pickup,Yes,Yes,30,Debit Card,Quarterly
23,56,Male,Pants,Clothing,1,1850,1850,Coimbatore,M,Peach,Summer,3.2,Yes,Store Pickup,Yes,Yes,11,Debit Card,Annually
24,31,Male,Pants,Clothing,1,4400,4400,Madurai,XL,White,Winter,4.4,Yes,Express,Yes,Yes,22,Credit Card,Weekly
25,18,Male,Jacket,Outerwear,1,1100,1100,Mysuru,M,Green,Fall,2.9,Yes,Store Pickup,Yes,Yes,6,Debit Card,Weekly
26,18,Male,Hoodie,Clothing,2,1250,2500,Mangaluru,M,Silver,Summer,3.6,Yes,Express,Yes,Yes,50,Paytm,Annually
27,38,Male,Jewelry,Accessories,2,1000,2000,Nashik,M,Red,Spring,3.6,Yes,Next Day Air,Yes,Yes,42,Credit Card,Annually
28,56,Male,Shorts,Clothing,2,2800,5600,Aurangabad,L,Cyan,Summer,5,Yes,Next Day Air,Yes,Yes,15,Debit Card,Every 3 Months
29,54,Male,Handbag,Accessories,5,4700,23500,Kolhapur,M,Gray,Fall,4.4,Yes,Free Shipping,Yes,Yes,37,Cash on Delivery,Every 3 Months
30,31,Male,Dress,Clothing,2,2400,4800,Thane,S,Black,Fall,4.1,Yes,Store Pickup,Yes,Yes,30,Net Banking,Weekly
31,57,Male,Jewelry,Accessories,2,1550,3100,Navi Mumbai,L,Black,Winter,4.7,Yes,Standard,Yes,Yes,10,Amazon Pay,Monthly
32,33,Male,Dress,Clothing,3,3950,11850,Vasai-Virar,L,Brown,Winter,4.7,Yes,Store Pickup,Yes,Yes,38,EMI,Monthly
33,36,Male,Jacket,Outerwear,1,3350,3350,Kalyan-Dombivli,M,Silver,Summer,4.9,Yes,Free Shipping,Yes,Yes,9,UPI,Annually
34,54,Male,Pants,Clothing,1,1900,1900,Noida,L,Green,Summer,3.3,Yes,Store Pickup,Yes,Yes,9,PhonePe,Quarterly
35,36,Male,T-shirt,Clothing,2,4550,9100,Gurugram,L,Violet,Spring,4.6,Yes,2-Day Shipping,Yes,Yes,21,Google Pay,Quarterly
36,54,Male,Blouse,Clothing,3,1650,4950,Faridabad,M,Cyan,Summer,4,Yes,2-Day Shipping,Yes,Yes,16,Paytm,Bi-Weekly
37,35,Male,T-shirt,Clothing,2,3450,6900,Ghaziabad,M,Maroon,Winter,4.6,Yes,Free Shipping,Yes,Yes,23,Credit Card,Fortnightly
38,35,Male,Jeans,Clothing,3,2250,6750,Chandigarh,S,Cyan,Summer,2.8,Yes,Store Pickup,Yes,Yes,40,Debit Card,Weekly
39,29,Male,Dress,Clothing,1,1850,1850,Ludhiana,M,Red,Winter,,Yes,2-Day Shipping,Yes,Yes,5,Cash,Every 3 Months
40,70,Male,Pants,Clothing,3,3000,9000,Amritsar,S,Turquoise,Summer,4.2,Yes,Express,Yes,Yes,38,UPI,Monthly
41,69,Male,Handbag,Accessories,1,3800,3800,Jammu,L,Beige,Winter,4.6,Yes,Next Day Air,Yes,Yes,27,PhonePe,Quarterly
42,67,Male,Scarf,Accessories,3,1950,5850,Srinagar,M,Orange,Spring,4.5,Yes,Standard,Yes,Yes,7,Google Pay,Annually
43,20,Male,Coat,Outerwear,1,5000,5000,Shimla,M,Beige,Spring,4.1,Yes,Free Shipping,Yes,Yes,31,Paytm,Annually
44,25,Male,Scarf,Accessories,2,3450,6900,Dehradun,L,Lavender,Fall,3.7,Yes,Store Pickup,Yes,Yes,7,Credit Card,Fortnightly
45,39,Male,Hat,Accessories,5,2650,13250,Agra,S,Silver,Summer,4.6,Yes,Free Shipping,Yes,Yes,6,Debit Card,Weekly
46,50,Male,Socks,Clothing,2,1050,2100,Varanasi,XL,Indigo,Fall,2.9,Yes,2-Day Shipping,Yes,Yes,45,Net Banking,Annually
47,57,Male,Shirt,Clothing,1,2150,2150,Prayagraj,L,White,Summer,2.9,Yes,Store Pickup,Yes,Yes,16,Amazon Pay,Quarterly
48,55,Male,Jewelry,Accessories,1,2700,2700,Gwalior,M,Charcoal,Winter,4.5,Yes,Free Shipping,Yes,Yes,45,EMI,Weekly
49,42,Male,Shirt,Clothing,2,2750,5500,Jabalpur,M,Orange,Summer,2.7,Yes,Store Pickup,Yes,Yes,6,Cash,Monthly
50,68,Male,Hoodie,Clothing,2,1500,3000,Raipur,S,Indigo,Spring,4.6,Yes,Next Day Air,Yes,Yes,18,Debit Card,Bi-Weekly
51,49,Male,Blouse,Clothing,2,1400,2800,Goa,M,Red,Spring,,Yes,Store Pickup,Yes,Yes,3,Debit Card,Bi-Weekly
52,59,Male,Skirt,Clothing,3,2950,8850,Udaipur,XL,Gray,Winter,4.7,Yes,2-Day Shipping,Yes,Yes,41,Credit Card,Quarterly
53,42,Male,T-shirt,Clothing,1,1000,1000,Jodhpur,M,Green,Summer,2.6,Yes,Free Shipping,Yes,Yes,20,Credit Card,Weekly
54,29,Male,Skirt,Clothing,2,1200,2400,Rajkot,S,Peach,Winter,3.9,Yes,Next Day Air,Yes,Yes,7,Credit Card,Weekly
55,47,Male,Coat,Outerwear,3,4700,14100,Vadodara,M,Brown,Summer,4.2,Yes,Next Day Air,Yes,Yes,33,Debit Card,Bi-Weekly
56,40,Male,Jacket,Outerwear,3,1400,4200,Siliguri,M,Lavender,Winter,3,Yes,2-Day Shipping,Yes,Yes,28,Credit Card,Annually
57,41,Male,Backpack,Accessories,2,3650,7300,Guwahati,XL,Brown,Summer,4.7,Yes,Store Pickup,Yes,Yes,14,Credit Card,Weekly
58,21,Male,Coat,Outerwear,4,3200,12800,Imphal,M,White,Summer,4.4,Yes,Store Pickup,Yes,Yes,6,Debit Card,Fortnightly
59,69,Male,Hoodie,Clothing,1,2700,2700,Aizawl,M,Charcoal,Summer,4.2,Yes,Free Shipping,Yes,Yes,45,Cash,Monthly
60,63,Male,Belt,Accessories,2,3950,7900,Shillong,L,Yellow,Spring,4.6,Yes,Standard,Yes,Yes,6,UPI,Weekly
61,50,Male,Sweater,Clothing,1,1850,1850,Mumbai,L,Brown,Summer,4,Yes,Express,Yes,Yes,39,PhonePe,Weekly
62,55,Male,Scarf,Accessories,3,3400,10200,Pune,M,Orange,Winter,4.7,Yes,Store Pickup,Yes,Yes,11,Google Pay,Every 3 Months
63,30,Male,Sneakers,Footwear,1,1050,1050,Delhi,S,Magenta,Spring,3.8,Yes,Free Shipping,Yes,Yes,4,Paytm,Fortnightly
64,33,Male,Sunglasses,Accessories,3,3950,11850,Bengaluru,L,Lavender,Winter,2.7,Yes,2-Day Shipping,Yes,Yes,25,Credit Card,Weekly
65,65,Male,Boots,Footwear,1,4150,4150,Hyderabad,S,Green,Fall,4.8,Yes,Standard,Yes,Yes,5,Debit Card,Fortnightly
66,65,Male,Backpack,Accessories,2,1800,3600,Chennai,M,Purple,Spring,4.8,Yes,2-Day Shipping,Yes,Yes,25,Net Banking,Every 3 Months
67,31,Male,Blouse,Clothing,1,4700,4700,Kolkata,S,Magenta,Winter,4.7,Yes,2-Day Shipping,Yes,Yes,33,Amazon Pay,Every 3 Months
68,45,Male,Coat,Outerwear,2,1650,3300,Ahmedabad,L,Gray,Winter,4.4,Yes,Store Pickup,Yes,Yes,31,EMI,Monthly
69,57,Male,Handbag,Accessories,3,2300,6900,Surat,L,Silver,Summer,3.9,Yes,Next Day Air,Yes,Yes,19,Cash,Every 3 Months
70,48,Male,Belt,Accessories,5,3500,17500,Jaipur,S,Cyan,Summer,4.4,Yes,Express,Yes,Yes,37,Cash,Weekly
71,22,Male,Belt,Accessories,2,1450,2900,Lucknow,M,Magenta,Fall,4.2,Yes,Express,Yes,Yes,32,Debit Card,Every 3 Months
72,36,Male,Dress,Clothing,1,2400,2400,Kanpur,L,Gold,Summer,2.9,Yes,Express,Yes,Yes,37,Cash,Annually
73,18,Male,Dress,Clothing,3,1300,3900,Nagpur,M,Olive,Winter,2.9,Yes,Store Pickup,Yes,Yes,24,UPI,Every 3 Months
74,48,Male,Pants,Clothing,3,4250,12750,Indore,M,Teal,Spring,2.7,Yes,Free Shipping,Yes,Yes,7,PhonePe,Bi-Weekly
75,49,Male,Gloves,Accessories,3,2900,8700,Bhopal,L,Violet,Spring,4.5,Yes,Express,Yes,Yes,3,Google Pay,Monthly
76,64,Male,Scarf,Accessories,2,4250,8500,Patna,M,Blue,Summer,2.7,Yes,Free Shipping,Yes,Yes,13,Paytm,Annually
77,50,Male,Hat,Accessories,1,2150,2150,Ranchi,S,Teal,Summer,4.2,Yes,Free Shipping,Yes,Yes,37,Credit Card,Monthly
78,22,Male,Dress,Clothing,2,2650,5300,Bhubaneswar,L,Gold,Summer,3.3,Yes,Next Day Air,Yes,Yes,31,Debit Card,Fortnightly
79,50,Male,Skirt,Clothing,1,4550,4550,Visakhapatnam,M,Maroon,Spring,4.7,Yes,Free Shipping,Yes,Yes,7,Net Banking,Fortnightly
80,38,Male,Jacket,Outerwear,1,4800,4800,Vijayawada,M,Olive,Winter,2.6,Yes,2-Day Shipping,Yes,Yes,1,Amazon Pay,Every 3 Months
81,19,Male,Sandals,Footwear,1,3600,3600,Kochi,XL,Blue,Summer,,Yes,Store Pickup,Yes,Yes,15,EMI,Every 3 Months
82,67,Male,Shoes,Footwear,3,4800,14400,Thiruvananthapuram,L,Maroon,Summer,2.6,Yes,Express,Yes,Yes,2,Credit Card,Every 3 Months
83,19,Male,Pants,Clothing,2,1400,2800,Coimbatore,S,Olive,Spring,4,Yes,2-Day Shipping,Yes,Yes,34,Credit Card,Every 3 Months
84,36,Male,Dress,Clothing,4,2000,8000,Madurai,M,Turquoise,Summer,4.1,Yes,Standard,Yes,Yes,6,Bank Transfer,Weekly
85,52,Male,Coat,Outerwear,3,1600,4800,Mysuru,S,Peach,Spring,4.4,Yes,Standard,Yes,Yes,14,Bank Transfer,Every 3 Months
86,53,Male,Sunglasses,Accessories,2,4750,9500,Mangaluru,M,Charcoal,Winter,4.5,Yes,Next Day Air,Yes,Yes,37,Debit Card,Bi-Weekly
87,24,Male,Hoodie,Clothing,2,2050,4100,Nashik,L,Pink,Spring,3.7,Yes,2-Day Shipping,Yes,Yes,12,Cash,Bi-Weekly
88,52,Male,Shoes,Footwear,1,2650,2650,Aurangabad,M,Green,Fall,3.7,Yes,2-Day Shipping,Yes,Yes,21,Debit Card,Fortnightly
89,33,Male,T-shirt,Clothing,2,2350,4700,Kolhapur,M,Orange,Fall,3.5,Yes,Free Shipping,Yes,Yes,10,Credit Card,Monthly
90,47,Male,Jacket,Outerwear,3,4150,12450,Thane,XL,Pink,Fall,3.6,Yes,Next Day Air,Yes,Yes,39,Cash,Quarterly
91,25,Male,Hat,Accessories,3,2400,7200,Navi Mumbai,L,Violet,Summer,2.9,Yes,Express,Yes,Yes,31,Credit Card,Monthly
92,44,Male,Scarf,Accessories,1,4950,4950,Vasai-Virar,S,Green,Winter,4.6,Yes,Standard,Yes,Yes,24,Credit Card,Every 3 Months
93,61,Male,Jacket,Outerwear,3,4350,13050,Kalyan-Dombivli,M,Olive,Winter,4.4,Yes,2-Day Shipping,Yes,Yes,37,Cash,Every 3 Months
94,37,Male,Sweater,Clothing,2,3100,6200,Noida,M,Purple,Fall,4.5,Yes,Standard,Yes,Yes,36,UPI,Weekly
95,58,Male,Skirt,Clothing,3,3800,11400,Gurugram,S,Silver,Spring,4.6,Yes,Free Shipping,Yes,Yes,16,PhonePe,Weekly
96,37,Male,Sneakers,Footwear,2,5000,10000,Faridabad,L,Pink,Fall,3.8,Yes,Free Shipping,Yes,Yes,1,Google Pay,Monthly
97,32,Male,Gloves,Accessories,2,3650,7300,Ghaziabad,S,Gold,Spring,,Yes,Express,Yes,Yes,5,Paytm,Every 3 Months
98,21,Male,Shoes,Footwear,1,4600,4600,Chandigarh,M,Teal,Winter,4.8,Yes,Store Pickup,Yes,Yes,9,Credit Card,Annually
99,20,Male,Jeans,Clothing,2,3350,6700,Ludhiana,XL,Teal,Spring,2.6,Yes,Next Day Air,Yes,Yes,25,Debit Card,Annually
100,26,Male,Hoodie,Clothing,3,2000,6000,Amritsar,XL,Indigo,Summer,3.7,Yes,Express,Yes,Yes,20,Net Banking,Quarterly
101,62,Male,Sunglasses,Accessories,1,4900,4900,Jammu,M,Maroon,Fall,2.7,Yes,Express,Yes,Yes,20,Amazon Pay,Fortnightly
102,27,Male,Coat,Outerwear,1,4250,4250,Srinagar,XL,White,Spring,4.6,Yes,Express,Yes,Yes,9,EMI,Bi-Weekly
103,51,Male,Socks,Clothing,2,3350,6700,Shimla,L,Violet,Winter,4.8,Yes,Next Day Air,Yes,Yes,46,Credit Card,Quarterly
104,54,Male,Boots,Footwear,3,4450,13350,Dehradun,L,Red,Winter,4,Yes,Next Day Air,Yes,Yes,35,Cash,Bi-Weekly
105,55,Male,Sunglasses,Accessories,1,1200,1200,Agra,L,Pink,Spring,4.4,Yes,2-Day Shipping,Yes,Yes,7,UPI,Monthly
106,69,Male,Backpack,Accessories,2,4800,9600,Varanasi,M,Charcoal,Fall,3.6,Yes,Next Day Air,Yes,Yes,10,PhonePe,Annually
107,64,Male,Jacket,Outerwear,3,1750,5250,Prayagraj,L,White,Summer,3.7,Yes,Standard,Yes,Yes,11,Google Pay,Monthly
108,28,Male,Sneakers,Footwear,1,3350,3350,Gwalior,L,Olive,Winter,3.1,Yes,Next Day Air,Yes,Yes,11,Paytm,Fortnightly
109,70,Male,Socks,Clothing,1,3950,3950,Jabalpur,L,Purple,Spring,,Yes,Next Day Air,Yes,Yes,2,Credit Card,Bi-Weekly
110,58,Male,T-shirt,Clothing,2,4250,8500,Raipur,M,Violet,Spring,2.6,Yes,Next Day Air,Yes,Yes,37,Debit Card,Fortnightly
111,56,Male,Backpack,Accessories,1,1300,1300,Goa,M,Black,Summer,4,Yes,Standard,Yes,Yes,20,Net Banking,Fortnightly
112,26,Male,Belt,Accessories,1,3750,3750,Udaipur,L,Purple,Summer,5,Yes,Free Shipping,Yes,Yes,6,Amazon Pay,Annually
113,37,Male,Gloves,Accessories,2,3250,6500,Jodhpur,M,Red,Spring,4.3,Yes,Free Shipping,Yes,Yes,28,EMI,Bi-Weekly
114,44,Male,Hat,Accessories,2,2700,5400,Rajkot,L,Maroon,Winter,3.1,Yes,Next Day Air,Yes,Yes,42,Cash,Quarterly
115,70,Male,Coat,Outerwear,2,4750,9500,Vadodara,S,Blue,Summer,3.7,Yes,Store Pickup,Yes,Yes,26,UPI,Weekly
116,53,Male,Skirt,Clothing,2,4700,9400,Siliguri,M,Gray,Spring,3.8,Yes,Standard,Yes,Yes,27,PhonePe,Every 3 Months
117,55,Male,Shoes,Footwear,5,4300,21500,Guwahati,S,Blue,Spring,3.4,Yes,Free Shipping,Yes,Yes,24,Google Pay,Annually
118,50,Male,Sandals,Footwear,3,1600,4800,Imphal,L,Yellow,Summer,4.6,Yes,Express,Yes,Yes,41,Paytm,Fortnightly
119,50,Male,Sweater,Clothing,3,2250,6750,Aizawl,L,Orange,Fall,4.8,Yes,2-Day Shipping,Yes,Yes,24,Credit Card,Bi-Weekly
120,38,Male,Coat,Outerwear,2,3800,7600,Shillong,M,Orange,Fall,4.3,Yes,Express,Yes,Yes,32,Debit Card,Annually
121,64,Male,Hat,Accessories,3,4200,12600,Mumbai,L,Red,Summer,4,Yes,Express,Yes,Yes,30,Net Banking,Annually
122,19,Male,Shorts,Clothing,1,3600,3600,Pune,M,Olive,Winter,4.2,Yes,Standard,Yes,Yes,47,Amazon Pay,Fortnightly
123,40,Male,Backpack,Accessories,2,2000,4000,Delhi,L,Brown,Spring,4.8,Yes,2-Day Shipping,Yes,Yes,39,EMI,Fortnightly
124,57,Male,Sweater,Clothing,2,4450,8900,Bengaluru,L,Brown,Fall,3.1,Yes,Free Shipping,Yes,Yes,49,Cash,Weekly
125,44,Male,Sweater,Clothing,2,4300,8600,Hyderabad,M,Gray,Spring,3.1,Yes,Next Day Air,Yes,Yes,20,Cash,Annually
126,49,Male,Shorts,Clothing,2,2700,5400,Chennai,M,Indigo,Winter,3.6,Yes,Next Day Air,Yes,Yes,6,UPI,Every 3 Months
127,43,Male,Shorts,Clothing,3,1800,5400,Kolkata,L,Pink,Spring,3.9,Yes,Store Pickup,Yes,Yes,50,PhonePe,Every 3 Months
128,24,Male,Sweater,Clothing,1,4450,4450,Ahmedabad,M,Gray,Winter,4.8,Yes,Next Day Air,Yes,Yes,27,Google Pay,Weekly
129,20,Male,Scarf,Accessories,1,1600,1600,Surat,M,Gold,Spring,4.7,Yes,Standard,Yes,Yes,41,Paytm,Fortnightly
130,24,Male,Dress,Clothing,3,3350,10050,Jaipur,XL,Olive,Summer,4.2,Yes,2-Day Shipping,Yes,Yes,15,Credit Card,Bi-Weekly
131,44,Male,Scarf,Accessories,3,1950,5850,Lucknow,L,Violet,Fall,3.7,Yes,Next Day Air,Yes,Yes,33,Debit Card,Fortnightly
132,28,Male,Skirt,Clothing,1,1450,1450,Kanpur,L,Indigo,Summer,3.9,Yes,Standard,Yes,Yes,16,Net Banking,Weekly
133,30,Male,Backpack,Accessories,2,2900,5800,Nagpur,M,Orange,Fall,4.7,Yes,2-Day Shipping,Yes,Yes,38,Amazon Pay,Weekly
134,52,Male,Sweater,Clothing,1,3250,3250,Indore,M,Violet,Winter,2.5,Yes,Next Day Air,Yes,Yes,6,EMI,Annually
135,43,Male,Hat,Accessories,1,4700,4700,Bhopal,L,Gray,Fall,4.9,Yes,Store Pickup,Yes,Yes,10,Cash,Monthly
136,43,Male,Sandals,Footwear,3,4050,12150,Patna,M,Purple,Fall,4.1,Yes,Express,Yes,Yes,39,Cash,Quarterly
137,39,Male,Blouse,Clothing,3,4300,12900,Ranchi,M,White,Winter,3.3,Yes,Free Shipping,Yes,Yes,14,UPI,Quarterly
138,68,Male,Sneakers,Footwear,2,2150,4300,Bhubaneswar,M,Turquoise,Spring,4.7,Yes,Free Shipping,Yes,Yes,16,PhonePe,Weekly
139,68,Male,Skirt,Clothing,3,1450,4350,Visakhapatnam,M,Maroon,Winter,4.4,Yes,Store Pickup,Yes,Yes,9,Google Pay,Weekly
140,49,Male,Coat,Outerwear,3,4750,14250,Vijayawada,M,White,Fall,3.8,Yes,Store Pickup,Yes,Yes,19,Paytm,Annually
141,63,Male,Shirt,Clothing,1,1400,1400,Kochi,L,Yellow,Fall,3.9,Yes,2-Day Shipping,Yes,Yes,43,Credit Card,Weekly
142,56,Male,Gloves,Accessories,2,2300,4600,Thiruvananthapuram,M,Turquoise,Fall,4.9,Yes,Free Shipping,Yes,Yes,24,Debit Card,Weekly
143,37,Male,Jacket,Outerwear,1,2900,2900,Coimbatore,L,Violet,Fall,3.1,Yes,Free Shipping,Yes,Yes,49,Net Banking,Fortnightly
144,30,Male,Coat,Outerwear,1,2400,2400,Madurai,M,Beige,Fall,2.7,Yes,Store Pickup,Yes,Yes,35,Amazon Pay,Quarterly
145,19,Male,Shoes,Footwear,1,2150,2150,Mysuru,M,Silver,Fall,3.2,Yes,Express,Yes,Yes,42,EMI,Monthly
146,24,Male,Jewelry,Accessories,3,4750,14250,Mangaluru,M,Teal,Fall,4.5,Yes,Standard,Yes,Yes,21,Debit Card,Quarterly
147,52,Male,Skirt,Clothing,2,1500,3000,Nashik,S,Black,Fall,4,Yes,Standard,Yes,Yes,39,Google Pay,Fortnightly
148,63,Male,Shoes,Footwear,2,3200,6400,Aurangabad,M,Purple,Summer,3.5,Yes,2-Day Shipping,Yes,Yes,33,Bank Transfer,Fortnightly
149,37,Male,Gloves,Accessories,1,4500,4500,Kolhapur,M,Gray,Fall,2.6,Yes,Store Pickup,Yes,Yes,33,Debit Card,Annually
150,38,Male,Pants,Clothing,1,3800,3800,Thane,M,White,Summer,3.2,Yes,Free Shipping,Yes,Yes,39,Cash,Monthly
151,35,Male,Boots,Footwear,3,4800,14400,Navi Mumbai,L,Cyan,Fall,4.9,Yes,Standard,Yes,Yes,11,UPI,Every 3 Months
152,28,Male,Sunglasses,Accessories,2,2350,4700,Vasai-Virar,L,Turquoise,Fall,4.5,Yes,Next Day Air,Yes,Yes,6,PhonePe,Annually
153,30,Male,Shirt,Clothing,2,4250,8500,Kalyan-Dombivli,S,Brown,Summer,4.3,Yes,Express,Yes,Yes,6,Google Pay,Annually
154,69,Male,Hoodie,Clothing,3,2750,8250,Noida,M,Maroon,Winter,3.2,Yes,Standard,Yes,Yes,23,Paytm,Annually
155,41,Male,Dress,Clothing,3,4900,14700,Gurugram,M,Charcoal,Fall,3.6,Yes,Next Day Air,Yes,Yes,19,Credit Card,Quarterly
156,63,Male,Socks,Clothing,3,3850,11550,Faridabad,S,Olive,Spring,4.3,Yes,Free Shipping,Yes,Yes,2,Debit Card,Quarterly
157,35,Male,Shorts,Clothing,2,1300,2600,Ghaziabad,M,Lavender,Fall,4,Yes,Standard,Yes,Yes,33,Net Banking,Annually
158,36,Male,Hat,Accessories,2,3400,6800,Chandigarh,S,Yellow,Fall,3,Yes,Next Day Air,Yes,Yes,7,Amazon Pay,Fortnightly
159,25,Male,Shirt,Clothing,3,3650,10950,Ludhiana,XL,Teal,Fall,4.1,Yes,Standard,Yes,Yes,24,EMI,Monthly
160,58,Male,Gloves,Accessories,2,1350,2700,Amritsar,M,Charcoal,Fall,3.8,Yes,Store Pickup,Yes,Yes,1,Bank Transfer,Every 3 Months
161,27,Male,Gloves,Accessories,1,1150,1150,Jammu,M,Orange,Summer,4.6,Yes,Free Shipping,Yes,Yes,10,Cash,Monthly
162,65,Male,Backpack,Accessories,4,2450,9800,Srinagar,M,Olive,Fall,3,Yes,Express,Yes,Yes,11,UPI,Fortnightly
163,54,Male,Sunglasses,Accessories,2,3700,7400,Shimla,M,Turquoise,Summer,3,Yes,Store Pickup,Yes,Yes,14,PhonePe,Bi-Weekly
164,54,Male,Skirt,Clothing,1,3350,3350,Dehradun,M,Purple,Summer,3.4,Yes,Standard,Yes,Yes,19,Google Pay,Weekly
165,59,Male,Handbag,Accessories,1,3250,3250,Agra,S,Purple,Spring,2.6,Yes,Free Shipping,Yes,Yes,46,Paytm,Fortnightly
166,42,Male,Handbag,Accessories,2,3000,6000,Varanasi,S,Yellow,Winter,2.8,Yes,Store Pickup,Yes,Yes,31,Credit Card,Monthly
167,46,Male,Sneakers,Footwear,1,1550,1550,Prayagraj,XL,Indigo,Fall,4,Yes,Store Pickup,Yes,Yes,27,Debit Card,Monthly
168,33,Male,Gloves,Accessories,3,1350,4050,Gwalior,M,Green,Fall,4,Yes,Express,Yes,Yes,31,Net Banking,Every 3 Months
169,34,Male,Shoes,Footwear,3,4000,12000,Jabalpur,M,Magenta,Summer,3,Yes,Express,Yes,Yes,7,Amazon Pay,Fortnightly
170,27,Male,Jacket,Outerwear,2,1500,3000,Raipur,S,Gold,Summer,3.3,Yes,Standard,Yes,Yes,25,EMI,Every 3 Months
171,52,Male,Shirt,Clothing,3,1250,3750,Goa,M,Maroon,Fall,2.6,Yes,Store Pickup,Yes,Yes,41,EMI,Bi-Weekly
172,29,Male,Shorts,Clothing,1,1750,1750,Udaipur,M,Blue,Summer,3.6,Yes,Store Pickup,Yes,Yes,49,Credit Card,Weekly
173,54,Male,Jewelry,Accessories,3,3350,10050,Jodhpur,M,Violet,Summer,3.9,Yes,Next Day Air,Yes,Yes,43,Credit Card,Bi-Weekly
174,25,Male,Hat,Accessories,1,2300,2300,Rajkot,M,Turquoise,Fall,3.4,Yes,Standard,Yes,Yes,33,Cash,Annually
175,41,Male,Shoes,Footwear,1,1750,1750,Vadodara,L,Brown,Winter,3.5,Yes,Express,Yes,Yes,9,Cash,Annually
176,53,Male,Coat,Outerwear,2,4300,8600,Siliguri,L,Violet,Fall,2.8,Yes,Next Day Air,Yes,Yes,21,UPI,Annually
177,53,Male,Backpack,Accessories,1,4050,4050,Guwahati,L,Black,Spring,2.7,Yes,Next Day Air,Yes,Yes,44,PhonePe,Quarterly
178,21,Male,Hoodie,Clothing,3,2100,6300,Imphal,L,Magenta,Fall,3.7,Yes,Next Day Air,Yes,Yes,18,Google Pay,Monthly
179,61,Male,Skirt,Clothing,1,2150,2150,Aizawl,L,Lavender,Fall,4.3,Yes,2-Day Shipping,Yes,Yes,23,Paytm,Quarterly
180,64,Male,Boots,Footwear,3,1550,4650,Shillong,M,Violet,Fall,4.9,Yes,Store Pickup,Yes,Yes,19,Credit Card,Fortnightly
181,51,Male,Sandals,Footwear,2,4050,8100,Patna,L,Green,Fall,3.3,Yes,Store Pickup,Yes,Yes,33,Debit Card,Fortnightly
182,32,Male,Pants,Clothing,2,3050,6100,Ranchi,M,Beige,Summer,4.7,Yes,Next Day Air,Yes,Yes,40,Net Banking,Weekly
183,38,Male,Gloves,Accessories,1,4800,4800,Bhubaneswar,XL,Purple,Summer,2.8,Yes,Store Pickup,Yes,Yes,10,Amazon Pay,Annually
184,58,Male,Skirt,Clothing,1,1450,1450,Visakhapatnam,XL,Beige,Spring,3.6,Yes,2-Day Shipping,Yes,Yes,41,EMI,Weekly
185,32,Male,Sneakers,Footwear,3,1650,4950,Vijayawada,L,Cyan,Spring,3,Yes,Express,Yes,Yes,17,Cash,Fortnightly
186,46,Male,T-shirt,Clothing,1,1600,1600,Kochi,XL,Silver,Summer,4.5,Yes,Store Pickup,Yes,Yes,46,Bank Transfer,Fortnightly
187,39,Male,Backpack,Accessories,2,2800,5600,Thiruvananthapuram,S,Lavender,Summer,2.9,Yes,Standard,Yes,Yes,10,Debit Card,Annually
188,19,Male,Shoes,Footwear,3,4700,14100,Coimbatore,S,Purple,Spring,3.3,Yes,Store Pickup,Yes,Yes,49,Bank Transfer,Bi-Weekly
189,50,Male,Hoodie,Clothing,3,2650,7950,Madurai,M,Pink,Spring,3.1,Yes,Express,Yes,Yes,36,Bank Transfer,Bi-Weekly
190,36,Male,Blouse,Clothing,3,4100,12300,Mysuru,M,Maroon,Fall,,Yes,Next Day Air,Yes,Yes,20,Credit Card,Weekly
191,65,Male,Coat,Outerwear,2,3500,7000,Mangaluru,XL,Beige,Fall,3,Yes,Free Shipping,Yes,Yes,21,Cash,Quarterly
192,64,Male,Hat,Accessories,1,3800,3800,Nashik,M,Gray,Fall,3.9,Yes,Free Shipping,Yes,Yes,13,UPI,Every 3 Months
193,46,Male,Shoes,Footwear,1,1450,1450,Aurangabad,L,Turquoise,Summer,2.9,Yes,Express,Yes,Yes,21,PhonePe,Bi-Weekly
194,36,Male,Belt,Accessories,1,5000,5000,Kolhapur,S,Silver,Fall,3,Yes,Standard,Yes,Yes,28,Google Pay,Annually
195,51,Male,Backpack,Accessories,2,4700,9400,Thane,M,Olive,Spring,3.1,Yes,Express,Yes,Yes,22,Paytm,Quarterly
196,51,Male,Jacket,Outerwear,3,1250,3750,Navi Mumbai,M,Magenta,Fall,4.3,Yes,Free Shipping,Yes,Yes,3,Credit Card,Monthly
197,38,Male,Boots,Footwear,3,4400,13200,Vasai-Virar,M,Lavender,Summer,3.9,Yes,Next Day Air,Yes,Yes,19,Debit Card,Fortnightly
198,59,Male,Scarf,Accessories,1,3900,3900,Kalyan-Dombivli,M,Black,Fall,3.2,Yes,2-Day Shipping,Yes,Yes,33,Net Banking,Monthly
199,57,Male,Jewelry,Accessories,3,2250,6750,Noida,M,Turquoise,Winter,4.8,Yes,Standard,Yes,Yes,19,Amazon Pay,Fortnightly
200,54,Male,Hat,Accessories,2,3650,7300,Gurugram,XL,Green,Summer,3.8,Yes,Express,Yes,Yes,37,Amazon Pay,Weekly
201,25,Male,Dress,Clothing,2,3050,6100,Faridabad,S,Teal,Summer,3.3,Yes,Next Day Air,Yes,Yes,49,Amazon Pay,Monthly
202,69,Male,Blouse,Clothing,2,1100,2200,Ghaziabad,S,Beige,Fall,4.3,Yes,Free Shipping,Yes,Yes,43,Amazon Pay,Annually
203,57,Male,Hat,Accessories,1,1900,1900,Chandigarh,L,Magenta,Spring,2.7,Yes,Express,Yes,Yes,19,Amazon Pay,Annually
204,70,Male,Scarf,Accessories,1,1900,1900,Ludhiana,S,Yellow,Fall,3.2,Yes,Next Day Air,Yes,Yes,47,Bank Transfer,Weekly
205,24,Male,Sneakers,Footwear,2,5000,10000,Amritsar,M,Yellow,Fall,4,Yes,Store Pickup,Yes,Yes,21,Cash,Bi-Weekly
206,67,Male,Shirt,Clothing,3,3200,9600,Jammu,M,Silver,Winter,3,Yes,Standard,Yes,Yes,34,Cash,Weekly
207,24,Male,T-shirt,Clothing,2,2750,5500,Srinagar,L,Silver,Summer,4.2,Yes,Free Shipping,Yes,Yes,18,UPI,Fortnightly
208,62,Male,Gloves,Accessories,3,4550,13650,Shimla,M,Silver,Summer,2.9,Yes,Express,Yes,Yes,22,PhonePe,Bi-Weekly
209,57,Male,Skirt,Clothing,3,1900,5700,Dehradun,M,Gold,Spring,4.1,Yes,Store Pickup,Yes,Yes,16,Google Pay,Monthly
210,55,Male,Sandals,Footwear,3,4850,14550,Agra,S,Olive,Winter,3.2,Yes,Store Pickup,Yes,Yes,25,Paytm,Every 3 Months
211,45,Male,Jacket,Outerwear,3,1100,3300,Varanasi,L,Teal,Fall,3,Yes,2-Day Shipping,Yes,Yes,49,Credit Card,Fortnightly
212,69,Male,Skirt,Clothing,1,4600,4600,Prayagraj,L,Maroon,Fall,4.2,Yes,2-Day Shipping,Yes,Yes,25,Debit Card,Fortnightly
213,67,Male,Handbag,Accessories,5,4200,21000,Gwalior,L,Blue,Fall,4.2,Yes,Express,Yes,Yes,27,Net Banking,Annually
214,30,Male,Handbag,Accessories,3,4650,13950,Jabalpur,L,Peach,Fall,4.4,Yes,Store Pickup,Yes,Yes,8,Amazon Pay,Every 3 Months
215,24,Male,Jacket,Outerwear,2,2500,5000,Raipur,L,Blue,Summer,4.2,Yes,Next Day Air,Yes,Yes,45,EMI,Every 3 Months
216,62,Male,Scarf,Accessories,1,3200,3200,Goa,S,Orange,Spring,2.8,Yes,2-Day Shipping,Yes,Yes,30,Cash,Bi-Weekly
217,43,Male,Shorts,Clothing,3,3050,9150,Udaipur,L,Yellow,Spring,3.7,Yes,Free Shipping,Yes,Yes,50,UPI,Weekly
218,35,Male,Sunglasses,Accessories,3,2400,7200,Jodhpur,M,Purple,Winter,3.5,Yes,Next Day Air,Yes,Yes,30,PhonePe,Annually
219,28,Male,T-shirt,Clothing,3,2250,6750,Rajkot,S,Magenta,Spring,2.9,Yes,Store Pickup,Yes,Yes,4,Google Pay,Quarterly
220,32,Male,Belt,Accessories,3,4400,13200,Vadodara,M,Cyan,Spring,3,Yes,Free Shipping,Yes,Yes,48,Paytm,Fortnightly
221,39,Male,Sneakers,Footwear,2,2850,5700,Siliguri,S,Indigo,Spring,3.7,Yes,Express,Yes,Yes,34,Credit Card,Fortnightly
222,28,Male,Hat,Accessories,3,3400,10200,Guwahati,XL,Magenta,Summer,4.4,Yes,Store Pickup,Yes,Yes,48,Debit Card,Quarterly
223,47,Male,Gloves,Accessories,1,4700,4700,Imphal,XL,Gray,Spring,4.5,Yes,2-Day Shipping,Yes,Yes,39,Net Banking,Fortnightly
224,20,Male,Pants,Clothing,3,2050,6150,Aizawl,M,Turquoise,Spring,4.8,Yes,Free Shipping,Yes,Yes,46,Amazon Pay,Annually
225,63,Male,Socks,Clothing,2,4150,8300,Shillong,S,Beige,Summer,2.9,Yes,Free Shipping,Yes,Yes,9,EMI,Every 3 Months
226,25,Male,Jacket,Outerwear,1,1100,1100,Mumbai,M,Olive,Spring,3.2,Yes,Next Day Air,Yes,Yes,46,Bank Transfer,Annually
227,29,Male,Shoes,Footwear,3,3700,11100,Pune,L,Violet,Spring,3.3,Yes,Free Shipping,Yes,Yes,2,Google Pay,Monthly
228,50,Male,Jeans,Clothing,3,4500,13500,Delhi,M,Turquoise,Winter,4.2,Yes,Standard,Yes,Yes,37,Cash,Fortnightly
229,18,Male,Socks,Clothing,2,3950,7900,Bengaluru,M,White,Spring,2.9,Yes,Store Pickup,Yes,Yes,31,EMI,Annually
230,70,Male,Sandals,Footwear,3,1400,4200,Hyderabad,S,Silver,Spring,4.6,Yes,Next Day Air,Yes,Yes,46,Debit Card,Every 3 Months
231,66,Male,Scarf,Accessories,1,4400,4400,Chennai,L,Olive,Fall,4.1,Yes,Standard,Yes,Yes,2,Paytm,Annually
232,28,Male,Blouse,Clothing,1,1300,1300,Kolkata,M,Blue,Spring,3.1,Yes,2-Day Shipping,Yes,Yes,14,Net Banking,Every 3 Months
233,54,Male,Jewelry,Accessories,3,1350,4050,Ahmedabad,L,Purple,Winter,4.2,Yes,Express,Yes,Yes,6,UPI,Bi-Weekly
234,19,Male,Sweater,Clothing,3,4150,12450,Surat,XL,Yellow,Fall,4.5,Yes,Next Day Air,Yes,Yes,20,Amazon Pay,Every 3 Months
235,20,Male,Gloves,Accessories,3,1950,5850,Jaipur,S,Silver,Summer,3.7,Yes,Next Day Air,Yes,Yes,40,Credit Card,Weekly
236,43,Male,Sunglasses,Accessories,3,4450,13350,Lucknow,M,Cyan,Winter,3.7,Yes,Free Shipping,Yes,Yes,10,PhonePe,Quarterly
237,38,Male,Coat,Outerwear,2,3400,6800,Kanpur,L,Green,Winter,3.4,Yes,Next Day Air,Yes,Yes,25,Google Pay,Fortnightly
238,50,Male,Dress,Clothing,3,4500,13500,Nagpur,M,Beige,Summer,3,Yes,Store Pickup,Yes,Yes,40,Cash,Fortnightly
239,64,Male,Skirt,Clothing,3,1700,5100,Indore,M,Peach,Fall,4.2,Yes,Free Shipping,Yes,Yes,5,EMI,Annually
240,49,Male,Pants,Clothing,3,2550,7650,Bhopal,L,Yellow,Summer,2.9,Yes,Express,Yes,Yes,41,Debit Card,Bi-Weekly
241,47,Male,Sweater,Clothing,1,2250,2250,Patna,XL,Turquoise,Winter,3.5,Yes,Free Shipping,Yes,Yes,32,Paytm,Fortnightly
242,36,Male,Hoodie,Clothing,1,4400,4400,Ranchi,M,Peach,Winter,4.1,Yes,Free Shipping,Yes,Yes,45,Net Banking,Bi-Weekly
243,55,Male,Coat,Outerwear,1,4250,4250,Bhubaneswar,L,Gray,Summer,4.3,Yes,Store Pickup,Yes,Yes,26,UPI,Every 3 Months
244,25,Male,Jewelry,Accessories,2,5000,10000,Visakhapatnam,M,Olive,Winter,2.8,Yes,2-Day Shipping,Yes,Yes,47,Amazon Pay,Monthly
245,53,Male,Belt,Accessories,1,2100,2100,Vijayawada,S,Indigo,Spring,4.9,Yes,2-Day Shipping,Yes,Yes,25,Credit Card,Weekly
246,49,Male,Sandals,Footwear,2,2650,5300,Kochi,L,Charcoal,Summer,3.3,Yes,Next Day Air,Yes,Yes,15,PhonePe,Fortnightly
247,35,Male,Sunglasses,Accessories,2,4300,8600,Thiruvananthapuram,XL,Beige,Spring,3.2,Yes,Express,Yes,Yes,26,Credit Card,Bi-Weekly
248,29,Male,Sweater,Clothing,2,3300,6600,Coimbatore,XL,Brown,Spring,4.4,Yes,Standard,Yes,Yes,11,UPI,Weekly
249,47,Male,Belt,Accessories,3,5000,15000,Madurai,M,Blue,Winter,4.8,Yes,Express,Yes,Yes,25,Paytm,Weekly
250,53,Male,Handbag,Accessories,3,2350,7050,Mysuru,S,Teal,Fall,4.2,Yes,Standard,Yes,Yes,14,Cash,Annually
251,33,Male,Skirt,Clothing,1,1250,1250,Mangaluru,L,Black,Fall,4,Yes,Express,Yes,Yes,28,Amazon Pay,Weekly
252,21,Male,Handbag,Accessories,2,2550,5100,Nashik,XL,Gold,Winter,2.5,Yes,Standard,Yes,Yes,33,PhonePe,Annually
253,32,Male,Shorts,Clothing,1,2050,2050,Aurangabad,M,Violet,Summer,3.9,Yes,Free Shipping,Yes,Yes,16,Net Banking,Fortnightly
254,52,Male,Boots,Footwear,1,3650,3650,Kolhapur,L,Cyan,Winter,4.9,Yes,2-Day Shipping,Yes,Yes,14,EMI,Bi-Weekly
255,67,Male,Sunglasses,Accessories,2,2100,4200,Thane,M,White,Winter,3.5,Yes,Store Pickup,Yes,Yes,8,Google Pay,Bi-Weekly
256,43,Male,Scarf,Accessories,3,1000,3000,Navi Mumbai,M,Charcoal,Spring,4.2,Yes,Free Shipping,Yes,Yes,6,Debit Card,Annually
257,58,Male,Jewelry,Accessories,4,1500,6000,Vasai-Virar,XL,Violet,Spring,4.7,Yes,Express,Yes,Yes,16,UPI,Every 3 Months
258,20,Male,Handbag,Accessories,1,2650,2650,Kalyan-Dombivli,M,Red,Summer,4.5,Yes,Express,Yes,Yes,40,PhonePe,Quarterly
259,61,Male,Gloves,Accessories,1,3700,3700,Noida,S,Lavender,Spring,2.8,Yes,Express,Yes,Yes,14,Google Pay,Quarterly
260,32,Male,Jeans,Clothing,2,2850,5700,Gurugram,M,Gold,Fall,2.9,Yes,Standard,Yes,Yes,34,Paytm,Annually
261,38,Male,Hat,Accessories,3,2850,8550,Faridabad,S,Red,Winter,3.2,Yes,2-Day Shipping,Yes,Yes,26,Credit Card,Every 3 Months
262,21,Male,Jeans,Clothing,2,3850,7700,Ghaziabad,L,Magenta,Winter,4.9,Yes,Standard,Yes,Yes,45,Debit Card,Annually
263,37,Male,Pants,Clothing,2,2000,4000,Chandigarh,M,Teal,Summer,,Yes,Next Day Air,Yes,Yes,14,Cash,Annually
264,27,Male,Shorts,Clothing,3,2300,6900,Ludhiana,M,Purple,Summer,4.3,Yes,Store Pickup,Yes,Yes,12,Net Banking,Monthly
265,36,Male,Pants,Clothing,1,3900,3900,Amritsar,S,Charcoal,Fall,3.9,Yes,Store Pickup,Yes,Yes,20,Amazon Pay,Annually
266,32,Male,Backpack,Accessories,1,2950,2950,Jammu,M,Gray,Spring,3.2,Yes,2-Day Shipping,Yes,Yes,24,EMI,Bi-Weekly
267,51,Male,Jewelry,Accessories,3,3750,11250,Srinagar,L,White,Summer,3.1,Yes,Express,Yes,Yes,29,UPI,Weekly
268,64,Male,Sweater,Clothing,1,2700,2700,Shimla,M,Olive,Spring,3.9,Yes,2-Day Shipping,Yes,Yes,12,PhonePe,Annually
269,68,Male,Shoes,Footwear,2,2100,4200,Dehradun,M,Charcoal,Spring,2.6,Yes,Store Pickup,Yes,Yes,24,Google Pay,Monthly
270,68,Male,Blouse,Clothing,2,2200,4400,Agra,M,Charcoal,Winter,3.3,Yes,Next Day Air,Yes,Yes,46,Paytm,Bi-Weekly
271,33,Male,Jeans,Clothing,2,2600,5200,Varanasi,XL,Orange,Fall,4.6,Yes,Free Shipping,Yes,Yes,15,Credit Card,Annually
272,65,Male,Sunglasses,Accessories,1,3450,3450,Prayagraj,XL,Yellow,Summer,4.6,Yes,Express,Yes,Yes,44,Debit Card,Fortnightly
273,48,Male,Jewelry,Accessories,2,1300,2600,Gwalior,M,Beige,Summer,4.4,Yes,2-Day Shipping,Yes,Yes,40,Cash,Bi-Weekly
274,69,Male,Coat,Outerwear,2,1650,3300,Jabalpur,S,Silver,Spring,4.2,Yes,Express,Yes,Yes,10,Net Banking,Quarterly
275,59,Male,Jewelry,Accessories,1,1600,1600,Raipur,M,Indigo,Spring,3,Yes,Express,Yes,Yes,32,Amazon Pay,Bi-Weekly
276,48,Male,Backpack,Accessories,2,4250,8500,Goa,XL,Lavender,Winter,4,Yes,Express,Yes,Yes,27,EMI,Weekly
277,25,Male,Skirt,Clothing,2,1500,3000,Udaipur,XL,Turquoise,Fall,3.5,Yes,Express,Yes,Yes,44,Cash,Fortnightly
278,29,Male,Shirt,Clothing,3,1450,4350,Jodhpur,M,Green,Winter,3,Yes,Store Pickup,Yes,Yes,13,Debit Card,Bi-Weekly
279,57,Male,Sweater,Clothing,2,4750,9500,Rajkot,M,Orange,Spring,3.7,Yes,Express,Yes,Yes,46,Debit Card,Annually
280,23,Male,Sneakers,Footwear,1,3450,3450,Vadodara,L,Turquoise,Summer,4,Yes,Standard,Yes,Yes,38,Credit Card,Monthly
281,45,Male,Sandals,Footwear,1,3450,3450,Siliguri,S,Cyan,Fall,4.2,Yes,2-Day Shipping,Yes,Yes,44,Debit Card,Bi-Weekly
282,38,Male,Belt,Accessories,3,3050,9150,Guwahati,XL,Charcoal,Spring,2.5,Yes,Standard,Yes,Yes,5,Paytm,Bi-Weekly
283,21,Male,Skirt,Clothing,1,4700,4700,Imphal,M,Teal,Summer,3,Yes,2-Day Shipping,Yes,Yes,10,Credit Card,Monthly
284,32,Male,Sweater,Clothing,2,1500,3000,Aizawl,S,Maroon,Fall,3.2,Yes,Next Day Air,Yes,Yes,26,Debit Card,Annually
285,63,Male,Skirt,Clothing,3,2250,6750,Shillong,M,Red,Summer,3.5,Yes,Standard,Yes,Yes,36,Cash on Delivery,Quarterly
286,29,Male,Handbag,Accessories,1,1950,1950,Patna,XL,Yellow,Summer,4.8,Yes,Express,Yes,Yes,32,Net Banking,Bi-Weekly
287,27,Male,Jewelry,Accessories,2,2550,5100,Ranchi,L,Gray,Summer,2.6,Yes,Store Pickup,Yes,Yes,35,Amazon Pay,Annually
288,56,Male,Scarf,Accessories,1,1850,1850,Bhubaneswar,L,Blue,Spring,3.4,Yes,2-Day Shipping,Yes,Yes,25,EMI,Fortnightly
289,30,Male,T-shirt,Clothing,2,3100,6200,Visakhapatnam,M,Lavender,Winter,3.7,Yes,2-Day Shipping,Yes,Yes,4,UPI,Bi-Weekly
290,49,Male,Coat,Outerwear,3,4250,12750,Vijayawada,M,Yellow,Fall,4.5,Yes,2-Day Shipping,Yes,Yes,16,PhonePe,Monthly
291,58,Male,T-shirt,Clothing,3,1650,4950,Kochi,M,Indigo,Winter,3.7,Yes,Standard,Yes,Yes,2,Google Pay,Weekly
292,57,Male,Dress,Clothing,2,1300,2600,Thiruvananthapuram,XL,Violet,Fall,3.3,Yes,Next Day Air,Yes,Yes,9,Paytm,Monthly
293,60,Male,Shoes,Footwear,2,4950,9900,Coimbatore,M,Green,Spring,4.7,Yes,Free Shipping,Yes,Yes,48,Credit Card,Quarterly
294,69,Male,Handbag,Accessories,2,1950,3900,Madurai,M,White,Spring,2.7,Yes,Express,Yes,Yes,32,Debit Card,Annually
295,70,Male,Skirt,Clothing,2,1000,2000,Mysuru,M,Gold,Spring,4.6,Yes,Store Pickup,Yes,Yes,37,Cash,Every 3 Months
296,53,Male,Sunglasses,Accessories,1,2100,2100,Mangaluru,M,Indigo,Winter,2.7,Yes,Store Pickup,Yes,Yes,20,UPI,Quarterly
297,25,Male,Sandals,Footwear,1,3700,3700,Nashik,S,Lavender,Spring,4.8,Yes,2-Day Shipping,Yes,Yes,35,PhonePe,Weekly
298,48,Male,Shoes,Footwear,1,1300,1300,Aurangabad,XL,Purple,Summer,4.4,Yes,Standard,Yes,Yes,46,Google Pay,Bi-Weekly
299,69,Male,T-shirt,Clothing,3,2650,7950,Kolhapur,M,Lavender,Winter,4,Yes,Standard,Yes,Yes,3,Paytm,Every 3 Months
300,25,Male,Sneakers,Footwear,2,4000,8000,Thane,M,Maroon,Summer,3.2,Yes,Next Day Air,Yes,Yes,13,Credit Card,Fortnightly
301,29,Male,Hat,Accessories,1,4900,4900,Navi Mumbai,M,Teal,Spring,4.4,Yes,Store Pickup,Yes,Yes,37,Debit Card,Weekly
302,46,Male,Skirt,Clothing,5,4750,23750,Vasai-Virar,M,Green,Spring,3.8,Yes,Standard,Yes,Yes,24,Net Banking,Every 3 Months
303,37,Male,Sweater,Clothing,3,2200,6600,Kalyan-Dombivli,L,Olive,Summer,3.6,Yes,Express,Yes,Yes,43,Amazon Pay,Every 3 Months
304,20,Male,Sandals,Footwear,1,3000,3000,Noida,M,Turquoise,Summer,3.3,Yes,Next Day Air,Yes,Yes,24,EMI,Weekly
305,40,Male,Dress,Clothing,1,4200,4200,Gurugram,M,Green,Winter,3.4,Yes,Next Day Air,Yes,Yes,9,Cash,Bi-Weekly
306,60,Male,Sweater,Clothing,3,2950,8850,Faridabad,M,Teal,Fall,3.5,Yes,2-Day Shipping,Yes,Yes,45,Debit Card,Annually
307,26,Male,Jacket,Outerwear,2,2450,4900,Ghaziabad,S,White,Summer,3.6,Yes,Express,Yes,Yes,30,Debit Card,Annually
308,29,Male,Gloves,Accessories,3,1600,4800,Chandigarh,M,Orange,Winter,3.2,Yes,Free Shipping,Yes,Yes,12,Credit Card,Every 3 Months
309,66,Male,Handbag,Accessories,1,1450,1450,Ludhiana,M,Beige,Fall,3.7,Yes,Standard,Yes,Yes,12,Credit Card,Bi-Weekly
310,66,Male,Dress,Clothing,3,1100,3300,Amritsar,M,Yellow,Spring,4.5,Yes,Standard,Yes,Yes,26,Credit Card,Fortnightly
311,56,Male,Pants,Clothing,2,4250,8500,Jammu,M,Charcoal,Winter,4.6,Yes,Standard,Yes,Yes,3,Debit Card,Fortnightly
312,69,Male,Jeans,Clothing,2,2600,5200,Srinagar,L,Silver,Winter,4.1,Yes,Store Pickup,Yes,Yes,26,Credit Card,Monthly
313,38,Male,Pants,Clothing,1,4450,4450,Shimla,L,Green,Spring,3.4,Yes,Next Day Air,Yes,Yes,23,Credit Card,Annually
314,42,Male,Dress,Clothing,1,3850,3850,Dehradun,M,Pink,Spring,3.7,Yes,Express,Yes,Yes,32,Debit Card,Every 3 Months
315,30,Male,Pants,Clothing,1,1200,1200,Agra,M,Purple,Summer,3.3,Yes,Store Pickup,Yes,Yes,10,Cash,Every 3 Months
316,66,Male,Jewelry,Accessories,1,1200,1200,Varanasi,XL,Orange,Spring,4.5,Yes,Express,Yes,Yes,3,UPI,Annually
317,36,Male,Handbag,Accessories,3,1100,3300,Prayagraj,M,Charcoal,Fall,3.3,Yes,Free Shipping,Yes,Yes,48,PhonePe,Monthly
318,58,Male,Sweater,Clothing,1,4100,4100,Gwalior,L,Teal,Fall,4.3,Yes,Standard,Yes,Yes,16,Google Pay,Every 3 Months
319,45,Male,Backpack,Accessories,1,3350,3350,Jabalpur,M,Beige,Winter,2.5,Yes,Standard,Yes,Yes,50,Paytm,Annually
320,47,Male,Shorts,Clothing,1,3700,3700,Raipur,XL,White,Spring,2.6,Yes,Standard,Yes,Yes,25,Credit Card,Every 3 Months
321,66,Male,Jewelry,Accessories,2,3600,7200,Goa,L,White,Summer,4.9,Yes,Standard,Yes,Yes,49,Debit Card,Quarterly
322,41,Male,Sneakers,Footwear,2,1800,3600,Udaipur,L,Orange,Summer,4.7,Yes,Free Shipping,Yes,Yes,14,Net Banking,Quarterly
323,41,Male,Belt,Accessories,2,4750,9500,Jodhpur,S,Cyan,Winter,3,Yes,Standard,Yes,Yes,31,Amazon Pay,Monthly
324,66,Male,Hoodie,Clothing,2,3900,7800,Rajkot,M,Orange,Winter,3.5,Yes,Next Day Air,Yes,Yes,18,EMI,Bi-Weekly
325,37,Male,Shirt,Clothing,2,4100,8200,Vadodara,M,Olive,Summer,4.8,Yes,Standard,Yes,Yes,17,Cash,Quarterly
326,70,Male,Pants,Clothing,1,3500,3500,Siliguri,M,Charcoal,Winter,4.3,Yes,Free Shipping,Yes,Yes,2,Cash,Annually
327,62,Male,Scarf,Accessories,3,2050,6150,Guwahati,M,White,Fall,3.2,Yes,Store Pickup,Yes,Yes,44,Debit Card,Weekly
328,61,Male,Coat,Outerwear,2,2100,4200,Imphal,M,Teal,Summer,3.1,Yes,Free Shipping,Yes,Yes,3,Cash,Weekly
329,48,Male,Coat,Outerwear,2,2500,5000,Aizawl,M,Yellow,Fall,2.8,Yes,Free Shipping,Yes,Yes,29,UPI,Weekly
330,70,Male,Socks,Clothing,3,1550,4650,Shillong,S,White,Summer,2.9,Yes,2-Day Shipping,Yes,Yes,19,PhonePe,Monthly
331,46,Male,Sweater,Clothing,2,2550,5100,Mumbai,M,Beige,Winter,,Yes,Express,Yes,Yes,27,Google Pay,Bi-Weekly
332,31,Male,Shirt,Clothing,2,4900,9800,Pune,L,Beige,Fall,3.3,Yes,Store Pickup,Yes,Yes,15,Paytm,Quarterly
333,19,Male,Shirt,Clothing,2,4300,8600,Delhi,M,Maroon,Winter,2.8,Yes,2-Day Shipping,Yes,Yes,7,Credit Card,Monthly
334,39,Male,Sweater,Clothing,1,3200,3200,Bengaluru,M,Teal,Winter,4.5,Yes,Standard,Yes,Yes,47,Debit Card,Bi-Weekly
335,41,Male,Blouse,Clothing,4,2300,9200,Hyderabad,M,Lavender,Fall,2.6,Yes,Next Day Air,Yes,Yes,35,Net Banking,Annually
336,20,Male,Sweater,Clothing,2,4250,8500,Chennai,L,Maroon,Spring,3.7,Yes,Standard,Yes,Yes,47,Amazon Pay,Every 3 Months
337,36,Male,Hat,Accessories,1,4050,4050,Kolkata,S,Orange,Fall,4.4,Yes,Express,Yes,Yes,38,EMI,Annually
338,32,Male,Sweater,Clothing,2,2950,5900,Ahmedabad,M,Cyan,Winter,4.3,Yes,2-Day Shipping,Yes,Yes,7,Credit Card,Annually
339,69,Male,Hoodie,Clothing,1,3950,3950,Surat,M,Silver,Winter,3.5,Yes,Express,Yes,Yes,21,Credit Card,Weekly
340,40,Male,Shorts,Clothing,3,1650,4950,Jaipur,M,Teal,Spring,3.8,Yes,2-Day Shipping,Yes,Yes,39,Bank Transfer,Every 3 Months
341,40,Male,Shorts,Clothing,1,2350,2350,Lucknow,L,Blue,Summer,3.5,Yes,Express,Yes,Yes,20,Bank Transfer,Every 3 Months
342,20,Male,Hat,Accessories,2,1000,2000,Kanpur,S,Blue,Summer,4.6,Yes,Store Pickup,Yes,Yes,31,Debit Card,Bi-Weekly
343,64,Male,Coat,Outerwear,3,1800,5400,Nagpur,M,Olive,Spring,2.6,Yes,Next Day Air,Yes,Yes,29,Cash,Every 3 Months
344,27,Male,Sandals,Footwear,3,1950,5850,Indore,M,Purple,Summer,4.4,Yes,Next Day Air,Yes,Yes,44,Debit Card,Monthly
345,24,Male,Skirt,Clothing,3,3550,10650,Bhopal,M,Charcoal,Winter,4,Yes,Standard,Yes,Yes,47,Credit Card,Monthly
346,48,Male,Shoes,Footwear,1,2950,2950,Patna,S,Olive,Winter,4.4,Yes,Next Day Air,Yes,Yes,18,Cash,Annually
347,49,Male,Jeans,Clothing,3,2500,7500,Ranchi,L,Violet,Spring,4.7,Yes,Next Day Air,Yes,Yes,37,Credit Card,Weekly
348,36,Male,Sandals,Footwear,2,2050,4100,Bhubaneswar,L,Red,Fall,3.9,Yes,Store Pickup,Yes,Yes,1,Credit Card,Fortnightly
349,56,Male,Blouse,Clothing,2,2950,5900,Visakhapatnam,M,Beige,Fall,2.7,Yes,Free Shipping,Yes,Yes,46,Cash,Fortnightly
350,37,Male,Hat,Accessories,1,4350,4350,Vijayawada,M,Green,Winter,3.7,Yes,2-Day Shipping,Yes,Yes,15,UPI,Bi-Weekly
351,42,Male,Sweater,Clothing,1,3400,3400,Kochi,M,Violet,Spring,2.6,Yes,2-Day Shipping,Yes,Yes,29,PhonePe,Fortnightly
352,28,Male,Skirt,Clothing,3,4500,13500,Thiruvananthapuram,M,Teal,Winter,3.9,Yes,Standard,Yes,Yes,35,Google Pay,Bi-Weekly
353,27,Male,Jeans,Clothing,3,3550,10650,Coimbatore,XL,Yellow,Fall,4.9,Yes,Next Day Air,Yes,Yes,21,Paytm,Every 3 Months
354,63,Male,Sneakers,Footwear,1,3200,3200,Madurai,L,Yellow,Fall,4.1,Yes,Store Pickup,Yes,Yes,48,Credit Card,Monthly
355,58,Male,Jewelry,Accessories,3,3800,11400,Mysuru,S,Olive,Fall,3,Yes,Free Shipping,Yes,Yes,21,Debit Card,Weekly
356,37,Male,Jewelry,Accessories,3,2100,6300,Mangaluru,XL,Magenta,Fall,4.1,Yes,2-Day Shipping,Yes,Yes,25,Net Banking,Every 3 Months
357,56,Male,Pants,Clothing,1,4000,4000,Nashik,L,Black,Spring,,Yes,Standard,Yes,Yes,46,Amazon Pay,Weekly
358,18,Male,Belt,Accessories,2,2800,5600,Aurangabad,M,Olive,Spring,4,Yes,Standard,Yes,Yes,44,EMI,Bi-Weekly
359,48,Male,Hat,Accessories,2,1250,2500,Kolhapur,XL,Magenta,Summer,3.6,Yes,Express,Yes,Yes,46,Credit Card,Every 3 Months
360,31,Male,Sneakers,Footwear,1,3700,3700,Thane,M,Olive,Winter,3,Yes,Store Pickup,Yes,Yes,19,Cash,Every 3 Months
361,51,Male,Pants,Clothing,3,1500,4500,Navi Mumbai,M,Teal,Summer,3,Yes,Standard,Yes,Yes,26,UPI,Fortnightly
362,65,Male,T-shirt,Clothing,3,4800,14400,Vasai-Virar,M,White,Spring,2.6,Yes,Free Shipping,Yes,Yes,30,PhonePe,Annually
363,53,Male,Sneakers,Footwear,3,3200,9600,Kalyan-Dombivli,M,Charcoal,Fall,3.4,Yes,Free Shipping,Yes,Yes,16,Google Pay,Fortnightly
364,55,Male,Shorts,Clothing,3,4400,13200,Noida,L,Yellow,Winter,3.1,Yes,Free Shipping,Yes,Yes,44,Paytm,Fortnightly
365,62,Male,Shoes,Footwear,1,4400,4400,Gurugram,L,Charcoal,Summer,3,Yes,Free Shipping,Yes,Yes,21,Credit Card,Every 3 Months
366,55,Male,Gloves,Accessories,3,4400,13200,Faridabad,XL,Gray,Summer,3.7,Yes,Standard,Yes,Yes,36,Debit Card,Quarterly
367,64,Male,Socks,Clothing,2,1800,3600,Ghaziabad,M,Turquoise,Spring,3.5,Yes,Store Pickup,Yes,Yes,28,Net Banking,Fortnightly
368,52,Male,Dress,Clothing,2,2000,4000,Chandigarh,XL,Cyan,Spring,2.8,Yes,Store Pickup,Yes,Yes,41,Amazon Pay,Monthly
369,24,Male,Handbag,Accessories,5,1950,9750,Ludhiana,M,Charcoal,Spring,4.5,Yes,Standard,Yes,Yes,46,EMI,Monthly
370,38,Male,Belt,Accessories,3,2000,6000,Amritsar,M,Silver,Summer,3.3,Yes,Store Pickup,Yes,Yes,27,Cash,Quarterly
371,59,Male,Scarf,Accessories,3,1700,5100,Jammu,M,Olive,Winter,3.4,Yes,Express,Yes,Yes,16,UPI,Weekly
372,27,Male,Sneakers,Footwear,2,4150,8300,Srinagar,S,Pink,Winter,3.2,Yes,2-Day Shipping,Yes,Yes,11,PhonePe,Monthly
373,24,Male,Sweater,Clothing,1,4250,4250,Shimla,L,Orange,Summer,3.7,Yes,Standard,Yes,Yes,40,Google Pay,Weekly
374,23,Male,Coat,Outerwear,1,1350,1350,Dehradun,L,White,Summer,4.6,Yes,Express,Yes,Yes,45,Paytm,Bi-Weekly
375,69,Male,Jewelry,Accessories,1,3900,3900,Agra,S,Purple,Spring,5,Yes,Store Pickup,Yes,Yes,17,Credit Card,Monthly
376,59,Male,Sunglasses,Accessories,3,1600,4800,Varanasi,M,Olive,Summer,4.4,Yes,Standard,Yes,Yes,36,Debit Card,Quarterly
377,51,Male,Shoes,Footwear,2,2550,5100,Prayagraj,S,Gray,Fall,4.9,Yes,Express,Yes,Yes,25,Net Banking,Bi-Weekly
378,63,Male,Scarf,Accessories,2,1600,3200,Gwalior,M,Silver,Spring,4.1,Yes,Standard,Yes,Yes,19,Amazon Pay,Every 3 Months
379,54,Male,Dress,Clothing,1,3100,3100,Jabalpur,L,Orange,Winter,4.9,Yes,Next Day Air,Yes,Yes,40,EMI,Monthly
380,32,Male,T-shirt,Clothing,2,1450,2900,Raipur,S,Magenta,Fall,4.7,Yes,2-Day Shipping,Yes,Yes,12,Cash,Bi-Weekly
381,39,Male,Backpack,Accessories,1,3450,3450,Goa,XL,Beige,Fall,3,Yes,Store Pickup,Yes,Yes,26,Cash,Weekly
382,66,Male,Jewelry,Accessories,1,1250,1250,Udaipur,L,Lavender,Winter,3.4,Yes,Store Pickup,Yes,Yes,48,UPI,Every 3 Months
383,28,Male,Jeans,Clothing,1,3800,3800,Jodhpur,M,Peach,Winter,3.2,Yes,Store Pickup,Yes,Yes,13,PhonePe,Quarterly
384,50,Male,Sunglasses,Accessories,2,3850,7700,Rajkot,S,Magenta,Fall,,Yes,Standard,Yes,Yes,29,Google Pay,Quarterly
385,70,Male,Sweater,Clothing,1,1650,1650,Vadodara,M,Beige,Fall,4.5,Yes,2-Day Shipping,Yes,Yes,32,Paytm,Annually
386,67,Male,Shorts,Clothing,1,4650,4650,Siliguri,S,Yellow,Fall,2.7,Yes,Next Day Air,Yes,Yes,34,Credit Card,Bi-Weekly
387,64,Male,Jewelry,Accessories,2,1950,3900,Guwahati,L,Brown,Spring,3.4,Yes,Express,Yes,Yes,20,Debit Card,Quarterly
388,45,Male,Coat,Outerwear,2,4650,9300,Imphal,L,Silver,Summer,4.6,Yes,Store Pickup,Yes,Yes,33,Net Banking,Fortnightly
389,22,Male,Handbag,Accessories,1,4100,4100,Aizawl,M,Orange,Summer,2.7,Yes,Store Pickup,Yes,Yes,31,Amazon Pay,Quarterly
390,27,Male,Boots,Footwear,2,2100,4200,Shillong,L,Purple,Spring,4.2,Yes,Standard,Yes,Yes,9,EMI,Monthly
391,25,Male,Gloves,Accessories,2,3550,7100,Mumbai,M,Indigo,Winter,3.2,Yes,2-Day Shipping,Yes,Yes,1,Cash,Annually
392,37,Male,Sweater,Clothing,3,4300,12900,Pune,L,Gray,Spring,4.8,Yes,Standard,Yes,Yes,48,Cash,Fortnightly
393,26,Male,T-shirt,Clothing,2,4100,8200,Delhi,XL,Black,Spring,3.3,Yes,Next Day Air,Yes,Yes,10,UPI,Annually
394,33,Male,Shoes,Footwear,1,3250,3250,Bengaluru,L,Maroon,Fall,4.2,Yes,Standard,Yes,Yes,35,PhonePe,Fortnightly
395,43,Male,Scarf,Accessories,3,1450,4350,Hyderabad,M,Beige,Spring,4.8,Yes,Store Pickup,Yes,Yes,45,Google Pay,Bi-Weekly
396,37,Male,Sneakers,Footwear,3,3250,9750,Chennai,L,Brown,Winter,4.9,Yes,Store Pickup,Yes,Yes,40,Paytm,Annually
397,46,Male,Dress,Clothing,3,4400,13200,Kolkata,S,Black,Fall,3.9,Yes,Standard,Yes,Yes,7,Credit Card,Annually
398,22,Male,Belt,Accessories,1,2300,2300,Ahmedabad,M,Indigo,Fall,3,Yes,Free Shipping,Yes,Yes,9,Debit Card,Annually
399,20,Male,Boots,Footwear,2,3350,6700,Surat,S,Silver,Winter,4.6,Yes,Free Shipping,Yes,Yes,30,Net Banking,Every 3 Months
400,60,Male,Scarf,Accessories,1,1750,1750,Jaipur,L,Blue,Fall,3.5,Yes,2-Day Shipping,Yes,Yes,19,Amazon Pay,Monthly
401,39,Male,Boots,Footwear,3,3300,9900,Lucknow,M,Green,Winter,4.8,Yes,Free Shipping,Yes,Yes,34,EMI,Fortnightly
402,43,Male,T-shirt,Clothing,2,4550,9100,Kanpur,L,Orange,Fall,4.8,Yes,Standard,Yes,Yes,26,Debit Card,Quarterly
403,31,Male,Backpack,Accessories,1,3900,3900,Nagpur,L,Cyan,Fall,3,Yes,Express,Yes,Yes,14,Google Pay,Monthly
404,19,Male,Sneakers,Footwear,1,2250,2250,Indore,M,Orange,Winter,4.5,Yes,Next Day Air,Yes,Yes,48,Bank Transfer,Annually
405,35,Male,T-shirt,Clothing,4,4650,18600,Bhopal,M,Indigo,Spring,4.8,Yes,Store Pickup,Yes,Yes,4,Debit Card,Monthly
406,41,Male,Jeans,Clothing,1,3700,3700,Patna,S,Silver,Summer,3.8,Yes,Standard,Yes,Yes,14,Cash,Annually
407,52,Male,Gloves,Accessories,2,2750,5500,Ranchi,M,Peach,Spring,4.6,Yes,Express,Yes,Yes,39,UPI,Monthly
408,45,Male,Hoodie,Clothing,2,3800,7600,Bhubaneswar,XL,Teal,Spring,3.1,Yes,Next Day Air,Yes,Yes,3,PhonePe,Bi-Weekly
409,34,Male,Sneakers,Footwear,1,3300,3300,Visakhapatnam,L,White,Spring,3.4,Yes,Express,Yes,Yes,19,Google Pay,Fortnightly
410,35,Male,Shorts,Clothing,3,2550,7650,Vijayawada,M,Brown,Winter,3.3,Yes,2-Day Shipping,Yes,Yes,43,Paytm,Monthly
411,29,Male,Sweater,Clothing,1,1300,1300,Kochi,L,Lavender,Spring,4.8,Yes,2-Day Shipping,Yes,Yes,7,Credit Card,Quarterly
412,59,Male,Jeans,Clothing,3,1450,4350,Thiruvananthapuram,M,Indigo,Summer,2.8,Yes,Express,Yes,Yes,27,Debit Card,Annually
413,24,Male,Jacket,Outerwear,1,3700,3700,Coimbatore,M,Yellow,Summer,3.1,Yes,Store Pickup,Yes,Yes,13,Net Banking,Weekly
414,70,Male,Jewelry,Accessories,2,4950,9900,Madurai,S,White,Summer,4.6,Yes,Free Shipping,Yes,Yes,40,Amazon Pay,Monthly
415,29,Male,Backpack,Accessories,2,4400,8800,Mysuru,L,Violet,Winter,2.6,Yes,Store Pickup,Yes,Yes,1,EMI,Weekly
416,67,Male,Coat,Outerwear,2,1550,3100,Mangaluru,M,Lavender,Winter,2.6,Yes,Express,Yes,Yes,48,Bank Transfer,Monthly
417,36,Male,Belt,Accessories,1,2750,2750,Nashik,L,Olive,Spring,3.8,Yes,Free Shipping,Yes,Yes,49,Cash,Fortnightly
418,23,Male,Sandals,Footwear,1,4050,4050,Aurangabad,L,Beige,Fall,4.5,Yes,Free Shipping,Yes,Yes,21,UPI,Quarterly
419,18,Male,Sweater,Clothing,3,3650,10950,Kolhapur,L,Purple,Spring,3,Yes,Standard,Yes,Yes,34,PhonePe,Bi-Weekly
420,53,Male,Shorts,Clothing,1,4550,4550,Thane,S,Teal,Winter,,Yes,Free Shipping,Yes,Yes,42,Google Pay,Every 3 Months
421,32,Male,Socks,Clothing,2,2700,5400,Navi Mumbai,S,Peach,Spring,3.8,Yes,Free Shipping,Yes,Yes,42,Paytm,Bi-Weekly
422,38,Male,Shirt,Clothing,1,2000,2000,Vasai-Virar,M,Violet,Winter,3.5,Yes,Standard,Yes,Yes,31,Credit Card,Bi-Weekly
423,47,Male,Pants,Clothing,2,2950,5900,Kalyan-Dombivli,M,Purple,Fall,3.1,Yes,Store Pickup,Yes,Yes,26,Debit Card,Annually
424,46,Male,Scarf,Accessories,1,1300,1300,Noida,L,Teal,Spring,3,Yes,Store Pickup,Yes,Yes,12,Net Banking,Bi-Weekly
425,66,Male,Sweater,Clothing,1,1150,1150,Gurugram,M,Gold,Winter,4.3,Yes,Standard,Yes,Yes,36,Amazon Pay,Fortnightly
426,40,Male,Jeans,Clothing,2,4350,8700,Faridabad,S,Teal,Winter,3.3,Yes,Store Pickup,Yes,Yes,37,EMI,Quarterly
427,43,Male,Pants,Clothing,3,3550,10650,Ghaziabad,M,Violet,Winter,4.7,Yes,Express,Yes,Yes,36,EMI,Quarterly
428,58,Male,Backpack,Accessories,2,4550,9100,Chandigarh,L,Black,Winter,4.5,Yes,Store Pickup,Yes,Yes,2,Credit Card,Quarterly
429,21,Male,Coat,Outerwear,1,3200,3200,Ludhiana,XL,Gold,Winter,2.9,Yes,Free Shipping,Yes,Yes,9,Credit Card,Fortnightly
430,42,Male,Sandals,Footwear,2,4700,9400,Amritsar,M,Gold,Winter,4.1,Yes,2-Day Shipping,Yes,Yes,8,Cash,Fortnightly
431,24,Male,Shirt,Clothing,3,2000,6000,Jammu,M,Brown,Summer,3.5,Yes,Store Pickup,Yes,Yes,27,Cash,Annually
432,43,Male,Hat,Accessories,2,3800,7600,Srinagar,L,Cyan,Winter,3.4,Yes,Store Pickup,Yes,Yes,1,UPI,Fortnightly
433,47,Male,Shirt,Clothing,1,4300,4300,Shimla,S,Indigo,Fall,3.3,Yes,Free Shipping,Yes,Yes,50,PhonePe,Weekly
434,49,Male,Skirt,Clothing,2,4600,9200,Dehradun,M,Orange,Fall,3.2,Yes,Store Pickup,Yes,Yes,42,Google Pay,Fortnightly
435,50,Male,Shoes,Footwear,1,2600,2600,Agra,L,Pink,Spring,4,Yes,Store Pickup,Yes,Yes,35,Paytm,Every 3 Months
436,51,Male,Coat,Outerwear,1,1400,1400,Varanasi,XL,Olive,Winter,3.6,Yes,Next Day Air,Yes,Yes,5,Credit Card,Monthly
437,40,Male,Pants,Clothing,2,2300,4600,Prayagraj,L,Cyan,Summer,4.6,Yes,Free Shipping,Yes,Yes,29,Debit Card,Weekly
438,45,Male,Jewelry,Accessories,2,2500,5000,Gwalior,M,Peach,Summer,2.6,Yes,Next Day Air,Yes,Yes,41,Net Banking,Annually
439,52,Male,Belt,Accessories,1,1150,1150,Jabalpur,M,Turquoise,Winter,4.3,Yes,Express,Yes,Yes,48,Amazon Pay,Fortnightly
440,62,Male,Jacket,Outerwear,3,2500,7500,Raipur,M,Turquoise,Summer,3.4,Yes,Free Shipping,Yes,Yes,2,EMI,Monthly
441,20,Male,Shirt,Clothing,1,4450,4450,Goa,XL,Maroon,Winter,3.5,Yes,Store Pickup,Yes,Yes,21,Cash,Fortnightly
442,43,Male,Hoodie,Clothing,3,4050,12150,Udaipur,M,Maroon,Winter,4.2,Yes,Standard,Yes,Yes,36,Bank Transfer,Annually
443,29,Male,Sunglasses,Accessories,2,3450,6900,Jodhpur,M,Olive,Fall,,Yes,Store Pickup,Yes,Yes,50,Debit Card,Quarterly
444,22,Male,Sunglasses,Accessories,2,3350,6700,Rajkot,M,Magenta,Summer,3.6,Yes,Free Shipping,Yes,Yes,19,Bank Transfer,Annually
445,48,Male,Dress,Clothing,3,1000,3000,Vadodara,M,Red,Summer,4.3,Yes,Store Pickup,Yes,Yes,31,Bank Transfer,Annually
446,42,Male,Boots,Footwear,2,1450,2900,Siliguri,M,Olive,Fall,4.9,Yes,Standard,Yes,Yes,23,Credit Card,Annually
447,19,Male,Shirt,Clothing,5,3700,18500,Guwahati,M,Silver,Summer,4.1,Yes,Store Pickup,Yes,Yes,24,Cash,Monthly
448,60,Male,Shorts,Clothing,3,4100,12300,Imphal,S,Turquoise,Spring,3.6,Yes,Standard,Yes,Yes,16,UPI,Every 3 Months
449,32,Male,Gloves,Accessories,1,1150,1150,Aizawl,M,Yellow,Summer,3.4,Yes,Next Day Air,Yes,Yes,37,PhonePe,Fortnightly
450,26,Male,Jewelry,Accessories,3,2250,6750,Shillong,L,Peach,Summer,2.9,Yes,2-Day Shipping,Yes,Yes,9,Google Pay,Monthly
451,25,Male,Boots,Footwear,3,1050,3150,Nagpur,L,Beige,Summer,2.7,Yes,Store Pickup,Yes,Yes,11,Paytm,Monthly
452,66,Male,Jewelry,Accessories,1,1550,1550,Delhi,M,Pink,Summer,4.3,Yes,Express,Yes,Yes,11,Credit Card,Fortnightly
453,45,Male,Pants,Clothing,2,2250,4500,Kochi,M,Violet,Summer,,Yes,Express,Yes,Yes,25,Debit Card,Fortnightly
454,54,Male,Jewelry,Accessories,1,2800,2800,Surat,XL,Peach,Winter,2.8,Yes,Next Day Air,Yes,Yes,49,Net Banking,Weekly
455,37,Male,Jacket,Outerwear,3,4850,14550,Bhopal,S,Gold,Summer,3.2,Yes,Next Day Air,Yes,Yes,3,Amazon Pay,Bi-Weekly
456,54,Male,Blouse,Clothing,1,5000,5000,Mumbai,XL,Gold,Fall,3.6,Yes,Store Pickup,Yes,Yes,27,Amazon Pay,Fortnightly
457,50,Male,Blouse,Clothing,3,4800,14400,Noida,S,Indigo,Fall,4,Yes,2-Day Shipping,Yes,Yes,43,Amazon Pay,Quarterly
458,25,Male,Gloves,Accessories,1,4950,4950,Rajkot,M,Blue,Spring,4.9,Yes,Next Day Air,Yes,Yes,28,Amazon Pay,Every 3 Months
459,47,Male,Shorts,Clothing,2,4550,9100,Hyderabad,L,Black,Winter,4,Yes,2-Day Shipping,Yes,Yes,4,Amazon Pay,Monthly
460,63,Male,Hat,Accessories,3,1500,4500,Kolhapur,L,Black,Winter,3.8,Yes,Standard,Yes,Yes,7,Bank Transfer,Fortnightly
461,64,Male,Shoes,Footwear,3,3250,9750,Lucknow,L,Teal,Summer,,Yes,Store Pickup,Yes,Yes,1,Cash,Weekly
462,18,Male,Boots,Footwear,2,4650,9300,Vijayawada,M,Yellow,Winter,3.9,Yes,Express,Yes,Yes,19,Cash,Weekly
463,59,Male,Jacket,Outerwear,3,4050,12150,Pune,M,White,Fall,3.3,Yes,Express,Yes,Yes,19,UPI,Every 3 Months
464,37,Male,Jewelry,Accessories,2,4050,8100,Amritsar,S,Orange,Summer,2.7,Yes,Standard,Yes,Yes,28,PhonePe,Weekly
465,23,Male,Sunglasses,Accessories,2,2600,5200,Mysuru,M,Silver,Winter,4.7,Yes,Next Day Air,Yes,Yes,38,Google Pay,Monthly
466,54,Male,Skirt,Clothing,3,4400,13200,Ghaziabad,M,Pink,Summer,2.8,Yes,Next Day Air,Yes,Yes,42,Paytm,Quarterly
467,38,Male,Jeans,Clothing,3,1200,3600,Chennai,L,Turquoise,Winter,4.6,Yes,Free Shipping,Yes,Yes,39,Credit Card,Weekly
468,19,Male,Backpack,Accessories,1,2550,2550,Raipur,S,Orange,Spring,4.5,Yes,2-Day Shipping,Yes,Yes,5,Debit Card,Every 3 Months
469,34,Male,Backpack,Accessories,2,1900,3800,Guwahati,S,Peach,Fall,5,Yes,Free Shipping,Yes,Yes,6,Net Banking,Quarterly
470,21,Male,Shorts,Clothing,1,2300,2300,Navi Mumbai,L,Pink,Fall,4.1,Yes,2-Day Shipping,Yes,Yes,45,Amazon Pay,Bi-Weekly
471,50,Male,Dress,Clothing,3,3150,9450,Ahmedabad,L,Teal,Summer,4.6,Yes,Express,Yes,Yes,45,EMI,Every 3 Months
472,55,Male,Scarf,Accessories,1,3600,3600,Patna,XL,White,Winter,4.9,Yes,2-Day Shipping,Yes,Yes,44,Cash,Quarterly
473,20,Male,Jeans,Clothing,1,1950,1950,Aurangabad,L,Gray,Winter,3.9,Yes,Free Shipping,Yes,Yes,41,UPI,Quarterly
474,34,Male,Coat,Outerwear,2,2100,4200,Shimla,L,Olive,Spring,3.9,Yes,Store Pickup,Yes,Yes,47,PhonePe,Every 3 Months
475,62,Male,Sweater,Clothing,3,3800,11400,Jabalpur,XL,Maroon,Summer,2.6,Yes,2-Day Shipping,Yes,Yes,31,Google Pay,Quarterly
476,21,Male,Sneakers,Footwear,2,3300,6600,Coimbatore,L,Magenta,Summer,2.7,Yes,Free Shipping,Yes,Yes,30,Paytm,Annually
477,21,Male,Scarf,Accessories,1,4500,4500,Vadodara,M,Magenta,Spring,3.5,Yes,Free Shipping,Yes,Yes,47,Credit Card,Fortnightly
478,42,Male,Sweater,Clothing,3,2800,8400,Srinagar,M,Green,Summer,3.7,Yes,Free Shipping,Yes,Yes,50,Debit Card,Weekly
479,35,Male,Jewelry,Accessories,1,2150,2150,Mangaluru,XL,Turquoise,Winter,3.2,Yes,Free Shipping,Yes,Yes,6,Net Banking,Annually
480,39,Male,Handbag,Accessories,2,4200,8400,Indore,L,Yellow,Winter,3.3,Yes,Store Pickup,Yes,Yes,34,Amazon Pay,Monthly
481,68,Male,Hoodie,Clothing,2,4400,8800,Jaipur,M,Gray,Summer,4.8,Yes,Standard,Yes,Yes,3,EMI,Bi-Weekly
482,46,Male,Hat,Accessories,3,4400,13200,Vasai-Virar,L,Peach,Fall,3.2,Yes,2-Day Shipping,Yes,Yes,2,Bank Transfer,Fortnightly
483,41,Male,Belt,Accessories,3,2100,6300,Visakhapatnam,M,Yellow,Winter,2.5,Yes,2-Day Shipping,Yes,Yes,33,Google Pay,Annually
484,23,Male,Hoodie,Clothing,3,3650,10950,Goa,M,White,Fall,3.9,Yes,Store Pickup,Yes,Yes,33,Cash,Weekly
485,68,Male,Hat,Accessories,3,3650,10950,Faridabad,L,Lavender,Summer,4.7,Yes,Free Shipping,Yes,Yes,20,EMI,Quarterly
486,48,Male,Shoes,Footwear,2,2200,4400,Ranchi,S,Blue,Spring,2.6,Yes,Next Day Air,Yes,Yes,34,Debit Card,Fortnightly
487,38,Male,Sandals,Footwear,3,3150,9450,Bengaluru,M,Charcoal,Fall,2.8,Yes,Store Pickup,Yes,Yes,41,Paytm,Every 3 Months
488,41,Male,Jacket,Outerwear,3,3400,10200,Madurai,L,Red,Winter,4.4,Yes,Store Pickup,Yes,Yes,7,Net Banking,Quarterly
489,58,Male,Sweater,Clothing,2,1450,2900,Kalyan-Dombivli,L,Olive,Spring,4.6,Yes,Standard,Yes,Yes,33,UPI,Weekly
490,49,Male,Socks,Clothing,2,4250,8500,Kanpur,M,Green,Summer,3.2,Yes,Standard,Yes,Yes,3,Amazon Pay,Annually
491,57,Male,Sneakers,Footwear,1,2100,2100,Udaipur,M,Silver,Winter,4.2,Yes,2-Day Shipping,Yes,Yes,28,Credit Card,Monthly
492,49,Male,Coat,Outerwear,1,3450,3450,Bhubaneswar,M,Silver,Summer,,Yes,2-Day Shipping,Yes,Yes,24,PhonePe,Bi-Weekly
493,50,Male,Shirt,Clothing,1,3100,3100,Kolkata,M,Black,Fall,3.9,Yes,Standard,Yes,Yes,13,Google Pay,Weekly
494,28,Male,Backpack,Accessories,3,2400,7200,Agra,XL,Red,Summer,4.7,Yes,Store Pickup,Yes,Yes,27,Cash,Bi-Weekly
495,38,Male,Boots,Footwear,3,3400,10200,Siliguri,M,Indigo,Winter,4.5,Yes,Express,Yes,Yes,49,EMI,Weekly
496,33,Male,Handbag,Accessories,3,1800,5400,Thiruvananthapuram,XL,Cyan,Fall,3.3,Yes,Free Shipping,Yes,Yes,15,Debit Card,Fortnightly
497,30,Male,Dress,Clothing,1,3150,3150,Nashik,S,Maroon,Fall,3.3,Yes,Express,Yes,Yes,44,Paytm,Fortnightly
498,43,Male,Sneakers,Footwear,3,1950,5850,Ludhiana,S,Silver,Winter,4.6,Yes,Free Shipping,Yes,Yes,10,Net Banking,Weekly
499,43,Male,Boots,Footwear,3,3900,11700,Dehradun,M,Lavender,Spring,3.6,Yes,Free Shipping,Yes,Yes,34,UPI,Monthly
500,36,Male,Shoes,Footwear,1,4950,4950,Chandigarh,L,Silver,Winter,4.8,Yes,Express,Yes,Yes,33,Amazon Pay,Monthly
501,36,Male,T-shirt,Clothing,2,1550,3100,Prayagraj,L,Purple,Fall,4.8,Yes,Next Day Air,Yes,Yes,41,Credit Card,Every 3 Months
502,64,Male,Boots,Footwear,3,2250,6750,Shillong,M,Cyan,Spring,2.9,Yes,Next Day Air,Yes,Yes,10,PhonePe,Annually
503,59,Male,Pants,Clothing,2,1500,3000,Jammu,S,Cyan,Fall,2.8,Yes,Express,Yes,Yes,50,Credit Card,Fortnightly
504,55,Male,Shoes,Footwear,3,1200,3600,Gurugram,M,Lavender,Summer,3.2,Yes,Next Day Air,Yes,Yes,50,UPI,Quarterly
505,42,Male,Shoes,Footwear,1,1100,1100,Imphal,M,Maroon,Winter,3.9,Yes,Free Shipping,Yes,Yes,42,Paytm,Annually
506,61,Male,T-shirt,Clothing,3,3150,9450,Varanasi,L,Gray,Spring,4.3,Yes,Express,Yes,Yes,24,Cash,Bi-Weekly
507,28,Male,Scarf,Accessories,3,2000,6000,Jodhpur,M,Olive,Fall,2.7,Yes,2-Day Shipping,Yes,Yes,19,Amazon Pay,Annually
508,65,Male,Shorts,Clothing,2,1000,2000,Aizawl,M,Magenta,Spring,5,Yes,Store Pickup,Yes,Yes,43,PhonePe,Fortnightly
509,27,Male,Jewelry,Accessories,1,1000,1000,Thane,S,Yellow,Winter,3.7,Yes,Store Pickup,Yes,Yes,25,Net Banking,Quarterly
510,41,Male,T-shirt,Clothing,6,4000,24000,Mumbai,L,Cyan,Summer,3.9,Yes,Free Shipping,Yes,Yes,29,EMI,Weekly
511,21,Male,Shirt,Clothing,1,4350,4350,Pune,M,Teal,Fall,3.9,Yes,2-Day Shipping,Yes,Yes,30,Google Pay,Annually
512,61,Male,Shirt,Clothing,2,2300,4600,Delhi,L,Yellow,Fall,3.1,Yes,Free Shipping,Yes,Yes,47,Debit Card,Annually
513,19,Male,Gloves,Accessories,1,2450,2450,Bengaluru,L,Peach,Winter,,Yes,Next Day Air,Yes,Yes,27,Bank Transfer,Monthly
514,22,Male,Scarf,Accessories,2,3250,6500,Hyderabad,M,Peach,Fall,3.6,Yes,Store Pickup,Yes,Yes,19,UPI,Annually
515,64,Male,Skirt,Clothing,2,3100,6200,Chennai,S,Olive,Winter,4.3,Yes,Standard,Yes,Yes,4,PhonePe,Quarterly
516,28,Male,Hat,Accessories,2,3350,6700,Kolkata,L,Charcoal,Spring,4.5,Yes,Next Day Air,Yes,Yes,23,Google Pay,Monthly
517,34,Male,Hoodie,Clothing,2,2050,4100,Ahmedabad,L,Indigo,Fall,2.8,Yes,2-Day Shipping,Yes,Yes,18,Paytm,Bi-Weekly
518,61,Male,Boots,Footwear,2,2450,4900,Surat,L,Silver,Fall,2.7,Yes,Free Shipping,Yes,Yes,13,Credit Card,Every 3 Months
519,24,Male,Blouse,Clothing,3,5000,15000,Jaipur,M,Beige,Fall,2.9,Yes,Next Day Air,Yes,Yes,39,Debit Card,Every 3 Months
520,19,Male,Belt,Accessories,2,2700,5400,Lucknow,L,Blue,Summer,4.4,Yes,2-Day Shipping,Yes,Yes,20,Cash,Quarterly
521,51,Male,Sunglasses,Accessories,2,4200,8400,Kanpur,M,White,Spring,3.9,Yes,Free Shipping,Yes,Yes,43,Net Banking,Quarterly
522,36,Male,Shorts,Clothing,1,2050,2050,Nagpur,L,Gold,Winter,3.5,Yes,Standard,Yes,Yes,50,Amazon Pay,Annually
523,65,Male,Gloves,Accessories,2,4400,8800,Indore,M,Blue,Spring,2.5,Yes,Store Pickup,Yes,Yes,29,EMI,Quarterly
524,46,Male,Sandals,Footwear,2,2000,4000,Bhopal,M,Orange,Spring,4.9,Yes,Express,Yes,Yes,29,UPI,Quarterly
525,59,Male,Shirt,Clothing,2,1950,3900,Patna,M,Gold,Summer,4.8,Yes,Free Shipping,Yes,Yes,6,PhonePe,Annually
526,51,Male,Coat,Outerwear,1,1850,1850,Ranchi,M,Cyan,Spring,3.2,Yes,Next Day Air,Yes,Yes,36,Google Pay,Monthly
527,51,Male,Pants,Clothing,3,2600,7800,Bhubaneswar,S,Red,Winter,4.9,Yes,Standard,Yes,Yes,34,Paytm,Monthly
528,21,Male,T-shirt,Clothing,3,1150,3450,Visakhapatnam,L,Yellow,Winter,4.3,Yes,Next Day Air,Yes,Yes,29,Credit Card,Every 3 Months
529,34,Male,Sneakers,Footwear,2,4400,8800,Vijayawada,S,Beige,Winter,3.2,Yes,Express,Yes,Yes,3,Debit Card,Annually
530,32,Male,Shorts,Clothing,2,4200,8400,Kochi,M,Orange,Fall,3.7,Yes,Standard,Yes,Yes,2,Cash,Monthly
531,48,Male,Coat,Outerwear,3,1850,5550,Thiruvananthapuram,XL,Magenta,Winter,3.2,Yes,Store Pickup,Yes,Yes,29,Net Banking,Bi-Weekly
532,50,Male,Sandals,Footwear,1,2550,2550,Coimbatore,L,Purple,Fall,3.4,Yes,Next Day Air,Yes,Yes,39,Amazon Pay,Weekly
533,26,Male,Pants,Clothing,2,3800,7600,Madurai,L,Black,Winter,4.1,Yes,Express,Yes,Yes,17,EMI,Every 3 Months
534,57,Male,Sandals,Footwear,2,3000,6000,Mysuru,L,Pink,Spring,4.5,Yes,Next Day Air,Yes,Yes,22,Cash,Weekly
535,65,Male,Gloves,Accessories,3,3600,10800,Mangaluru,L,Pink,Fall,4.5,Yes,Next Day Air,Yes,Yes,19,Debit Card,Quarterly
536,56,Male,T-shirt,Clothing,1,2250,2250,Nashik,L,Maroon,Spring,3.2,Yes,Free Shipping,Yes,Yes,13,Debit Card,Weekly
537,44,Male,Jacket,Outerwear,1,4200,4200,Aurangabad,S,Maroon,Fall,4.4,Yes,Store Pickup,Yes,Yes,14,Credit Card,Every 3 Months
538,50,Male,Blouse,Clothing,3,2450,7350,Kolhapur,S,Turquoise,Summer,3,Yes,Store Pickup,Yes,Yes,40,Debit Card,Annually
539,27,Male,Socks,Clothing,3,1100,3300,Thane,XL,Green,Spring,3.2,Yes,Free Shipping,Yes,Yes,41,Paytm,Weekly
540,49,Male,Coat,Outerwear,2,2400,4800,Navi Mumbai,M,Violet,Winter,4,Yes,Store Pickup,Yes,Yes,25,Credit Card,Weekly
541,49,Male,Dress,Clothing,3,1850,5550,Vasai-Virar,M,Lavender,Spring,3.1,Yes,Next Day Air,Yes,Yes,2,Debit Card,Every 3 Months
542,52,Male,Jacket,Outerwear,2,1350,2700,Kalyan-Dombivli,L,Gray,Fall,2.8,Yes,Next Day Air,Yes,Yes,27,Cash on Delivery,Bi-Weekly
543,27,Male,Boots,Footwear,3,3950,11850,Noida,XL,Teal,Spring,4.6,Yes,Next Day Air,Yes,Yes,42,Net Banking,Bi-Weekly
544,53,Male,Skirt,Clothing,2,4900,9800,Gurugram,S,Red,Spring,4.3,Yes,Express,Yes,Yes,5,Amazon Pay,Monthly
545,34,Male,Sandals,Footwear,2,3200,6400,Faridabad,S,Yellow,Summer,3.3,Yes,Standard,Yes,Yes,10,EMI,Every 3 Months
546,33,Male,Coat,Outerwear,3,1600,4800,Ghaziabad,L,Magenta,Summer,3.5,Yes,2-Day Shipping,Yes,Yes,9,UPI,Annually
547,62,Male,Hoodie,Clothing,3,3700,11100,Chandigarh,M,Brown,Winter,3.4,Yes,Free Shipping,Yes,Yes,3,PhonePe,Bi-Weekly
548,38,Male,Jacket,Outerwear,2,2500,5000,Ludhiana,M,Blue,Winter,2.8,Yes,Free Shipping,Yes,Yes,25,Google Pay,Weekly
549,36,Male,Backpack,Accessories,1,3200,3200,Amritsar,M,Black,Winter,4.6,Yes,Store Pickup,Yes,Yes,3,Paytm,Every 3 Months
550,31,Male,Backpack,Accessories,3,1450,4350,Jammu,S,Olive,Fall,3.6,Yes,Express,Yes,Yes,2,Credit Card,Bi-Weekly
551,62,Male,Belt,Accessories,3,3100,9300,Srinagar,M,Olive,Summer,3.3,Yes,Store Pickup,Yes,Yes,34,Debit Card,Weekly
552,29,Male,Coat,Outerwear,1,3900,3900,Shimla,XL,Green,Fall,3.1,Yes,2-Day Shipping,Yes,Yes,50,Cash,Bi-Weekly
553,24,Male,T-shirt,Clothing,3,4700,14100,Dehradun,M,Peach,Fall,3.5,Yes,Express,Yes,Yes,43,UPI,Weekly
554,63,Male,Sunglasses,Accessories,2,2950,5900,Agra,M,White,Winter,3.2,Yes,Express,Yes,Yes,38,PhonePe,Quarterly
555,56,Male,Sneakers,Footwear,2,2350,4700,Varanasi,M,Red,Summer,3,Yes,Express,Yes,Yes,33,Google Pay,Weekly
556,63,Male,Gloves,Accessories,2,2850,5700,Prayagraj,M,White,Fall,4.8,Yes,Express,Yes,Yes,9,Paytm,Annually
557,40,Male,Coat,Outerwear,1,4500,4500,Gwalior,L,Indigo,Winter,5,Yes,Store Pickup,Yes,Yes,32,Credit Card,Fortnightly
558,18,Male,Shirt,Clothing,2,3000,6000,Jabalpur,M,White,Spring,2.9,Yes,Free Shipping,Yes,Yes,7,Debit Card,Weekly
559,50,Male,Sneakers,Footwear,2,3850,7700,Raipur,L,Teal,Fall,3.2,Yes,Express,Yes,Yes,10,Net Banking,Every 3 Months
560,66,Male,Scarf,Accessories,2,2050,4100,Goa,M,Indigo,Fall,2.9,Yes,Store Pickup,Yes,Yes,3,Amazon Pay,Monthly
561,25,Male,Jewelry,Accessories,1,2400,2400,Udaipur,L,Red,Fall,,Yes,Free Shipping,Yes,Yes,49,EMI,Annually
562,65,Male,Jacket,Outerwear,2,3250,6500,Jodhpur,M,Blue,Fall,2.6,Yes,Next Day Air,Yes,Yes,2,Cash,Fortnightly
563,53,Male,Jeans,Clothing,2,3100,6200,Rajkot,M,Blue,Summer,3.5,Yes,Standard,Yes,Yes,5,Debit Card,Annually
564,61,Male,Shoes,Footwear,3,4950,14850,Vadodara,M,Black,Fall,4.4,Yes,Standard,Yes,Yes,3,Debit Card,Quarterly
565,67,Male,Hoodie,Clothing,1,2900,2900,Siliguri,M,Olive,Winter,3.4,Yes,Next Day Air,Yes,Yes,9,Credit Card,Weekly
566,59,Male,Backpack,Accessories,2,2150,4300,Guwahati,L,Lavender,Fall,4.2,Yes,Store Pickup,Yes,Yes,31,Credit Card,Weekly
567,55,Male,Sneakers,Footwear,3,4650,13950,Imphal,M,Indigo,Spring,3.6,Yes,Store Pickup,Yes,Yes,31,Credit Card,Fortnightly
568,21,Male,Blouse,Clothing,3,2500,7500,Aizawl,S,Red,Winter,3,Yes,Next Day Air,Yes,Yes,3,Debit Card,Fortnightly
569,44,Male,Pants,Clothing,2,4400,8800,Shillong,L,Red,Summer,4,Yes,Free Shipping,Yes,Yes,6,Credit Card,Monthly
570,65,Male,Skirt,Clothing,3,1650,4950,Nagpur,M,Pink,Fall,4.4,Yes,Express,Yes,Yes,40,Credit Card,Every 3 Months
571,65,Male,T-shirt,Clothing,1,4950,4950,Delhi,XL,Purple,Fall,4.1,Yes,Standard,Yes,Yes,18,Debit Card,Annually
572,54,Male,Jacket,Outerwear,3,3800,11400,Kochi,XL,Cyan,Spring,3.6,Yes,Free Shipping,Yes,Yes,39,Cash,Weekly
573,56,Male,Scarf,Accessories,1,4850,4850,Surat,XL,Cyan,Summer,4.6,Yes,Next Day Air,Yes,Yes,11,UPI,Annually
574,58,Male,Pants,Clothing,3,3400,10200,Bhopal,M,Charcoal,Summer,3.2,Yes,2-Day Shipping,Yes,Yes,10,PhonePe,Bi-Weekly
575,54,Male,Sneakers,Footwear,1,3950,3950,Mumbai,L,Red,Fall,4.8,Yes,Free Shipping,Yes,Yes,50,Google Pay,Bi-Weekly
576,58,Male,Jeans,Clothing,3,4300,12900,Noida,M,Peach,Fall,4.8,Yes,Express,Yes,Yes,40,Paytm,Monthly
577,48,Male,Hat,Accessories,2,3400,6800,Rajkot,M,Black,Winter,5,Yes,2-Day Shipping,Yes,Yes,17,Credit Card,Every 3 Months
578,19,Male,Skirt,Clothing,1,2600,2600,Hyderabad,M,Black,Fall,3.7,Yes,Store Pickup,Yes,Yes,42,Debit Card,Annually
579,69,Male,Sandals,Footwear,1,4500,4500,Kolhapur,M,Purple,Fall,4.6,Yes,Next Day Air,Yes,Yes,38,Net Banking,Fortnightly
580,58,Male,Sandals,Footwear,2,2050,4100,Lucknow,M,Violet,Winter,3.7,Yes,Free Shipping,Yes,Yes,2,Amazon Pay,Annually
581,49,Male,Sweater,Clothing,2,4000,8000,Vijayawada,M,Orange,Spring,4.1,Yes,Free Shipping,Yes,Yes,47,EMI,Weekly
582,32,Male,Sweater,Clothing,1,5000,5000,Pune,XL,Charcoal,Winter,2.7,Yes,Store Pickup,Yes,Yes,3,Cash,Every 3 Months
583,40,Male,Jacket,Outerwear,3,3850,11550,Amritsar,L,Turquoise,Spring,4.9,Yes,Store Pickup,Yes,Yes,26,Cash,Quarterly
584,25,Male,Shorts,Clothing,2,3900,7800,Mysuru,L,Yellow,Spring,4,Yes,Store Pickup,Yes,Yes,14,Debit Card,Monthly
585,70,Male,Socks,Clothing,2,4700,9400,Ghaziabad,M,White,Spring,4.7,Yes,Free Shipping,Yes,Yes,18,Cash,Monthly
586,69,Male,Socks,Clothing,3,1150,3450,Chennai,M,Gray,Fall,2.8,Yes,Next Day Air,Yes,Yes,33,UPI,Every 3 Months
587,45,Male,Hoodie,Clothing,2,1000,2000,Raipur,S,Blue,Winter,4.9,Yes,2-Day Shipping,Yes,Yes,49,PhonePe,Annually
588,29,Male,Socks,Clothing,3,4300,12900,Guwahati,S,Maroon,Fall,4.2,Yes,Express,Yes,Yes,29,Google Pay,Every 3 Months
589,47,Male,Boots,Footwear,3,3000,9000,Navi Mumbai,M,Violet,Fall,3,Yes,Standard,Yes,Yes,14,Paytm,Quarterly
590,28,Male,Shirt,Clothing,2,3500,7000,Ahmedabad,M,Orange,Fall,3.4,Yes,2-Day Shipping,Yes,Yes,33,Credit Card,Annually
591,64,Male,Belt,Accessories,2,1950,3900,Patna,S,Turquoise,Fall,4.6,Yes,Standard,Yes,Yes,18,Debit Card,Fortnightly
592,47,Male,Backpack,Accessories,2,1850,3700,Aurangabad,L,Olive,Fall,4.2,Yes,Store Pickup,Yes,Yes,12,Net Banking,Bi-Weekly
593,60,Male,Boots,Footwear,2,1450,2900,Shimla,M,Brown,Fall,3.2,Yes,Free Shipping,Yes,Yes,48,Amazon Pay,Every 3 Months
594,67,Male,Coat,Outerwear,3,1750,5250,Jabalpur,S,Green,Winter,4.4,Yes,Store Pickup,Yes,Yes,47,EMI,Every 3 Months
595,35,Male,Hoodie,Clothing,1,4150,4150,Coimbatore,S,Brown,Winter,2.5,Yes,Next Day Air,Yes,Yes,7,Credit Card,Monthly
596,30,Male,Shoes,Footwear,2,3850,7700,Vadodara,M,Silver,Summer,3.6,Yes,Next Day Air,Yes,Yes,15,Credit Card,Quarterly
597,23,Male,Shoes,Footwear,3,1850,5550,Srinagar,XL,White,Summer,4.5,Yes,Store Pickup,Yes,Yes,19,Bank Transfer,Annually
598,70,Male,Jewelry,Accessories,1,3450,3450,Mangaluru,L,Gold,Summer,3.4,Yes,Standard,Yes,Yes,40,Bank Transfer,Fortnightly
599,21,Male,Dress,Clothing,1,3300,3300,Indore,L,Green,Winter,3.2,Yes,2-Day Shipping,Yes,Yes,37,Debit Card,Every 3 Months
600,51,Male,Boots,Footwear,3,1300,3900,Jaipur,L,Teal,Spring,4.2,Yes,Standard,Yes,Yes,32,Cash,Every 3 Months
601,22,Male,Hat,Accessories,3,3150,9450,Vasai-Virar,M,Charcoal,Spring,5,Yes,2-Day Shipping,Yes,Yes,27,Debit Card,Monthly
602,32,Male,Backpack,Accessories,3,1900,5700,Visakhapatnam,M,Maroon,Summer,4.7,Yes,Store Pickup,Yes,Yes,24,Credit Card,Fortnightly
603,37,Male,Shoes,Footwear,3,2900,8700,Goa,L,Lavender,Summer,4.2,Yes,Next Day Air,Yes,Yes,27,Cash,Every 3 Months
604,31,Male,Handbag,Accessories,2,2300,4600,Faridabad,L,Green,Winter,3.4,Yes,2-Day Shipping,Yes,Yes,31,Credit Card,Every 3 Months
605,44,Male,Sunglasses,Accessories,2,4600,9200,Ranchi,S,Pink,Fall,4.4,Yes,Store Pickup,Yes,Yes,36,Credit Card,Every 3 Months
606,40,Male,Hat,Accessories,1,1600,1600,Bengaluru,XL,Charcoal,Winter,4.2,Yes,Standard,Yes,Yes,21,Cash,Weekly
607,27,Male,Scarf,Accessories,1,4500,4500,Madurai,M,Blue,Spring,4.5,Yes,Standard,Yes,Yes,39,UPI,Monthly
608,47,Male,Hoodie,Clothing,3,1150,3450,Kalyan-Dombivli,L,Purple,Fall,2.8,Yes,Next Day Air,Yes,Yes,11,PhonePe,Monthly
609,41,Male,Backpack,Accessories,1,1250,1250,Kanpur,S,Gold,Fall,3.3,Yes,Next Day Air,Yes,Yes,4,Google Pay,Every 3 Months
610,51,Male,Sweater,Clothing,3,2700,8100,Udaipur,L,Purple,Fall,4.6,Yes,Next Day Air,Yes,Yes,32,Paytm,Fortnightly
611,53,Male,Shorts,Clothing,2,3600,7200,Bhubaneswar,M,Charcoal,Summer,2.5,Yes,Free Shipping,Yes,Yes,30,Credit Card,Every 3 Months
612,43,Male,Scarf,Accessories,1,1650,1650,Kolkata,M,Black,Winter,4.7,Yes,Store Pickup,Yes,Yes,22,Debit Card,Monthly
613,67,Male,Hat,Accessories,1,2150,2150,Agra,L,Lavender,Fall,4.6,Yes,Express,Yes,Yes,9,Net Banking,Quarterly
614,61,Male,Coat,Outerwear,3,2550,7650,Siliguri,L,Lavender,Fall,2.6,Yes,Standard,Yes,Yes,30,Amazon Pay,Bi-Weekly
615,68,Male,Jewelry,Accessories,1,4250,4250,Thiruvananthapuram,M,Lavender,Winter,4,Yes,Standard,Yes,Yes,42,EMI,Bi-Weekly
616,67,Male,Sandals,Footwear,1,5000,5000,Nashik,L,Olive,Summer,2.6,Yes,Next Day Air,Yes,Yes,5,Credit Card,Annually
617,29,Male,Gloves,Accessories,1,3600,3600,Ludhiana,L,Teal,Spring,4.6,Yes,Free Shipping,Yes,Yes,17,Cash,Every 3 Months
618,50,Male,Backpack,Accessories,3,2850,8550,Dehradun,M,Maroon,Fall,2.6,Yes,Standard,Yes,Yes,2,UPI,Quarterly
619,61,Male,Jacket,Outerwear,1,4700,4700,Chandigarh,L,Cyan,Spring,4,Yes,Express,Yes,Yes,12,PhonePe,Bi-Weekly
620,19,Male,Backpack,Accessories,3,1700,5100,Prayagraj,M,Charcoal,Summer,4.6,Yes,Store Pickup,Yes,Yes,4,Google Pay,Every 3 Months
621,33,Male,Backpack,Accessories,2,4450,8900,Shillong,M,Black,Fall,3.7,Yes,2-Day Shipping,Yes,Yes,25,Paytm,Every 3 Months
622,51,Male,Sunglasses,Accessories,3,1350,4050,Jammu,S,Red,Fall,4.4,Yes,Store Pickup,Yes,Yes,22,Credit Card,Weekly
623,69,Male,Socks,Clothing,3,3150,9450,Gurugram,S,Peach,Spring,4,Yes,Next Day Air,Yes,Yes,44,Debit Card,Fortnightly
624,19,Male,Shoes,Footwear,3,3500,10500,Imphal,M,White,Fall,4.7,Yes,Standard,Yes,Yes,44,Net Banking,Bi-Weekly
625,55,Male,Pants,Clothing,3,4350,13050,Varanasi,XL,Pink,Fall,3.4,Yes,Express,Yes,Yes,33,Amazon Pay,Annually
626,49,Male,Jewelry,Accessories,1,3950,3950,Jodhpur,M,Red,Fall,4,Yes,Next Day Air,Yes,Yes,47,EMI,Weekly
627,31,Male,Sunglasses,Accessories,1,3950,3950,Aizawl,M,Indigo,Spring,3.9,Yes,Standard,Yes,Yes,18,Cash,Annually
628,42,Male,Sandals,Footwear,2,2200,4400,Thane,L,Black,Winter,4.1,Yes,Express,Yes,Yes,45,UPI,Monthly
629,69,Male,Sweater,Clothing,1,4250,4250,Mumbai,M,White,Fall,,Yes,2-Day Shipping,Yes,Yes,23,PhonePe,Monthly
630,26,Male,Shoes,Footwear,3,4500,13500,Pune,L,Beige,Spring,4.7,Yes,Standard,Yes,Yes,22,Google Pay,Annually
631,41,Male,Jewelry,Accessories,3,4700,14100,Delhi,S,Silver,Fall,4.3,Yes,2-Day Shipping,Yes,Yes,27,Paytm,Annually
632,55,Male,Boots,Footwear,2,3400,6800,Bengaluru,S,Violet,Summer,4.1,Yes,Store Pickup,Yes,Yes,6,Credit Card,Fortnightly
633,35,Male,Backpack,Accessories,2,2550,5100,Hyderabad,M,Red,Winter,3.9,Yes,Next Day Air,Yes,Yes,47,Debit Card,Fortnightly
634,66,Male,Sandals,Footwear,1,1650,1650,Chennai,M,Orange,Spring,2.9,Yes,Express,Yes,Yes,16,Net Banking,Quarterly
635,36,Male,Sneakers,Footwear,2,3000,6000,Kolkata,M,Teal,Summer,3.9,Yes,Standard,Yes,Yes,14,Amazon Pay,Weekly
636,27,Male,Hoodie,Clothing,2,2950,5900,Ahmedabad,M,Brown,Fall,4.3,Yes,2-Day Shipping,Yes,Yes,15,EMI,Quarterly
637,41,Male,Handbag,Accessories,3,1500,4500,Surat,M,Indigo,Summer,2.8,Yes,Store Pickup,Yes,Yes,1,Cash,Every 3 Months
638,21,Male,Sweater,Clothing,1,1000,1000,Jaipur,M,Cyan,Winter,3.4,Yes,2-Day Shipping,Yes,Yes,3,Cash,Fortnightly
639,53,Male,Sandals,Footwear,8,1000,8000,Lucknow,S,Blue,Summer,2.7,Yes,Express,Yes,Yes,41,UPI,Monthly
640,54,Male,Dress,Clothing,2,1200,2400,Kanpur,L,Olive,Spring,4,Yes,2-Day Shipping,Yes,Yes,23,PhonePe,Annually
641,53,Male,Skirt,Clothing,3,4400,13200,Nagpur,M,Gray,Summer,4.4,Yes,Store Pickup,Yes,Yes,46,Google Pay,Fortnightly
642,47,Male,Blouse,Clothing,3,3900,11700,Indore,M,Red,Winter,3.9,Yes,2-Day Shipping,Yes,Yes,29,Paytm,Every 3 Months
643,64,Male,Skirt,Clothing,3,1250,3750,Bhopal,L,Red,Spring,2.8,Yes,2-Day Shipping,Yes,Yes,16,Credit Card,Bi-Weekly
644,18,Male,Sweater,Clothing,2,2850,5700,Patna,XL,Green,Winter,3.2,Yes,Next Day Air,Yes,Yes,39,Debit Card,Every 3 Months
645,68,Male,Backpack,Accessories,3,4650,13950,Ranchi,S,Blue,Summer,4.3,Yes,Next Day Air,Yes,Yes,37,Net Banking,Weekly
646,62,Male,Hoodie,Clothing,3,2100,6300,Bhubaneswar,S,Purple,Summer,4.2,Yes,Express,Yes,Yes,6,Amazon Pay,Bi-Weekly
647,51,Male,Boots,Footwear,3,2700,8100,Visakhapatnam,XL,Pink,Spring,4.9,Yes,Standard,Yes,Yes,15,EMI,Bi-Weekly
648,54,Male,Blouse,Clothing,3,3500,10500,Vijayawada,XL,Charcoal,Summer,3.7,Yes,Express,Yes,Yes,12,Cash,Fortnightly
649,22,Male,Hoodie,Clothing,2,1550,3100,Kochi,M,Brown,Winter,4.1,Yes,Store Pickup,Yes,Yes,44,Cash,Weekly
650,53,Male,Pants,Clothing,1,4650,4650,Thiruvananthapuram,L,Orange,Spring,4.2,Yes,Store Pickup,Yes,Yes,39,UPI,Every 3 Months
651,34,Male,Gloves,Accessories,2,2000,4000,Coimbatore,M,Magenta,Spring,3.9,Yes,Next Day Air,Yes,Yes,8,PhonePe,Annually
652,32,Male,Hat,Accessories,3,1600,4800,Madurai,L,Yellow,Summer,2.9,Yes,Next Day Air,Yes,Yes,1,Google Pay,Fortnightly
653,64,Male,Sunglasses,Accessories,2,1350,2700,Mysuru,M,Beige,Winter,3.1,Yes,Free Shipping,Yes,Yes,16,Paytm,Weekly
654,20,Male,Scarf,Accessories,3,3400,10200,Mangaluru,M,Olive,Winter,3.6,Yes,2-Day Shipping,Yes,Yes,30,Credit Card,Fortnightly
655,24,Male,Handbag,Accessories,3,2950,8850,Nashik,L,Gray,Summer,4.4,Yes,2-Day Shipping,Yes,Yes,27,Debit Card,Annually
656,20,Male,Handbag,Accessories,1,1800,1800,Aurangabad,S,Purple,Fall,3.1,Yes,Free Shipping,Yes,Yes,12,Net Banking,Monthly
657,42,Male,Jeans,Clothing,3,1150,3450,Kolhapur,M,Beige,Summer,3.9,Yes,Standard,Yes,Yes,40,Amazon Pay,Quarterly
658,48,Male,Jacket,Outerwear,3,4000,12000,Thane,M,White,Winter,4.3,Yes,Free Shipping,Yes,Yes,31,EMI,Quarterly
659,62,Male,Backpack,Accessories,1,1850,1850,Navi Mumbai,S,White,Fall,4.9,Yes,Store Pickup,Yes,Yes,8,Debit Card,Weekly
660,62,Male,Shorts,Clothing,1,2600,2600,Vasai-Virar,S,Gold,Spring,3.6,Yes,2-Day Shipping,Yes,Yes,10,Google Pay,Weekly
661,50,Male,Coat,Outerwear,2,3950,7900,Kalyan-Dombivli,M,Olive,Fall,5,Yes,2-Day Shipping,Yes,Yes,30,Bank Transfer,Quarterly
662,57,Male,Shirt,Clothing,3,3400,10200,Noida,XL,Green,Fall,4.1,Yes,Store Pickup,Yes,Yes,26,Debit Card,Quarterly
663,24,Male,Gloves,Accessories,1,4900,4900,Gurugram,L,Magenta,Fall,2.8,Yes,Express,Yes,Yes,24,Cash,Bi-Weekly
664,59,Male,Dress,Clothing,2,4150,8300,Faridabad,M,Charcoal,Fall,4.7,Yes,Express,Yes,Yes,48,UPI,Monthly
665,63,Male,Pants,Clothing,1,4150,4150,Ghaziabad,M,Indigo,Winter,4.4,Yes,Express,Yes,Yes,26,PhonePe,Bi-Weekly
666,41,Male,Pants,Clothing,2,2750,5500,Chandigarh,M,Peach,Spring,4.9,Yes,2-Day Shipping,Yes,Yes,29,Google Pay,Annually
667,35,Male,Hoodie,Clothing,1,1300,1300,Ludhiana,L,Turquoise,Winter,3.1,Yes,Free Shipping,Yes,Yes,15,Paytm,Quarterly
668,34,Male,Sunglasses,Accessories,2,3800,7600,Amritsar,S,Blue,Winter,2.6,Yes,Standard,Yes,Yes,44,Credit Card,Quarterly
669,49,Male,T-shirt,Clothing,1,4250,4250,Jammu,S,Turquoise,Fall,2.9,Yes,Express,Yes,Yes,36,Debit Card,Monthly
670,43,Male,Jacket,Outerwear,3,4450,13350,Srinagar,M,Gray,Spring,3.3,Yes,Free Shipping,Yes,Yes,10,Net Banking,Bi-Weekly
671,63,Male,Sweater,Clothing,3,2050,6150,Shimla,XL,Purple,Spring,4.8,Yes,Next Day Air,Yes,Yes,30,Amazon Pay,Bi-Weekly
672,38,Male,Jacket,Outerwear,2,1500,3000,Dehradun,L,Black,Winter,4.7,Yes,Express,Yes,Yes,42,EMI,Weekly
673,59,Male,Socks,Clothing,1,2650,2650,Agra,M,Peach,Winter,3.3,Yes,2-Day Shipping,Yes,Yes,28,Bank Transfer,Quarterly
674,35,Male,Shirt,Clothing,2,3300,6600,Varanasi,M,Indigo,Spring,4.2,Yes,Free Shipping,Yes,Yes,34,Cash,Bi-Weekly
675,48,Male,Jewelry,Accessories,3,1650,4950,Prayagraj,XL,Beige,Winter,4.7,Yes,Store Pickup,Yes,Yes,39,UPI,Annually
676,64,Male,Sunglasses,Accessories,1,4300,4300,Gwalior,M,Yellow,Spring,2.6,Yes,2-Day Shipping,Yes,Yes,39,PhonePe,Annually
677,28,Male,Pants,Clothing,3,3000,9000,Jabalpur,M,Peach,Winter,2.9,Yes,2-Day Shipping,Yes,Yes,25,Google Pay,Bi-Weekly
678,60,Male,Socks,Clothing,1,3100,3100,Raipur,S,Turquoise,Summer,2.7,Yes,Express,Yes,Yes,22,Paytm,Annually
679,27,Male,Blouse,Clothing,2,3700,7400,Goa,M,Teal,Fall,3.3,Yes,Store Pickup,Yes,Yes,21,Credit Card,Every 3 Months
680,56,Male,Sandals,Footwear,3,4750,14250,Udaipur,M,Turquoise,Fall,3.4,Yes,Express,Yes,Yes,26,Debit Card,Fortnightly
681,58,Male,Sneakers,Footwear,2,1250,2500,Jodhpur,M,Magenta,Spring,4.2,Yes,Express,Yes,Yes,4,Net Banking,Annually
682,30,Male,Shirt,Clothing,2,2950,5900,Rajkot,XL,Purple,Winter,3.8,Yes,2-Day Shipping,Yes,Yes,30,Amazon Pay,Every 3 Months
683,23,Male,Jacket,Outerwear,3,1450,4350,Vadodara,M,Brown,Summer,4,Yes,Standard,Yes,Yes,30,EMI,Bi-Weekly
684,33,Male,Sandals,Footwear,2,1800,3600,Siliguri,S,Violet,Winter,2.7,Yes,Free Shipping,Yes,Yes,46,EMI,Monthly
685,63,Male,Hat,Accessories,1,4100,4100,Guwahati,M,Yellow,Summer,4.7,Yes,Express,Yes,Yes,48,Credit Card,Monthly
686,70,Male,Blouse,Clothing,1,3550,3550,Imphal,XL,Magenta,Winter,3.5,Yes,Standard,Yes,Yes,9,Credit Card,Fortnightly
687,70,Male,Sweater,Clothing,2,1750,3500,Aizawl,L,Beige,Fall,3,Yes,2-Day Shipping,Yes,Yes,11,Cash,Fortnightly
688,19,Male,Gloves,Accessories,1,1900,1900,Shillong,XL,Turquoise,Winter,3.3,Yes,Free Shipping,Yes,Yes,43,Cash,Quarterly
689,25,Male,Scarf,Accessories,3,2950,8850,Mumbai,S,Peach,Summer,4.7,Yes,Store Pickup,Yes,Yes,2,UPI,Monthly
690,19,Male,Hoodie,Clothing,3,4550,13650,Pune,M,Orange,Summer,4.7,Yes,Express,Yes,Yes,30,PhonePe,Every 3 Months
691,25,Male,Shorts,Clothing,1,3400,3400,Delhi,XL,Red,Spring,4.8,Yes,Standard,Yes,Yes,1,Google Pay,Weekly
692,60,Male,Backpack,Accessories,9,1050,9450,Bengaluru,L,Silver,Summer,2.9,Yes,Standard,Yes,Yes,26,Paytm,Bi-Weekly
693,35,Male,Sunglasses,Accessories,1,4750,4750,Hyderabad,M,Cyan,Spring,4,Yes,2-Day Shipping,Yes,Yes,14,Credit Card,Every 3 Months
694,46,Male,Shorts,Clothing,1,2600,2600,Chennai,L,Turquoise,Spring,3.1,Yes,Free Shipping,Yes,Yes,27,Debit Card,Every 3 Months
695,41,Male,Dress,Clothing,1,1050,1050,Kolkata,S,Charcoal,Fall,3.5,Yes,2-Day Shipping,Yes,Yes,9,Net Banking,Every 3 Months
696,30,Male,Shorts,Clothing,2,3350,6700,Ahmedabad,XL,Peach,Summer,3.7,Yes,Next Day Air,Yes,Yes,34,Amazon Pay,Every 3 Months
697,44,Male,Belt,Accessories,1,2100,2100,Surat,L,Green,Fall,2.8,Yes,Standard,Yes,Yes,38,EMI,Monthly
698,61,Male,Scarf,Accessories,3,3150,9450,Jaipur,XL,Brown,Summer,4.6,Yes,Free Shipping,Yes,Yes,35,Cash,Quarterly
699,55,Male,Boots,Footwear,2,2050,4100,Lucknow,M,Yellow,Winter,3.8,Yes,Standard,Yes,Yes,29,Bank Transfer,Weekly
700,50,Male,Handbag,Accessories,2,2300,4600,Kanpur,M,Charcoal,Fall,2.6,Yes,2-Day Shipping,Yes,Yes,20,Debit Card,Weekly
701,57,Male,Pants,Clothing,3,3950,11850,Nagpur,L,Olive,Winter,4.1,Yes,Standard,Yes,Yes,40,Bank Transfer,Monthly
702,51,Male,Boots,Footwear,1,4500,4500,Indore,L,Red,Fall,3.3,Yes,Next Day Air,Yes,Yes,29,Bank Transfer,Every 3 Months
703,18,Male,Shirt,Clothing,1,3550,3550,Bhopal,M,White,Winter,3.4,Yes,Store Pickup,Yes,Yes,15,Credit Card,Weekly
704,63,Male,Dress,Clothing,3,4350,13050,Patna,L,Pink,Summer,3,Yes,Standard,Yes,Yes,41,Cash,Weekly
705,34,Male,Hoodie,Clothing,1,3300,3300,Ranchi,S,Black,Spring,3.2,Yes,Express,Yes,Yes,1,UPI,Annually
706,25,Male,Pants,Clothing,2,4500,9000,Bhubaneswar,XL,Indigo,Summer,4.5,Yes,Free Shipping,Yes,Yes,25,PhonePe,Quarterly
707,46,Male,Jeans,Clothing,3,2350,7050,Visakhapatnam,L,Turquoise,Summer,4.8,Yes,Express,Yes,Yes,25,Google Pay,Weekly
708,59,Male,Shirt,Clothing,2,1900,3800,Vijayawada,L,Purple,Spring,3.7,Yes,Next Day Air,Yes,Yes,10,Paytm,Annually
709,37,Male,Backpack,Accessories,1,2500,2500,Kochi,L,Beige,Summer,3.4,Yes,Store Pickup,Yes,Yes,37,Credit Card,Fortnightly
710,49,Male,Jacket,Outerwear,3,3950,11850,Thiruvananthapuram,L,Charcoal,Summer,4.6,Yes,Standard,Yes,Yes,45,Debit Card,Monthly
711,22,Male,Scarf,Accessories,2,4550,9100,Coimbatore,L,Turquoise,Spring,4.1,Yes,Standard,Yes,Yes,44,Net Banking,Fortnightly
712,64,Male,Boots,Footwear,3,3000,9000,Madurai,M,Maroon,Spring,3.5,Yes,2-Day Shipping,Yes,Yes,16,Amazon Pay,Bi-Weekly
713,42,Male,Blouse,Clothing,1,4050,4050,Mysuru,XL,Black,Summer,3.8,Yes,Next Day Air,Yes,Yes,6,Amazon Pay,Quarterly
714,37,Male,Hoodie,Clothing,1,4500,4500,Mangaluru,M,Lavender,Summer,2.6,Yes,Express,Yes,Yes,33,Amazon Pay,Bi-Weekly
715,26,Male,Jacket,Outerwear,1,3500,3500,Nashik,M,Magenta,Fall,4.4,Yes,Store Pickup,Yes,Yes,41,Amazon Pay,Fortnightly
716,33,Male,Jeans,Clothing,2,3150,6300,Aurangabad,L,Green,Spring,2.6,Yes,Express,Yes,Yes,29,Amazon Pay,Quarterly
717,30,Male,Jewelry,Accessories,3,1450,4350,Kolhapur,M,Olive,Spring,3.6,Yes,Express,Yes,Yes,9,Bank Transfer,Bi-Weekly
718,21,Male,Socks,Clothing,1,4500,4500,Thane,L,Green,Spring,4.2,Yes,Express,Yes,Yes,4,Cash,Every 3 Months
719,22,Male,Shirt,Clothing,4,1100,4400,Navi Mumbai,M,Peach,Summer,4.6,Yes,Standard,Yes,Yes,11,Cash,Annually
720,63,Male,Shorts,Clothing,3,1100,3300,Vasai-Virar,L,Turquoise,Summer,3.3,Yes,Next Day Air,Yes,Yes,21,UPI,Bi-Weekly
721,33,Male,Jewelry,Accessories,3,3100,9300,Kalyan-Dombivli,L,Orange,Fall,3.4,Yes,Free Shipping,Yes,Yes,4,PhonePe,Weekly
722,43,Male,Blouse,Clothing,2,2850,5700,Noida,L,Silver,Summer,4.4,Yes,Next Day Air,Yes,Yes,2,Google Pay,Every 3 Months
723,27,Male,Sweater,Clothing,1,1600,1600,Gurugram,S,Blue,Summer,4.3,Yes,Store Pickup,Yes,Yes,2,Paytm,Bi-Weekly
724,35,Male,Jewelry,Accessories,2,2650,5300,Faridabad,L,Cyan,Fall,3.5,Yes,Express,Yes,Yes,33,Credit Card,Monthly
725,37,Male,T-shirt,Clothing,1,3950,3950,Ghaziabad,XL,Green,Fall,4.7,Yes,Store Pickup,Yes,Yes,3,Debit Card,Every 3 Months
726,61,Male,Hat,Accessories,3,3050,9150,Chandigarh,L,Silver,Winter,3.1,Yes,Standard,Yes,Yes,22,Net Banking,Fortnightly
727,32,Male,Shorts,Clothing,2,3900,7800,Ludhiana,L,Yellow,Summer,3.6,Yes,Next Day Air,Yes,Yes,12,Amazon Pay,Every 3 Months
728,62,Male,Sweater,Clothing,2,4850,9700,Amritsar,S,Gray,Winter,4.8,Yes,Next Day Air,Yes,Yes,50,EMI,Every 3 Months
729,29,Male,Jeans,Clothing,2,3900,7800,Jammu,M,Pink,Winter,3.7,Yes,Next Day Air,Yes,Yes,42,Cash,Every 3 Months
730,41,Male,Sunglasses,Accessories,3,2800,8400,Srinagar,L,Beige,Summer,3.2,Yes,Express,Yes,Yes,5,UPI,Every 3 Months
731,48,Male,Boots,Footwear,1,1250,1250,Shimla,M,Indigo,Summer,3.9,Yes,Standard,Yes,Yes,24,PhonePe,Fortnightly
732,43,Male,Coat,Outerwear,2,1400,2800,Dehradun,M,Red,Spring,3.5,Yes,Free Shipping,Yes,Yes,39,Google Pay,Fortnightly
733,34,Male,Shirt,Clothing,3,2850,8550,Agra,L,Blue,Spring,2.8,Yes,Express,Yes,Yes,19,Paytm,Bi-Weekly
734,45,Male,Dress,Clothing,1,1800,1800,Varanasi,L,Cyan,Fall,2.7,Yes,2-Day Shipping,Yes,Yes,20,Credit Card,Bi-Weekly
735,65,Male,Shirt,Clothing,3,3450,10350,Prayagraj,S,Violet,Winter,3.1,Yes,Express,Yes,Yes,29,Debit Card,Every 3 Months
736,61,Male,Sunglasses,Accessories,2,2400,4800,Gwalior,M,Orange,Fall,3.6,Yes,2-Day Shipping,Yes,Yes,12,Net Banking,Bi-Weekly
737,18,Male,Dress,Clothing,1,2900,2900,Jabalpur,L,Maroon,Spring,2.9,Yes,2-Day Shipping,Yes,Yes,28,Amazon Pay,Every 3 Months
738,47,Male,Sunglasses,Accessories,3,1200,3600,Raipur,M,Teal,Spring,3.6,Yes,Store Pickup,Yes,Yes,14,EMI,Annually
739,56,Male,Sunglasses,Accessories,3,1550,4650,Goa,L,Orange,Winter,3.5,Yes,2-Day Shipping,Yes,Yes,9,Bank Transfer,Quarterly
740,64,Male,Shorts,Clothing,2,1450,2900,Udaipur,S,Purple,Summer,3.5,Yes,Free Shipping,Yes,Yes,12,Google Pay,Bi-Weekly
741,26,Male,Jeans,Clothing,1,3450,3450,Jodhpur,M,Orange,Summer,2.8,Yes,Next Day Air,Yes,Yes,36,Cash,Fortnightly
742,22,Male,T-shirt,Clothing,1,3950,3950,Rajkot,XL,Yellow,Summer,4.7,Yes,Free Shipping,Yes,Yes,46,EMI,Every 3 Months
743,64,Male,Pants,Clothing,3,1950,5850,Vadodara,M,Charcoal,Summer,3.1,Yes,Express,Yes,Yes,46,Debit Card,Quarterly
744,21,Male,Sunglasses,Accessories,1,4200,4200,Siliguri,L,Gray,Fall,4.9,Yes,Free Shipping,Yes,Yes,17,Paytm,Weekly
745,67,Male,Boots,Footwear,1,3300,3300,Guwahati,S,Charcoal,Spring,4.1,Yes,Next Day Air,Yes,Yes,39,Net Banking,Bi-Weekly
746,46,Male,T-shirt,Clothing,1,4600,4600,Imphal,L,Orange,Fall,4.7,Yes,Standard,Yes,Yes,23,UPI,Monthly
747,40,Male,Sandals,Footwear,3,2250,6750,Aizawl,M,Red,Winter,2.5,Yes,Free Shipping,Yes,Yes,50,Amazon Pay,Annually
748,51,Male,Shorts,Clothing,3,3700,11100,Shillong,L,Gold,Spring,4.4,Yes,Next Day Air,Yes,Yes,11,Credit Card,Weekly
749,35,Male,Hat,Accessories,2,1950,3900,Mumbai,L,Brown,Fall,3.9,Yes,Free Shipping,Yes,Yes,36,PhonePe,Quarterly
750,56,Male,Scarf,Accessories,1,3550,3550,Pune,M,Olive,Winter,3.7,Yes,Standard,Yes,Yes,49,Google Pay,Quarterly
751,25,Male,T-shirt,Clothing,3,4750,14250,Delhi,L,Violet,Fall,3.4,Yes,Free Shipping,Yes,Yes,16,Cash,Annually
752,65,Male,Gloves,Accessories,1,3600,3600,Bengaluru,L,Indigo,Fall,4.8,Yes,Free Shipping,Yes,Yes,12,EMI,Monthly
753,39,Male,Scarf,Accessories,2,4250,8500,Hyderabad,L,Yellow,Fall,4.2,Yes,2-Day Shipping,Yes,Yes,32,Debit Card,Every 3 Months
754,47,Male,Boots,Footwear,2,2700,5400,Chennai,M,Teal,Fall,3.4,Yes,Store Pickup,Yes,Yes,16,Paytm,Quarterly
755,36,Male,Gloves,Accessories,3,2050,6150,Kolkata,L,Pink,Spring,2.9,Yes,Store Pickup,Yes,Yes,48,Net Banking,Quarterly
756,66,Male,Coat,Outerwear,1,1200,1200,Ahmedabad,M,Violet,Spring,3.3,Yes,Free Shipping,Yes,Yes,9,UPI,Weekly
757,62,Male,Belt,Accessories,2,4950,9900,Surat,S,Orange,Summer,4.8,Yes,Standard,Yes,Yes,1,Amazon Pay,Fortnightly
758,41,Male,Hoodie,Clothing,1,1600,1600,Jaipur,M,Red,Fall,3.8,Yes,Store Pickup,Yes,Yes,33,Credit Card,Quarterly
759,66,Male,Shoes,Footwear,2,3550,7100,Lucknow,L,Peach,Summer,4.6,Yes,2-Day Shipping,Yes,Yes,43,PhonePe,Every 3 Months
760,51,Male,Dress,Clothing,2,2450,4900,Kanpur,XL,Green,Winter,2.6,Yes,Next Day Air,Yes,Yes,36,Credit Card,Fortnightly
761,33,Male,Gloves,Accessories,2,2500,5000,Nagpur,XL,Violet,Fall,3.4,Yes,Free Shipping,Yes,Yes,29,UPI,Annually
762,57,Male,Jewelry,Accessories,3,4550,13650,Indore,L,Yellow,Fall,4.2,Yes,Express,Yes,Yes,23,Paytm,Weekly
763,45,Male,Belt,Accessories,2,2300,4600,Bhopal,M,Pink,Fall,3.9,Yes,Standard,Yes,Yes,11,Cash,Fortnightly
764,61,Male,Sweater,Clothing,2,2500,5000,Patna,M,Brown,Spring,2.9,Yes,2-Day Shipping,Yes,Yes,33,Amazon Pay,Monthly
765,55,Male,Skirt,Clothing,2,1950,3900,Ranchi,XL,Silver,Fall,4.2,Yes,Free Shipping,Yes,Yes,7,PhonePe,Quarterly
766,54,Male,Sneakers,Footwear,1,4950,4950,Bhubaneswar,M,Pink,Summer,3,Yes,Store Pickup,Yes,Yes,19,Net Banking,Quarterly
767,57,Male,Gloves,Accessories,3,2400,7200,Visakhapatnam,M,Cyan,Winter,3.6,Yes,Next Day Air,Yes,Yes,15,EMI,Monthly
768,27,Male,Coat,Outerwear,1,3850,3850,Vijayawada,M,Brown,Fall,2.5,Yes,Next Day Air,Yes,Yes,31,Google Pay,Annually
769,64,Male,Backpack,Accessories,1,4750,4750,Kochi,XL,Red,Spring,2.6,Yes,Express,Yes,Yes,31,Debit Card,Weekly
770,52,Male,Socks,Clothing,2,5000,10000,Thiruvananthapuram,M,Silver,Spring,4.3,Yes,Store Pickup,Yes,Yes,26,UPI,Monthly
771,19,Male,Sneakers,Footwear,1,2700,2700,Coimbatore,M,Gray,Spring,3.3,Yes,Express,Yes,Yes,24,PhonePe,Annually
772,22,Male,Sweater,Clothing,1,3400,3400,Madurai,L,Cyan,Fall,2.6,Yes,Next Day Air,Yes,Yes,41,Google Pay,Fortnightly
773,18,Male,Jeans,Clothing,1,1100,1100,Mysuru,L,Teal,Fall,3.6,Yes,Free Shipping,Yes,Yes,27,Paytm,Bi-Weekly
774,29,Male,Hat,Accessories,1,4200,4200,Mangaluru,L,Indigo,Winter,2.6,Yes,Express,Yes,Yes,11,Credit Card,Bi-Weekly
775,42,Male,Hat,Accessories,2,2300,4600,Nashik,M,Yellow,Summer,3.5,Yes,Standard,Yes,Yes,19,Debit Card,Quarterly
776,49,Male,Handbag,Accessories,2,2650,5300,Aurangabad,S,Gold,Winter,3,Yes,Store Pickup,Yes,Yes,34,Cash,Monthly
777,49,Male,Shirt,Clothing,3,3000,9000,Kolhapur,M,Maroon,Spring,5,Yes,Standard,Yes,Yes,7,Net Banking,Every 3 Months
778,55,Male,Socks,Clothing,3,1600,4800,Thane,XL,Silver,Spring,2.5,Yes,Express,Yes,Yes,13,Amazon Pay,Weekly
779,29,Male,Socks,Clothing,2,2500,5000,Navi Mumbai,M,Yellow,Summer,2.9,Yes,Store Pickup,Yes,Yes,32,EMI,Annually
780,60,Male,Dress,Clothing,5,4700,23500,Vasai-Virar,M,Blue,Spring,4.6,Yes,Express,Yes,Yes,34,UPI,Annually
781,34,Male,Shoes,Footwear,1,1300,1300,Kalyan-Dombivli,M,Turquoise,Spring,3.6,Yes,Free Shipping,Yes,Yes,46,PhonePe,Quarterly
782,30,Male,Scarf,Accessories,3,2200,6600,Noida,L,Indigo,Winter,3,Yes,Store Pickup,Yes,Yes,32,Google Pay,Fortnightly
783,28,Male,Hoodie,Clothing,1,2850,2850,Gurugram,M,Green,Summer,4.5,Yes,Standard,Yes,Yes,37,Paytm,Weekly
784,63,Male,T-shirt,Clothing,2,3250,6500,Faridabad,L,Purple,Winter,4.5,Yes,Next Day Air,Yes,Yes,29,Credit Card,Fortnightly
785,31,Male,Jeans,Clothing,1,3600,3600,Ghaziabad,M,Peach,Winter,3.2,Yes,Store Pickup,Yes,Yes,28,Debit Card,Every 3 Months
786,46,Male,Shorts,Clothing,3,3100,9300,Chandigarh,S,Purple,Spring,4,Yes,Next Day Air,Yes,Yes,1,Cash,Fortnightly
787,70,Male,Hat,Accessories,3,1050,3150,Ludhiana,S,Teal,Winter,4.8,Yes,Express,Yes,Yes,6,Net Banking,Every 3 Months
788,53,Male,Handbag,Accessories,1,4250,4250,Amritsar,S,Green,Spring,3.7,Yes,Free Shipping,Yes,Yes,25,Amazon Pay,Weekly
789,50,Male,Pants,Clothing,1,2550,2550,Jammu,XL,Yellow,Summer,3.8,Yes,Store Pickup,Yes,Yes,18,EMI,Quarterly
790,33,Male,Handbag,Accessories,1,4200,4200,Srinagar,S,Purple,Fall,2.7,Yes,Standard,Yes,Yes,36,Cash,Bi-Weekly
791,22,Male,Sweater,Clothing,3,1850,5550,Shimla,M,Indigo,Summer,4.9,Yes,Store Pickup,Yes,Yes,24,Debit Card,Quarterly
792,50,Male,Scarf,Accessories,6,2200,13200,Dehradun,S,Magenta,Summer,3.1,Yes,2-Day Shipping,Yes,Yes,32,Debit Card,Fortnightly
793,34,Male,Sneakers,Footwear,2,2250,4500,Agra,M,Violet,Spring,4.2,Yes,Next Day Air,Yes,Yes,3,Credit Card,Weekly
794,24,Male,Pants,Clothing,1,1750,1750,Varanasi,L,Maroon,Summer,3.8,Yes,Free Shipping,Yes,Yes,14,Debit Card,Monthly
795,69,Male,Backpack,Accessories,1,2500,2500,Prayagraj,XL,Yellow,Winter,4.2,Yes,Store Pickup,Yes,Yes,13,Paytm,Fortnightly
796,39,Male,Sandals,Footwear,1,1300,1300,Gwalior,M,Beige,Summer,4.6,Yes,Store Pickup,Yes,Yes,8,Credit Card,Annually
797,42,Male,Socks,Clothing,1,3900,3900,Jabalpur,XL,Black,Fall,4,Yes,2-Day Shipping,Yes,Yes,48,Debit Card,Annually
798,42,Male,Coat,Outerwear,1,4100,4100,Raipur,M,Violet,Fall,4,Yes,2-Day Shipping,Yes,Yes,8,Cash on Delivery,Weekly
799,29,Male,Socks,Clothing,1,1950,1950,Goa,M,Violet,Spring,3.8,Yes,2-Day Shipping,Yes,Yes,23,Net Banking,Every 3 Months
800,55,Male,Belt,Accessories,3,2750,8250,Udaipur,L,Brown,Summer,,Yes,Free Shipping,Yes,Yes,13,Amazon Pay,Annually
801,32,Male,Socks,Clothing,1,1000,1000,Jodhpur,S,Gold,Summer,2.6,Yes,Free Shipping,Yes,Yes,3,EMI,Every 3 Months
802,25,Male,Belt,Accessories,1,1450,1450,Rajkot,L,Blue,Fall,4.9,Yes,Express,Yes,Yes,29,UPI,Fortnightly
803,38,Male,Pants,Clothing,1,2050,2050,Vadodara,M,Teal,Winter,3.5,Yes,Next Day Air,Yes,Yes,21,PhonePe,Weekly
804,32,Male,Shorts,Clothing,3,1900,5700,Siliguri,L,Silver,Winter,2.8,Yes,Express,Yes,Yes,7,Google Pay,Every 3 Months
805,43,Male,Boots,Footwear,1,2350,2350,Guwahati,M,Maroon,Summer,2.6,Yes,Store Pickup,Yes,Yes,27,Paytm,Quarterly
806,41,Male,Dress,Clothing,1,1500,1500,Imphal,L,White,Summer,3.7,Yes,Next Day Air,Yes,Yes,29,Credit Card,Monthly
807,56,Male,Jeans,Clothing,1,2800,2800,Aizawl,L,Charcoal,Summer,2.7,Yes,Standard,Yes,Yes,14,Debit Card,Quarterly
808,27,Male,T-shirt,Clothing,3,4450,13350,Shillong,S,Brown,Winter,3.3,Yes,Express,Yes,Yes,4,Cash,Weekly
809,46,Male,Shoes,Footwear,1,4800,4800,Patna,L,Lavender,Fall,4.6,Yes,Next Day Air,Yes,Yes,38,UPI,Every 3 Months
810,48,Male,Boots,Footwear,1,4050,4050,Ranchi,M,Violet,Fall,4.9,Yes,Next Day Air,Yes,Yes,6,PhonePe,Bi-Weekly
811,52,Male,Scarf,Accessories,2,4150,8300,Bhubaneswar,S,Lavender,Fall,4.9,Yes,Store Pickup,Yes,Yes,31,Google Pay,Bi-Weekly
812,18,Male,Sneakers,Footwear,1,1750,1750,Visakhapatnam,M,Green,Winter,2.7,Yes,Free Shipping,Yes,Yes,28,Paytm,Quarterly
813,64,Male,Boots,Footwear,1,2800,2800,Vijayawada,M,Olive,Summer,3.2,Yes,Standard,Yes,Yes,45,Credit Card,Weekly
814,54,Male,Handbag,Accessories,1,2250,2250,Kochi,S,Olive,Summer,2.9,Yes,Store Pickup,Yes,Yes,20,Debit Card,Annually
815,31,Male,Shirt,Clothing,3,3100,9300,Thiruvananthapuram,M,Pink,Winter,3.8,Yes,Express,Yes,Yes,32,Net Banking,Monthly
816,30,Male,Hat,Accessories,3,4200,12600,Coimbatore,L,Teal,Spring,3,Yes,Next Day Air,Yes,Yes,27,Amazon Pay,Bi-Weekly
817,26,Male,Sweater,Clothing,3,1200,3600,Madurai,L,Cyan,Summer,3.9,Yes,Store Pickup,Yes,Yes,34,EMI,Monthly
818,25,Male,Handbag,Accessories,3,1050,3150,Mysuru,S,Gray,Spring,4.7,Yes,Store Pickup,Yes,Yes,30,Cash,Fortnightly
819,59,Male,Shirt,Clothing,1,4550,4550,Mangaluru,M,Peach,Winter,4.9,Yes,Store Pickup,Yes,Yes,46,Debit Card,Monthly
820,55,Male,Sunglasses,Accessories,3,1800,5400,Nashik,S,Teal,Winter,4.8,Yes,Next Day Air,Yes,Yes,31,Debit Card,Quarterly
821,56,Male,Sneakers,Footwear,1,1950,1950,Aurangabad,M,Turquoise,Spring,2.5,Yes,2-Day Shipping,Yes,Yes,33,Credit Card,Monthly
822,62,Male,Hoodie,Clothing,1,1950,1950,Kolhapur,M,Green,Spring,3.9,Yes,Standard,Yes,Yes,41,Credit Card,Bi-Weekly
823,35,Male,Shirt,Clothing,3,2950,8850,Thane,L,Magenta,Winter,3.4,Yes,Standard,Yes,Yes,35,Credit Card,Annually
824,51,Male,Sunglasses,Accessories,2,1350,2700,Navi Mumbai,M,Green,Winter,2.5,Yes,Free Shipping,Yes,Yes,35,Debit Card,Quarterly
825,61,Male,Blouse,Clothing,3,4700,14100,Vasai-Virar,M,White,Spring,3,Yes,Store Pickup,Yes,Yes,50,Credit Card,Quarterly
826,27,Male,Belt,Accessories,1,4700,4700,Kalyan-Dombivli,XL,Brown,Fall,3.6,Yes,Next Day Air,Yes,Yes,50,Credit Card,Monthly
827,54,Male,Dress,Clothing,1,4700,4700,Noida,M,Purple,Winter,3.6,Yes,Standard,Yes,Yes,46,Debit Card,Weekly
828,31,Male,Shoes,Footwear,2,2550,5100,Gurugram,S,Green,Fall,4.1,Yes,Free Shipping,Yes,Yes,2,Cash,Fortnightly
829,24,Male,Socks,Clothing,3,3100,9300,Faridabad,M,Peach,Fall,3.7,Yes,2-Day Shipping,Yes,Yes,46,UPI,Bi-Weekly
830,42,Male,Socks,Clothing,1,2850,2850,Ghaziabad,S,Silver,Spring,,Yes,2-Day Shipping,Yes,Yes,18,PhonePe,Fortnightly
831,41,Male,Shorts,Clothing,3,3800,11400,Chandigarh,M,Maroon,Fall,4.2,Yes,Express,Yes,Yes,12,Google Pay,Annually
832,66,Male,Gloves,Accessories,3,3150,9450,Ludhiana,M,Red,Summer,4.3,Yes,Express,Yes,Yes,48,Paytm,Every 3 Months
833,58,Male,Jacket,Outerwear,2,4000,8000,Amritsar,L,Blue,Fall,2.5,Yes,Express,Yes,Yes,40,Credit Card,Bi-Weekly
834,43,Male,Handbag,Accessories,1,3400,3400,Jammu,M,Purple,Fall,3.5,Yes,Standard,Yes,Yes,37,Debit Card,Annually
835,52,Male,Backpack,Accessories,2,4450,8900,Srinagar,M,Indigo,Summer,3.1,Yes,Free Shipping,Yes,Yes,30,Net Banking,Weekly
836,35,Male,Boots,Footwear,1,1300,1300,Shimla,L,Indigo,Summer,2.5,Yes,Next Day Air,Yes,Yes,17,Amazon Pay,Weekly
837,23,Male,Gloves,Accessories,3,4500,13500,Dehradun,L,Violet,Winter,3.9,Yes,Store Pickup,Yes,Yes,31,EMI,Bi-Weekly
838,25,Male,Hoodie,Clothing,3,1400,4200,Agra,L,Brown,Spring,4.9,Yes,Express,Yes,Yes,7,Cash,Every 3 Months
839,33,Male,Coat,Outerwear,1,1450,1450,Varanasi,M,Gray,Spring,4.3,Yes,Express,Yes,Yes,23,Cash,Annually
840,48,Male,Shirt,Clothing,1,1550,1550,Prayagraj,L,Teal,Spring,2.6,Yes,Free Shipping,Yes,Yes,10,Debit Card,Every 3 Months
841,42,Male,Shirt,Clothing,3,1200,3600,Gwalior,L,Teal,Summer,4.2,Yes,2-Day Shipping,Yes,Yes,12,Cash,Weekly
842,55,Male,Sweater,Clothing,3,4400,13200,Jabalpur,M,Beige,Summer,2.6,Yes,Store Pickup,Yes,Yes,14,UPI,Fortnightly
843,59,Male,Shirt,Clothing,1,4350,4350,Raipur,M,Violet,Spring,3.6,Yes,Express,Yes,Yes,44,PhonePe,Weekly
844,65,Male,Hoodie,Clothing,1,4000,4000,Goa,S,Beige,Summer,3.2,Yes,Express,Yes,Yes,42,Google Pay,Weekly
845,59,Male,Sandals,Footwear,2,2400,4800,Udaipur,L,Purple,Winter,4.4,Yes,Express,Yes,Yes,31,Paytm,Bi-Weekly
846,31,Male,Belt,Accessories,2,1050,2100,Jodhpur,XL,Charcoal,Winter,3.7,Yes,Standard,Yes,Yes,13,Credit Card,Monthly
847,49,Male,Boots,Footwear,3,3600,10800,Rajkot,M,Pink,Spring,3.7,Yes,Express,Yes,Yes,17,Debit Card,Quarterly
848,53,Male,Hoodie,Clothing,3,2200,6600,Vadodara,L,Blue,Fall,4.1,Yes,Standard,Yes,Yes,10,Net Banking,Monthly
849,48,Male,Sandals,Footwear,3,3650,10950,Siliguri,M,Lavender,Fall,3.6,Yes,Store Pickup,Yes,Yes,49,Amazon Pay,Bi-Weekly
850,23,Male,Jeans,Clothing,1,3050,3050,Guwahati,S,Charcoal,Spring,4.3,Yes,Express,Yes,Yes,5,EMI,Quarterly
851,68,Male,Shoes,Footwear,1,1000,1000,Imphal,L,Turquoise,Winter,2.6,Yes,Store Pickup,Yes,Yes,2,Credit Card,Monthly
852,35,Male,Sandals,Footwear,1,4300,4300,Aizawl,M,Red,Summer,2.9,Yes,Express,Yes,Yes,15,Credit Card,Monthly
853,34,Male,Dress,Clothing,1,3000,3000,Shillong,L,Yellow,Spring,4.2,Yes,Next Day Air,Yes,Yes,39,Bank Transfer,Every 3 Months
854,62,Male,Hat,Accessories,3,2150,6450,Mumbai,L,Orange,Winter,4,Yes,Free Shipping,Yes,Yes,46,Bank Transfer,Monthly
855,21,Male,Pants,Clothing,1,2200,2200,Pune,L,Blue,Spring,4.3,Yes,Free Shipping,Yes,Yes,6,Debit Card,Monthly
856,70,Male,Socks,Clothing,2,3800,7600,Delhi,L,Gold,Spring,3,Yes,2-Day Shipping,Yes,Yes,45,Cash,Quarterly
857,55,Male,Shirt,Clothing,1,1650,1650,Bengaluru,M,Gold,Summer,3.5,Yes,Express,Yes,Yes,5,Debit Card,Fortnightly
858,43,Male,Shorts,Clothing,3,3000,9000,Hyderabad,L,Cyan,Fall,,Yes,Standard,Yes,Yes,29,Credit Card,Every 3 Months
859,19,Male,Jacket,Outerwear,3,1300,3900,Chennai,L,Olive,Fall,3.1,Yes,Free Shipping,Yes,Yes,33,Cash,Weekly
860,47,Male,Hoodie,Clothing,1,3650,3650,Kolkata,M,Teal,Winter,4,Yes,Next Day Air,Yes,Yes,33,Credit Card,Monthly
861,26,Male,Shoes,Footwear,1,4350,4350,Ahmedabad,M,Maroon,Spring,4.1,Yes,Standard,Yes,Yes,50,Credit Card,Monthly
862,46,Male,Skirt,Clothing,2,5000,10000,Surat,XL,Green,Spring,,Yes,2-Day Shipping,Yes,Yes,9,Cash,Every 3 Months
863,19,Male,Coat,Outerwear,1,4200,4200,Jaipur,M,Charcoal,Winter,4.9,Yes,Standard,Yes,Yes,6,UPI,Fortnightly
864,49,Male,Sneakers,Footwear,3,2050,6150,Lucknow,M,Cyan,Summer,3.9,Yes,Standard,Yes,Yes,29,PhonePe,Fortnightly
865,51,Male,Jeans,Clothing,2,2950,5900,Kanpur,S,Charcoal,Winter,3.9,Yes,Next Day Air,Yes,Yes,10,Google Pay,Annually
866,64,Male,Blouse,Clothing,1,1300,1300,Nagpur,L,Charcoal,Winter,4.8,Yes,Store Pickup,Yes,Yes,13,Paytm,Annually
867,67,Male,Sunglasses,Accessories,3,3450,10350,Indore,M,Lavender,Summer,2.7,Yes,Free Shipping,Yes,Yes,16,Credit Card,Bi-Weekly
868,37,Male,Jacket,Outerwear,2,1000,2000,Bhopal,M,Turquoise,Spring,3.1,Yes,Free Shipping,Yes,Yes,3,Debit Card,Fortnightly
869,40,Male,Dress,Clothing,2,4150,8300,Patna,M,Green,Summer,3.2,Yes,Next Day Air,Yes,Yes,21,Net Banking,Every 3 Months
870,38,Male,Hat,Accessories,2,2700,5400,Ranchi,M,Silver,Spring,2.7,Yes,2-Day Shipping,Yes,Yes,11,Amazon Pay,Weekly
871,66,Male,Hoodie,Clothing,1,3300,3300,Bhubaneswar,M,Blue,Fall,2.5,Yes,Standard,Yes,Yes,19,EMI,Bi-Weekly
872,47,Male,Handbag,Accessories,2,2100,4200,Visakhapatnam,M,Charcoal,Spring,2.6,Yes,Next Day Air,Yes,Yes,17,Credit Card,Quarterly
873,56,Male,Jeans,Clothing,1,1650,1650,Vijayawada,M,Pink,Spring,2.9,Yes,Standard,Yes,Yes,18,Cash,Quarterly
874,51,Male,Boots,Footwear,1,3850,3850,Kochi,M,Pink,Summer,4.2,Yes,Free Shipping,Yes,Yes,15,UPI,Quarterly
875,25,Male,Jacket,Outerwear,3,3250,9750,Thiruvananthapuram,M,Magenta,Fall,4.4,Yes,Free Shipping,Yes,Yes,36,PhonePe,Every 3 Months
876,37,Male,Sandals,Footwear,1,1950,1950,Coimbatore,L,Gray,Summer,4.1,Yes,Free Shipping,Yes,Yes,7,Google Pay,Every 3 Months
877,41,Male,Belt,Accessories,3,2550,7650,Madurai,L,Gray,Summer,3.8,Yes,2-Day Shipping,Yes,Yes,16,Paytm,Weekly
878,64,Male,Handbag,Accessories,3,3250,9750,Mysuru,M,Orange,Winter,4.9,Yes,Next Day Air,Yes,Yes,45,Credit Card,Every 3 Months
879,23,Male,Sunglasses,Accessories,3,4450,13350,Mangaluru,S,Black,Summer,4.9,Yes,Express,Yes,Yes,11,Debit Card,Weekly
880,62,Male,Skirt,Clothing,3,3800,11400,Nashik,S,Lavender,Spring,4.1,Yes,Free Shipping,Yes,Yes,8,Net Banking,Quarterly
881,39,Male,Backpack,Accessories,3,3750,11250,Aurangabad,L,Red,Spring,3.1,Yes,Express,Yes,Yes,31,Amazon Pay,Monthly
882,52,Male,Sandals,Footwear,3,3050,9150,Kolhapur,M,Silver,Summer,2.7,Yes,Next Day Air,Yes,Yes,25,EMI,Annually
883,50,Male,Boots,Footwear,1,1750,1750,Thane,M,Cyan,Fall,3.8,Yes,Next Day Air,Yes,Yes,31,Cash,Every 3 Months
884,28,Male,Sneakers,Footwear,2,1850,3700,Navi Mumbai,S,Gold,Fall,4.3,Yes,Free Shipping,Yes,Yes,30,UPI,Monthly
885,67,Male,Skirt,Clothing,3,4550,13650,Vasai-Virar,L,Yellow,Winter,4.1,Yes,Express,Yes,Yes,13,PhonePe,Weekly
886,41,Male,Dress,Clothing,1,4950,4950,Kalyan-Dombivli,L,Purple,Fall,4.4,Yes,Free Shipping,Yes,Yes,26,Google Pay,Every 3 Months
887,19,Male,Shorts,Clothing,2,2700,5400,Noida,S,Brown,Summer,3.6,Yes,Express,Yes,Yes,47,Paytm,Monthly
888,70,Male,Handbag,Accessories,1,2350,2350,Gurugram,L,Turquoise,Winter,3.3,Yes,2-Day Shipping,Yes,Yes,15,Credit Card,Fortnightly
889,49,Male,Scarf,Accessories,3,3850,11550,Faridabad,S,Gold,Spring,,Yes,Express,Yes,Yes,11,Debit Card,Annually
890,59,Male,Belt,Accessories,1,4200,4200,Ghaziabad,S,Olive,Fall,2.8,Yes,Free Shipping,Yes,Yes,31,Net Banking,Weekly
891,52,Male,Gloves,Accessories,2,2550,5100,Chandigarh,S,Purple,Spring,4.3,Yes,2-Day Shipping,Yes,Yes,25,Amazon Pay,Monthly
892,20,Male,Skirt,Clothing,3,1300,3900,Ludhiana,S,Lavender,Summer,3.9,Yes,Store Pickup,Yes,Yes,17,EMI,Every 3 Months
893,31,Male,Shorts,Clothing,2,3200,6400,Amritsar,L,Gray,Summer,2.7,Yes,Free Shipping,Yes,Yes,49,Cash,Monthly
894,33,Male,Backpack,Accessories,2,2550,5100,Jammu,M,Red,Spring,4.7,Yes,Express,Yes,Yes,6,Cash,Monthly
895,44,Male,Hoodie,Clothing,3,3000,9000,Srinagar,L,Purple,Spring,3.8,Yes,Free Shipping,Yes,Yes,29,UPI,Quarterly
896,40,Male,Hat,Accessories,1,3450,3450,Shimla,XL,Olive,Spring,4.7,Yes,Next Day Air,Yes,Yes,24,PhonePe,Quarterly
897,69,Male,Jewelry,Accessories,2,1450,2900,Dehradun,M,Lavender,Spring,4.7,Yes,Express,Yes,Yes,49,Google Pay,Fortnightly
898,29,Male,Shirt,Clothing,2,4550,9100,Agra,M,Gray,Spring,3.4,Yes,Express,Yes,Yes,27,Paytm,Weekly
899,54,Male,Belt,Accessories,2,3500,7000,Varanasi,L,Red,Spring,3.5,Yes,2-Day Shipping,Yes,Yes,8,Credit Card,Every 3 Months
900,65,Male,Sweater,Clothing,1,2900,2900,Prayagraj,M,Peach,Summer,4,Yes,Standard,Yes,Yes,31,Debit Card,Annually
901,54,Male,Hat,Accessories,1,4900,4900,Gwalior,L,Gray,Fall,3.3,Yes,Free Shipping,Yes,Yes,10,Net Banking,Quarterly
902,60,Male,Scarf,Accessories,2,3400,6800,Jabalpur,L,Violet,Summer,4.7,Yes,2-Day Shipping,Yes,Yes,26,Amazon Pay,Monthly
903,43,Male,Hat,Accessories,3,2200,6600,Raipur,M,Beige,Summer,2.8,Yes,Next Day Air,Yes,Yes,12,EMI,Monthly
904,44,Male,Jacket,Outerwear,3,2250,6750,Goa,M,Blue,Winter,3.3,Yes,Express,Yes,Yes,17,Cash,Quarterly
905,69,Male,T-shirt,Clothing,2,4950,9900,Udaipur,L,Magenta,Spring,2.9,Yes,Free Shipping,Yes,Yes,29,Cash,Every 3 Months
906,46,Male,Dress,Clothing,2,3400,6800,Jodhpur,S,Cyan,Spring,2.8,Yes,Standard,Yes,Yes,14,UPI,Annually
907,41,Male,Pants,Clothing,1,2800,2800,Rajkot,M,Red,Spring,4.2,Yes,Standard,Yes,Yes,2,PhonePe,Bi-Weekly
908,32,Male,Sweater,Clothing,2,2150,4300,Vadodara,L,Cyan,Winter,4.4,Yes,Express,Yes,Yes,8,Google Pay,Bi-Weekly
909,26,Male,Sunglasses,Accessories,2,4950,9900,Siliguri,M,Turquoise,Winter,3.6,Yes,Free Shipping,Yes,Yes,36,Paytm,Every 3 Months
910,61,Male,Belt,Accessories,2,2800,5600,Guwahati,L,Silver,Fall,2.7,Yes,Express,Yes,Yes,36,Credit Card,Weekly
911,49,Male,Hoodie,Clothing,1,1250,1250,Imphal,S,Pink,Spring,3.4,Yes,Express,Yes,Yes,25,Debit Card,Monthly
912,53,Male,Pants,Clothing,2,3700,7400,Aizawl,M,Black,Winter,2.8,Yes,2-Day Shipping,Yes,Yes,1,Net Banking,Quarterly
913,24,Male,Hoodie,Clothing,1,2800,2800,Shillong,M,Green,Winter,3.4,Yes,Next Day Air,Yes,Yes,47,Amazon Pay,Monthly
914,37,Male,Sneakers,Footwear,3,2350,7050,Patna,M,Yellow,Fall,2.6,Yes,Next Day Air,Yes,Yes,26,EMI,Every 3 Months
915,43,Male,Dress,Clothing,1,3350,3350,Ranchi,L,Purple,Summer,4.1,Yes,Standard,Yes,Yes,38,Debit Card,Every 3 Months
916,31,Male,Dress,Clothing,2,1100,2200,Bhubaneswar,L,Purple,Winter,2.9,Yes,Store Pickup,Yes,Yes,45,Google Pay,Fortnightly
917,49,Male,Jeans,Clothing,2,1700,3400,Visakhapatnam,S,Blue,Spring,2.7,Yes,Standard,Yes,Yes,29,Bank Transfer,Monthly
918,69,Male,Sweater,Clothing,3,3200,9600,Vijayawada,M,Maroon,Spring,3.7,Yes,Standard,Yes,Yes,22,Debit Card,Quarterly
919,65,Male,Shorts,Clothing,2,2100,4200,Kochi,M,Orange,Spring,4.3,Yes,2-Day Shipping,Yes,Yes,47,Cash,Fortnightly
920,41,Male,Shirt,Clothing,3,4100,12300,Thiruvananthapuram,L,Green,Winter,2.6,Yes,2-Day Shipping,Yes,Yes,18,UPI,Bi-Weekly
921,37,Male,Belt,Accessories,2,4050,8100,Coimbatore,XL,Gold,Summer,4.3,Yes,Free Shipping,Yes,Yes,17,PhonePe,Weekly
922,70,Male,Coat,Outerwear,1,1200,1200,Madurai,L,Silver,Summer,4.1,Yes,Express,Yes,Yes,40,Google Pay,Weekly
923,63,Male,Sneakers,Footwear,1,3000,3000,Mysuru,M,Cyan,Fall,4.2,Yes,Standard,Yes,Yes,23,Paytm,Monthly
924,55,Male,Shirt,Clothing,2,1200,2400,Mangaluru,M,Silver,Spring,4.2,Yes,2-Day Shipping,Yes,Yes,30,Credit Card,Weekly
925,52,Male,Socks,Clothing,1,3900,3900,Nashik,XL,Beige,Winter,3.1,Yes,Standard,Yes,Yes,45,Debit Card,Quarterly
926,22,Male,Jeans,Clothing,3,4400,13200,Aurangabad,L,Teal,Winter,4.9,Yes,Express,Yes,Yes,5,Net Banking,Monthly
927,54,Male,Jeans,Clothing,1,3150,3150,Kolhapur,XL,Green,Spring,4.4,Yes,Express,Yes,Yes,19,Amazon Pay,Bi-Weekly
928,28,Male,Sneakers,Footwear,3,3900,11700,Thane,L,Black,Summer,4.4,Yes,Standard,Yes,Yes,6,EMI,Bi-Weekly
929,67,Male,Dress,Clothing,3,1850,5550,Navi Mumbai,XL,Yellow,Winter,3.4,Yes,Store Pickup,Yes,Yes,20,Bank Transfer,Every 3 Months
930,59,Male,Boots,Footwear,1,4700,4700,Vasai-Virar,M,White,Fall,4.5,Yes,2-Day Shipping,Yes,Yes,42,Cash,Fortnightly
931,26,Male,T-shirt,Clothing,3,3900,11700,Kalyan-Dombivli,L,Green,Fall,4.5,Yes,Store Pickup,Yes,Yes,4,UPI,Bi-Weekly
932,24,Male,Coat,Outerwear,1,1800,1800,Noida,M,Silver,Winter,4.1,Yes,Standard,Yes,Yes,42,PhonePe,Fortnightly
933,62,Male,Skirt,Clothing,1,1200,1200,Gurugram,L,Blue,Winter,3.2,Yes,Standard,Yes,Yes,42,Google Pay,Bi-Weekly
934,70,Male,Sneakers,Footwear,1,4200,4200,Faridabad,M,Magenta,Spring,2.7,Yes,Store Pickup,Yes,Yes,18,Paytm,Monthly
935,45,Male,Jeans,Clothing,3,2350,7050,Ghaziabad,S,Yellow,Spring,3.7,Yes,Express,Yes,Yes,11,Credit Card,Monthly
936,58,Male,Hoodie,Clothing,3,2550,7650,Chandigarh,L,White,Fall,2.6,Yes,Store Pickup,Yes,Yes,30,Debit Card,Fortnightly
937,31,Male,Shoes,Footwear,2,4200,8400,Ludhiana,M,Pink,Summer,2.7,Yes,Free Shipping,Yes,Yes,3,Net Banking,Weekly
938,32,Male,Shorts,Clothing,2,1200,2400,Amritsar,M,Magenta,Summer,2.7,Yes,Express,Yes,Yes,4,Amazon Pay,Quarterly
939,36,Male,Blouse,Clothing,2,4850,9700,Jammu,S,Teal,Fall,4.8,Yes,Free Shipping,Yes,Yes,6,EMI,Fortnightly
940,25,Male,T-shirt,Clothing,1,4450,4450,Srinagar,L,Indigo,Winter,4.8,Yes,Next Day Air,Yes,Yes,2,EMI,Monthly
941,48,Male,Belt,Accessories,3,2200,6600,Shimla,S,Maroon,Spring,2.6,Yes,Store Pickup,Yes,Yes,27,Credit Card,Every 3 Months
942,39,Male,Handbag,Accessories,3,1750,5250,Dehradun,L,Black,Winter,4.5,Yes,2-Day Shipping,Yes,Yes,48,Credit Card,Every 3 Months
943,26,Male,Dress,Clothing,1,4550,4550,Agra,M,Cyan,Winter,3.2,Yes,Express,Yes,Yes,20,Cash,Bi-Weekly
944,32,Male,Hat,Accessories,2,3150,6300,Varanasi,L,Cyan,Winter,3.8,Yes,Next Day Air,Yes,Yes,27,Cash,Fortnightly
945,54,Male,Belt,Accessories,1,4850,4850,Prayagraj,S,Gray,Spring,4.8,Yes,Express,Yes,Yes,24,UPI,Bi-Weekly
946,38,Male,Boots,Footwear,1,1900,1900,Gwalior,M,Violet,Summer,4.1,Yes,Store Pickup,Yes,Yes,42,PhonePe,Every 3 Months
947,46,Male,Coat,Outerwear,2,1200,2400,Jabalpur,XL,Blue,Spring,2.8,Yes,Next Day Air,Yes,Yes,6,Google Pay,Quarterly
948,57,Male,Blouse,Clothing,3,1600,4800,Raipur,M,Charcoal,Winter,3.9,Yes,Store Pickup,Yes,Yes,3,Paytm,Every 3 Months
949,49,Male,Hat,Accessories,2,4500,9000,Goa,L,Olive,Summer,4.9,Yes,Express,Yes,Yes,16,Credit Card,Every 3 Months
950,33,Male,Jeans,Clothing,2,1800,3600,Udaipur,M,Olive,Summer,3.4,Yes,Standard,Yes,Yes,20,Debit Card,Monthly
951,54,Male,Backpack,Accessories,7,1850,12950,Jodhpur,XL,Turquoise,Winter,4.1,Yes,Free Shipping,Yes,Yes,10,Net Banking,Quarterly
952,47,Male,Dress,Clothing,2,2550,5100,Rajkot,M,Cyan,Summer,2.9,Yes,Express,Yes,Yes,16,Amazon Pay,Monthly
953,36,Male,Hat,Accessories,1,3550,3550,Vadodara,S,Red,Fall,3.1,Yes,2-Day Shipping,Yes,Yes,38,EMI,Monthly
954,68,Male,Sunglasses,Accessories,1,2500,2500,Siliguri,S,Cyan,Spring,3.6,Yes,2-Day Shipping,Yes,Yes,19,Cash,Quarterly
955,60,Male,Hat,Accessories,1,3700,3700,Guwahati,S,Turquoise,Fall,3.5,Yes,Standard,Yes,Yes,42,Bank Transfer,Every 3 Months
956,55,Male,Dress,Clothing,3,3750,11250,Imphal,L,Lavender,Summer,3.4,Yes,Free Shipping,Yes,Yes,38,Debit Card,Monthly
957,29,Male,Shirt,Clothing,1,4950,4950,Aizawl,XL,Cyan,Spring,2.9,Yes,2-Day Shipping,Yes,Yes,49,Bank Transfer,Quarterly
958,38,Male,Scarf,Accessories,3,1150,3450,Shillong,XL,Violet,Spring,4.7,Yes,Store Pickup,Yes,Yes,15,Bank Transfer,Quarterly
959,70,Male,Sneakers,Footwear,3,2650,7950,Mumbai,XL,Beige,Winter,4.4,Yes,Free Shipping,Yes,Yes,35,Credit Card,Bi-Weekly
960,36,Male,Skirt,Clothing,2,4950,9900,Pune,M,Cyan,Spring,2.6,Yes,Standard,Yes,Yes,27,Cash,Fortnightly
961,18,Male,Jewelry,Accessories,3,2400,7200,Delhi,XL,Indigo,Spring,4.4,Yes,Standard,Yes,Yes,25,UPI,Quarterly
962,62,Male,Boots,Footwear,3,3600,10800,Bengaluru,L,Olive,Fall,3.7,Yes,Next Day Air,Yes,Yes,35,PhonePe,Quarterly
963,29,Male,Sunglasses,Accessories,2,3200,6400,Hyderabad,L,Green,Spring,4.4,Yes,Standard,Yes,Yes,7,Google Pay,Fortnightly
964,21,Male,Boots,Footwear,3,3150,9450,Chennai,L,Green,Spring,2.5,Yes,2-Day Shipping,Yes,Yes,11,Paytm,Weekly
965,42,Male,Sandals,Footwear,2,2550,5100,Kolkata,M,Beige,Spring,2.6,Yes,Next Day Air,Yes,Yes,49,Credit Card,Bi-Weekly
966,43,Male,Boots,Footwear,3,2750,8250,Ahmedabad,L,Black,Spring,5,Yes,Store Pickup,Yes,Yes,30,Debit Card,Annually
967,58,Male,Dress,Clothing,3,2750,8250,Surat,M,Brown,Spring,4.9,Yes,Express,Yes,Yes,38,Net Banking,Annually
968,27,Male,Hoodie,Clothing,3,1300,3900,Jaipur,S,Silver,Summer,3.7,Yes,Store Pickup,Yes,Yes,25,Amazon Pay,Weekly
969,57,Male,Shorts,Clothing,3,3350,10050,Lucknow,L,Gray,Summer,3.1,Yes,Next Day Air,Yes,Yes,40,Amazon Pay,Quarterly
970,40,Male,Coat,Outerwear,2,1550,3100,Kanpur,S,Pink,Fall,3.2,Yes,Express,Yes,Yes,34,Amazon Pay,Monthly
971,45,Male,Jeans,Clothing,1,3300,3300,Nagpur,S,Maroon,Winter,4.4,Yes,Free Shipping,Yes,Yes,22,Amazon Pay,Monthly
972,47,Male,Sunglasses,Accessories,2,3350,6700,Indore,M,Cyan,Summer,4.3,Yes,Next Day Air,Yes,Yes,23,Amazon Pay,Weekly
973,61,Male,Sneakers,Footwear,3,3050,9150,Bhopal,L,Gold,Winter,3,Yes,Standard,Yes,Yes,37,Bank Transfer,Weekly
974,60,Male,Jacket,Outerwear,1,3750,3750,Patna,M,Teal,Fall,3.5,Yes,2-Day Shipping,Yes,Yes,41,Cash,Quarterly
975,69,Male,Skirt,Clothing,1,4500,4500,Ranchi,M,Beige,Spring,3.6,Yes,2-Day Shipping,Yes,Yes,32,Cash,Monthly
976,58,Male,Sweater,Clothing,1,2000,2000,Bhubaneswar,M,Olive,Summer,3.8,Yes,2-Day Shipping,Yes,Yes,4,UPI,Weekly
977,34,Male,T-shirt,Clothing,2,4500,9000,Visakhapatnam,M,Gray,Fall,3.6,Yes,Express,Yes,Yes,48,PhonePe,Every 3 Months
978,20,Male,Belt,Accessories,1,1000,1000,Vijayawada,M,Black,Spring,4.6,Yes,Express,Yes,Yes,27,Google Pay,Bi-Weekly
979,56,Male,Gloves,Accessories,1,2000,2000,Kochi,M,Turquoise,Summer,2.5,Yes,Standard,Yes,Yes,46,Paytm,Weekly
980,64,Male,Hat,Accessories,3,1650,4950,Thiruvananthapuram,S,Brown,Fall,3.5,Yes,Store Pickup,Yes,Yes,38,Credit Card,Monthly
981,56,Male,Boots,Footwear,2,4900,9800,Coimbatore,S,Magenta,Spring,4,Yes,Free Shipping,Yes,Yes,47,Debit Card,Every 3 Months
982,27,Male,Belt,Accessories,1,2100,2100,Madurai,M,Silver,Spring,3.5,Yes,Next Day Air,Yes,Yes,9,Net Banking,Quarterly
983,35,Male,Coat,Outerwear,3,3100,9300,Mysuru,S,Red,Summer,3.2,Yes,Standard,Yes,Yes,28,Amazon Pay,Monthly
984,24,Male,Hat,Accessories,8,2250,18000,Mangaluru,L,Indigo,Winter,3.5,Yes,Free Shipping,Yes,Yes,43,EMI,Bi-Weekly
985,26,Male,Shoes,Footwear,3,3900,11700,Nashik,M,Green,Summer,3.4,Yes,Free Shipping,Yes,Yes,13,Cash,Bi-Weekly
986,32,Male,Handbag,Accessories,4,4000,16000,Aurangabad,M,Gray,Fall,5,Yes,Express,Yes,Yes,3,UPI,Annually
987,54,Male,Scarf,Accessories,3,4800,14400,Kolhapur,S,Peach,Spring,4.5,Yes,Store Pickup,Yes,Yes,16,PhonePe,Monthly
988,62,Male,Handbag,Accessories,2,2350,4700,Thane,M,Charcoal,Summer,2.8,Yes,Express,Yes,Yes,31,Google Pay,Weekly
989,50,Male,Pants,Clothing,3,4200,12600,Navi Mumbai,M,Orange,Winter,4.9,Yes,2-Day Shipping,Yes,Yes,26,Paytm,Fortnightly
990,70,Male,Shoes,Footwear,1,1550,1550,Vasai-Virar,M,Beige,Spring,3.1,Yes,Store Pickup,Yes,Yes,24,Credit Card,Monthly
991,48,Male,Sunglasses,Accessories,2,3150,6300,Kalyan-Dombivli,S,Yellow,Spring,4.8,Yes,Store Pickup,Yes,Yes,48,Debit Card,Weekly
992,20,Male,Shorts,Clothing,3,4850,14550,Noida,XL,White,Spring,2.7,Yes,Standard,Yes,Yes,34,Net Banking,Bi-Weekly
993,46,Male,Jacket,Outerwear,2,4950,9900,Gurugram,M,Gray,Winter,4.6,Yes,Express,Yes,Yes,7,Amazon Pay,Weekly
994,51,Male,Sandals,Footwear,3,4500,13500,Faridabad,M,Peach,Winter,4.4,Yes,Store Pickup,Yes,Yes,19,EMI,Weekly
995,53,Male,Shoes,Footwear,2,3400,6800,Ghaziabad,L,Violet,Fall,3.2,Yes,Express,Yes,Yes,39,Bank Transfer,Monthly
996,44,Male,Jewelry,Accessories,3,4000,12000,Chandigarh,M,Magenta,Spring,3,Yes,2-Day Shipping,Yes,Yes,3,Google Pay,Weekly
997,29,Male,Sandals,Footwear,3,4550,13650,Ludhiana,L,Maroon,Summer,4.9,Yes,Standard,Yes,Yes,28,Cash,Quarterly
998,64,Male,Pants,Clothing,3,1500,4500,Amritsar,M,Cyan,Spring,3.6,Yes,Express,Yes,Yes,27,EMI,Fortnightly
999,51,Male,Shoes,Footwear,1,4500,4500,Jammu,M,White,Spring,3.8,Yes,Next Day Air,Yes,Yes,24,Debit Card,Bi-Weekly
1000,50,Male,Socks,Clothing,2,1400,2800,Srinagar,L,Brown,Spring,2.9,Yes,Standard,Yes,Yes,47,Paytm,Monthly
1001,43,Male,Socks,Clothing,2,2300,4600,Shimla,M,Red,Winter,3.9,Yes,Express,Yes,Yes,41,Net Banking,Bi-Weekly
1002,61,Male,Dress,Clothing,2,3000,6000,Dehradun,M,Orange,Fall,3.6,Yes,Standard,Yes,Yes,19,UPI,Fortnightly
1003,55,Male,Shoes,Footwear,3,2950,8850,Agra,M,White,Spring,3.5,Yes,Store Pickup,Yes,Yes,50,Amazon Pay,Bi-Weekly
1004,56,Male,Hat,Accessories,2,3400,6800,Varanasi,M,Green,Fall,4,Yes,Store Pickup,Yes,Yes,9,Credit Card,Bi-Weekly
1005,33,Male,Backpack,Accessories,2,3950,7900,Prayagraj,M,Black,Summer,4.8,Yes,2-Day Shipping,Yes,Yes,39,PhonePe,Annually
1006,43,Male,Backpack,Accessories,3,4700,14100,Gwalior,M,Gold,Winter,3.9,Yes,Store Pickup,Yes,Yes,8,Google Pay,Bi-Weekly
1007,21,Male,Pants,Clothing,2,4150,8300,Jabalpur,S,Lavender,Summer,4.5,Yes,Next Day Air,Yes,Yes,16,Cash,Quarterly
1008,58,Male,Gloves,Accessories,3,3100,9300,Raipur,XL,Turquoise,Spring,4.8,Yes,Standard,Yes,Yes,36,EMI,Annually
1009,41,Male,Scarf,Accessories,1,4250,4250,Goa,M,Pink,Spring,2.6,Yes,Store Pickup,Yes,Yes,14,Debit Card,Annually
1010,39,Male,Hoodie,Clothing,3,1500,4500,Udaipur,M,Silver,Summer,3.1,Yes,Express,Yes,Yes,18,Paytm,Annually
1011,54,Male,Jeans,Clothing,2,1200,2400,Jodhpur,XL,Gray,Spring,4.7,Yes,2-Day Shipping,Yes,Yes,6,Net Banking,Fortnightly
1012,43,Male,Backpack,Accessories,2,1250,2500,Rajkot,L,Indigo,Spring,2.9,Yes,Next Day Air,Yes,Yes,46,UPI,Fortnightly
1013,28,Male,Sandals,Footwear,3,1850,5550,Vadodara,L,Teal,Summer,3.8,Yes,Express,Yes,Yes,34,Amazon Pay,Annually
1014,59,Male,Belt,Accessories,1,3450,3450,Siliguri,XL,Green,Summer,3.8,Yes,2-Day Shipping,Yes,Yes,17,Credit Card,Bi-Weekly
1015,28,Male,Shoes,Footwear,2,4850,9700,Guwahati,M,Violet,Summer,3,Yes,Standard,Yes,Yes,2,PhonePe,Fortnightly
1016,68,Male,Gloves,Accessories,2,1200,2400,Imphal,M,Cyan,Summer,4.1,Yes,Standard,Yes,Yes,16,Credit Card,Weekly
1017,20,Male,Belt,Accessories,3,1500,4500,Aizawl,XL,Blue,Summer,3.4,Yes,Express,Yes,Yes,38,UPI,Every 3 Months
1018,21,Male,Jacket,Outerwear,1,2650,2650,Shillong,L,Orange,Fall,2.5,Yes,Express,Yes,Yes,35,Paytm,Annually
1019,50,Male,Dress,Clothing,1,3500,3500,Mumbai,XL,Charcoal,Spring,4.9,Yes,Next Day Air,Yes,Yes,39,Cash,Weekly
1020,32,Male,Shirt,Clothing,1,3800,3800,Pune,S,Beige,Winter,2.8,Yes,Standard,Yes,Yes,7,Amazon Pay,Bi-Weekly
1021,24,Male,Scarf,Accessories,1,4750,4750,Delhi,M,Black,Fall,4.5,Yes,Express,Yes,Yes,48,PhonePe,Annually
1022,55,Male,Coat,Outerwear,3,2550,7650,Bengaluru,S,Lavender,Winter,4.9,Yes,2-Day Shipping,Yes,Yes,22,Net Banking,Weekly
1023,61,Male,Handbag,Accessories,3,2050,6150,Hyderabad,M,Lavender,Winter,4.9,Yes,Store Pickup,Yes,Yes,10,EMI,Annually
1024,61,Male,Sunglasses,Accessories,2,3550,7100,Chennai,S,Turquoise,Winter,3.5,Yes,Free Shipping,Yes,Yes,48,Google Pay,Every 3 Months
1025,28,Male,T-shirt,Clothing,1,3300,3300,Kolkata,M,Purple,Summer,3.5,Yes,Free Shipping,Yes,Yes,41,Debit Card,Quarterly
1026,60,Male,Shirt,Clothing,1,4200,4200,Ahmedabad,M,Olive,Winter,4.9,Yes,Free Shipping,Yes,Yes,45,Credit Card,Annually
1027,49,Male,Handbag,Accessories,1,4750,4750,Surat,L,Turquoise,Winter,3,Yes,Express,Yes,Yes,9,UPI,Bi-Weekly
1028,33,Male,Jewelry,Accessories,1,4500,4500,Jaipur,L,Teal,Summer,2.8,Yes,Next Day Air,Yes,Yes,6,PhonePe,Monthly
1029,45,Male,Hoodie,Clothing,2,1800,3600,Lucknow,S,Lavender,Summer,3.7,Yes,Standard,Yes,Yes,11,Google Pay,Fortnightly
1030,29,Male,Gloves,Accessories,2,1100,2200,Kanpur,M,Purple,Spring,3.6,Yes,2-Day Shipping,Yes,Yes,15,Paytm,Bi-Weekly
1031,58,Male,Coat,Outerwear,2,4450,8900,Nagpur,L,Blue,Winter,3.3,Yes,Next Day Air,Yes,Yes,39,Credit Card,Quarterly
1032,22,Male,Sandals,Footwear,3,2500,7500,Indore,M,Teal,Spring,3.4,Yes,Free Shipping,Yes,Yes,13,Debit Card,Quarterly
1033,55,Male,Boots,Footwear,2,1800,3600,Bhopal,M,Lavender,Fall,4,Yes,Free Shipping,Yes,Yes,35,Cash,Quarterly
1034,19,Male,Pants,Clothing,3,2600,7800,Patna,S,Silver,Spring,4.6,Yes,Free Shipping,Yes,Yes,3,Net Banking,Quarterly
1035,68,Male,Socks,Clothing,2,1450,2900,Ranchi,M,Olive,Fall,4.2,Yes,Next Day Air,Yes,Yes,41,Amazon Pay,Weekly
1036,61,Male,Blouse,Clothing,1,4450,4450,Bhubaneswar,M,Brown,Fall,2.8,Yes,Express,Yes,Yes,48,EMI,Annually
1037,68,Male,Handbag,Accessories,2,2350,4700,Visakhapatnam,M,Yellow,Fall,3.7,Yes,2-Day Shipping,Yes,Yes,27,UPI,Monthly
1038,52,Male,Jewelry,Accessories,1,1250,1250,Vijayawada,XL,Brown,Spring,3.4,Yes,Standard,Yes,Yes,38,PhonePe,Quarterly
1039,41,Male,Pants,Clothing,1,3700,3700,Kochi,XL,Cyan,Fall,3,Yes,Express,Yes,Yes,24,Google Pay,Weekly
1040,29,Male,Belt,Accessories,1,2300,2300,Thiruvananthapuram,M,Magenta,Fall,4.8,Yes,Standard,Yes,Yes,47,Paytm,Monthly
1041,68,Male,Jeans,Clothing,2,1100,2200,Coimbatore,S,Magenta,Fall,4,Yes,Next Day Air,Yes,Yes,43,Credit Card,Fortnightly
1042,36,Male,Shirt,Clothing,2,1250,2500,Madurai,M,Orange,Summer,4.9,Yes,Next Day Air,Yes,Yes,5,Debit Card,Fortnightly
1043,55,Male,Belt,Accessories,2,4000,8000,Mysuru,M,Maroon,Spring,4.9,Yes,Next Day Air,Yes,Yes,38,Cash,Weekly
1044,28,Male,Jeans,Clothing,1,3800,3800,Mangaluru,M,Green,Spring,3.3,Yes,2-Day Shipping,Yes,Yes,22,Net Banking,Fortnightly
1045,39,Male,Jeans,Clothing,1,1500,1500,Nashik,L,Teal,Summer,4.4,Yes,Next Day Air,Yes,Yes,5,Amazon Pay,Every 3 Months
1046,54,Male,Sweater,Clothing,2,3950,7900,Aurangabad,L,Black,Fall,3.5,Yes,2-Day Shipping,Yes,Yes,49,EMI,Bi-Weekly
1047,40,Male,Sneakers,Footwear,3,1100,3300,Kolhapur,M,Magenta,Winter,4.2,Yes,Standard,Yes,Yes,30,Cash,Annually
1048,31,Male,Socks,Clothing,2,1800,3600,Thane,S,Olive,Fall,4.2,Yes,Standard,Yes,Yes,27,Debit Card,Fortnightly
1049,30,Male,Socks,Clothing,2,3850,7700,Navi Mumbai,L,Yellow,Fall,2.7,Yes,Standard,Yes,Yes,35,Debit Card,Fortnightly
1050,45,Male,Sunglasses,Accessories,2,1650,3300,Vasai-Virar,S,Purple,Fall,2.8,Yes,Store Pickup,Yes,Yes,3,Credit Card,Quarterly
1051,48,Male,Sneakers,Footwear,2,3200,6400,Kalyan-Dombivli,M,Beige,Winter,3.8,Yes,Next Day Air,Yes,Yes,35,Debit Card,Monthly
1052,45,Male,Socks,Clothing,3,2650,7950,Noida,M,Indigo,Fall,2.6,Yes,Free Shipping,Yes,Yes,24,Paytm,Annually
1053,60,Male,Shoes,Footwear,3,1800,5400,Gurugram,XL,Pink,Fall,3,Yes,2-Day Shipping,Yes,Yes,4,Credit Card,Fortnightly
1054,59,Male,Blouse,Clothing,2,3500,7000,Faridabad,M,Blue,Spring,3.3,No,2-Day Shipping,Yes,Yes,45,Debit Card,Bi-Weekly
1055,18,Male,Shorts,Clothing,2,4800,9600,Ghaziabad,L,Cyan,Winter,4.9,No,Express,Yes,Yes,4,Cash on Delivery,Quarterly
1056,70,Male,Jacket,Outerwear,1,1350,1350,Chandigarh,M,Orange,Spring,3.3,No,Next Day Air,Yes,Yes,4,Net Banking,Annually
1057,20,Male,Sweater,Clothing,1,3200,3200,Ludhiana,L,Black,Winter,2.9,No,2-Day Shipping,Yes,Yes,8,Amazon Pay,Fortnightly
1058,65,Male,Jacket,Outerwear,3,1150,3450,Amritsar,S,Maroon,Spring,4.4,No,2-Day Shipping,Yes,Yes,29,EMI,Weekly
1059,29,Male,Scarf,Accessories,2,1650,3300,Jammu,L,Violet,Summer,3.1,No,Next Day Air,Yes,Yes,21,UPI,Every 3 Months
1060,22,Male,Jacket,Outerwear,2,1700,3400,Srinagar,M,Beige,Winter,2.5,No,Standard,Yes,Yes,45,PhonePe,Monthly
1061,27,Male,Sweater,Clothing,2,1750,3500,Shimla,S,Gray,Summer,2.6,No,Next Day Air,Yes,Yes,45,Google Pay,Every 3 Months
1062,36,Male,Coat,Outerwear,3,3100,9300,Dehradun,M,Gray,Summer,4.4,No,Free Shipping,Yes,Yes,29,Paytm,Every 3 Months
1063,59,Male,Boots,Footwear,2,3750,7500,Agra,M,Brown,Fall,2.6,No,Next Day Air,Yes,Yes,1,Credit Card,Every 3 Months
1064,62,Male,Hoodie,Clothing,2,1450,2900,Varanasi,S,Indigo,Summer,3.3,No,Free Shipping,Yes,Yes,28,Debit Card,Monthly
1065,34,Male,Hat,Accessories,2,1400,2800,Prayagraj,M,Violet,Spring,3.5,No,Express,Yes,Yes,42,Cash,Every 3 Months
1066,59,Male,T-shirt,Clothing,1,1000,1000,Gwalior,XL,Blue,Spring,4.1,No,Store Pickup,Yes,Yes,42,UPI,Every 3 Months
1067,49,Male,Coat,Outerwear,3,4800,14400,Jabalpur,M,Red,Winter,4,No,Store Pickup,Yes,Yes,33,PhonePe,Bi-Weekly
1068,18,Male,Dress,Clothing,3,2150,6450,Raipur,S,Peach,Summer,2.7,No,2-Day Shipping,Yes,Yes,12,Google Pay,Quarterly
1069,55,Male,Shirt,Clothing,2,4700,9400,Goa,M,Olive,Fall,2.5,No,Standard,Yes,Yes,27,Paytm,Weekly
1070,38,Male,Skirt,Clothing,2,4050,8100,Udaipur,XL,White,Fall,4.3,No,Next Day Air,Yes,Yes,4,Credit Card,Every 3 Months
1071,50,Male,Jewelry,Accessories,3,3750,11250,Jodhpur,M,Magenta,Summer,3.3,No,Free Shipping,Yes,Yes,32,Debit Card,Weekly
1072,61,Male,Hat,Accessories,2,4050,8100,Rajkot,M,Beige,Summer,2.6,No,Express,Yes,Yes,24,Net Banking,Monthly
1073,48,Male,Shorts,Clothing,3,4600,13800,Vadodara,L,Gold,Fall,,No,Express,Yes,Yes,2,Amazon Pay,Fortnightly
1074,22,Male,Scarf,Accessories,2,4800,9600,Siliguri,XL,Purple,Spring,4,No,Store Pickup,Yes,Yes,48,EMI,Monthly
1075,48,Male,Jewelry,Accessories,1,3550,3550,Guwahati,S,White,Fall,2.6,No,Standard,Yes,Yes,16,Cash,Fortnightly
1076,57,Male,Sunglasses,Accessories,2,2500,5000,Imphal,L,Indigo,Summer,4.9,No,Next Day Air,Yes,Yes,28,Debit Card,Bi-Weekly
1077,33,Male,Coat,Outerwear,2,3600,7200,Aizawl,L,Charcoal,Spring,2.9,No,Standard,Yes,Yes,19,Debit Card,Bi-Weekly
1078,58,Male,Jacket,Outerwear,3,1400,4200,Shillong,M,Pink,Winter,3.7,No,Standard,Yes,Yes,34,Credit Card,Quarterly
1079,37,Male,Sweater,Clothing,1,2950,2950,Nagpur,M,Silver,Fall,4.4,No,Express,Yes,Yes,5,Credit Card,Fortnightly
1080,18,Male,Coat,Outerwear,3,1650,4950,Delhi,S,Blue,Summer,4.4,No,Free Shipping,Yes,Yes,46,Credit Card,Monthly
1081,65,Male,Scarf,Accessories,3,2950,8850,Kochi,L,Blue,Fall,3.8,No,Express,Yes,Yes,18,Debit Card,Every 3 Months
1082,62,Male,Belt,Accessories,3,1500,4500,Surat,XL,Brown,Spring,4.5,No,Standard,Yes,Yes,16,Credit Card,Annually
1083,54,Male,Hat,Accessories,1,4250,4250,Bhopal,XL,Cyan,Winter,2.6,No,Next Day Air,Yes,Yes,31,Credit Card,Quarterly
1084,35,Male,Backpack,Accessories,1,4850,4850,Mumbai,L,Teal,Summer,3.3,No,Store Pickup,Yes,Yes,26,Debit Card,Weekly
1085,34,Male,T-shirt,Clothing,1,1800,1800,Noida,S,Purple,Fall,4.1,No,Next Day Air,Yes,Yes,25,Cash,Quarterly
1086,25,Male,Jewelry,Accessories,2,4250,8500,Rajkot,M,Turquoise,Winter,3,No,Store Pickup,Yes,Yes,6,UPI,Fortnightly
1087,53,Male,Sunglasses,Accessories,1,3100,3100,Hyderabad,M,Olive,Winter,3,No,Free Shipping,Yes,Yes,31,PhonePe,Bi-Weekly
1088,45,Male,Jeans,Clothing,1,3550,3550,Kolhapur,S,White,Winter,3.4,No,Next Day Air,Yes,Yes,45,Google Pay,Monthly
1089,49,Male,Pants,Clothing,1,1050,1050,Lucknow,M,Turquoise,Winter,2.7,No,Free Shipping,Yes,Yes,14,Paytm,Weekly
1090,40,Male,Backpack,Accessories,3,3050,9150,Vijayawada,M,Silver,Spring,3.8,No,Next Day Air,Yes,Yes,45,Credit Card,Bi-Weekly
1091,38,Male,Scarf,Accessories,2,2900,5800,Pune,M,Violet,Spring,4.2,No,Store Pickup,Yes,Yes,49,Debit Card,Fortnightly
1092,44,Male,Sweater,Clothing,3,4000,12000,Amritsar,L,Lavender,Spring,4.7,No,Store Pickup,Yes,Yes,47,Net Banking,Fortnightly
1093,68,Male,Jewelry,Accessories,2,2500,5000,Mysuru,L,Magenta,Spring,4.1,No,2-Day Shipping,Yes,Yes,37,Amazon Pay,Quarterly
1094,60,Male,Sneakers,Footwear,1,2400,2400,Ghaziabad,S,Indigo,Winter,4.2,No,2-Day Shipping,Yes,Yes,32,EMI,Every 3 Months
1095,25,Male,Jewelry,Accessories,3,2000,6000,Chennai,M,Black,Winter,4.8,No,Next Day Air,Yes,Yes,29,Cash,Quarterly
1096,19,Male,Coat,Outerwear,2,1700,3400,Raipur,S,Peach,Summer,3,No,Free Shipping,Yes,Yes,8,Cash,Quarterly
1097,57,Male,Coat,Outerwear,1,2300,2300,Guwahati,S,Beige,Fall,2.6,No,Standard,Yes,Yes,25,Debit Card,Annually
1098,58,Male,Sunglasses,Accessories,1,1350,1350,Navi Mumbai,M,Black,Summer,3.2,No,Store Pickup,Yes,Yes,1,Cash,Weekly
1099,49,Male,Handbag,Accessories,2,4900,9800,Ahmedabad,S,Turquoise,Spring,3.6,No,Next Day Air,Yes,Yes,24,UPI,Weekly
1100,19,Male,Sweater,Clothing,3,3650,10950,Patna,M,Peach,Fall,2.6,No,Next Day Air,Yes,Yes,15,PhonePe,Fortnightly
1101,50,Male,Pants,Clothing,3,1400,4200,Aurangabad,L,Gold,Spring,4.4,No,Express,Yes,Yes,36,Google Pay,Weekly
1102,30,Male,Gloves,Accessories,1,3800,3800,Shimla,XL,Silver,Fall,3,No,Free Shipping,Yes,Yes,18,Paytm,Fortnightly
1103,52,Male,Sweater,Clothing,2,4150,8300,Jabalpur,M,Peach,Fall,2.9,No,Express,Yes,Yes,16,Credit Card,Fortnightly
1104,35,Male,Hoodie,Clothing,2,1150,2300,Coimbatore,S,Charcoal,Spring,4.3,No,Free Shipping,Yes,Yes,29,Debit Card,Bi-Weekly
1105,35,Male,Hat,Accessories,1,1400,1400,Vadodara,M,Beige,Fall,3.1,No,Express,Yes,Yes,29,Net Banking,Quarterly
1106,33,Male,T-shirt,Clothing,2,4150,8300,Srinagar,S,Olive,Spring,3,No,Next Day Air,Yes,Yes,50,Amazon Pay,Every 3 Months
1107,52,Male,Skirt,Clothing,2,4800,9600,Mangaluru,L,Violet,Winter,3.6,No,Store Pickup,Yes,Yes,19,EMI,Fortnightly
1108,69,Male,Sneakers,Footwear,2,3100,6200,Indore,M,Peach,Fall,2.8,No,Store Pickup,Yes,Yes,13,Credit Card,Weekly
1109,27,Male,Shorts,Clothing,1,1250,1250,Jaipur,M,Teal,Fall,2.8,No,Standard,Yes,Yes,11,Credit Card,Fortnightly
1110,66,Male,Hoodie,Clothing,1,4850,4850,Vasai-Virar,L,Violet,Winter,,No,Next Day Air,Yes,Yes,39,Bank Transfer,Weekly
1111,28,Male,Hoodie,Clothing,3,3050,9150,Visakhapatnam,L,Cyan,Fall,3,No,Standard,Yes,Yes,15,Bank Transfer,Bi-Weekly
1112,22,Male,Shoes,Footwear,2,3300,6600,Goa,S,Olive,Summer,4.1,No,Next Day Air,Yes,Yes,22,Debit Card,Bi-Weekly
1113,69,Male,Hoodie,Clothing,3,3350,10050,Faridabad,XL,Pink,Spring,4.6,No,Free Shipping,Yes,Yes,22,Cash,Quarterly
1114,28,Male,Sunglasses,Accessories,1,4000,4000,Ranchi,M,Purple,Summer,4.8,No,Next Day Air,Yes,Yes,22,Debit Card,Bi-Weekly
1115,55,Male,Skirt,Clothing,3,1250,3750,Bengaluru,L,Violet,Fall,2.6,No,Next Day Air,Yes,Yes,10,Credit Card,Every 3 Months
1116,30,Male,Hat,Accessories,1,2900,2900,Madurai,S,Peach,Fall,4,No,2-Day Shipping,Yes,Yes,37,Cash,Weekly
1117,67,Male,Backpack,Accessories,3,4800,14400,Kalyan-Dombivli,M,Charcoal,Winter,4.2,No,Express,Yes,Yes,42,Credit Card,Fortnightly
1118,25,Male,Sunglasses,Accessories,1,3850,3850,Kanpur,L,Lavender,Spring,4.5,No,Store Pickup,Yes,Yes,28,Credit Card,Monthly
1119,49,Male,Belt,Accessories,2,3250,6500,Udaipur,M,Purple,Summer,4.9,No,Standard,Yes,Yes,14,Cash,Every 3 Months
1120,34,Male,Jewelry,Accessories,3,1800,5400,Bhubaneswar,M,Indigo,Spring,3.1,No,Standard,Yes,Yes,14,UPI,Weekly
1121,22,Male,Sneakers,Footwear,2,4200,8400,Kolkata,M,Magenta,Winter,4,No,Next Day Air,Yes,Yes,25,PhonePe,Monthly
1122,63,Male,T-shirt,Clothing,1,2900,2900,Agra,XL,Peach,Fall,3.2,No,Express,Yes,Yes,3,Google Pay,Quarterly
1123,70,Male,Handbag,Accessories,2,3100,6200,Siliguri,S,Charcoal,Spring,4.3,No,2-Day Shipping,Yes,Yes,4,Paytm,Annually
1124,36,Male,Hat,Accessories,3,3350,10050,Thiruvananthapuram,S,Purple,Fall,2.5,No,Store Pickup,Yes,Yes,6,Credit Card,Monthly
1125,42,Male,Sweater,Clothing,2,1000,2000,Nashik,M,Orange,Spring,,No,Express,Yes,Yes,16,Debit Card,Quarterly
1126,27,Male,Sandals,Footwear,2,4500,9000,Ludhiana,M,Lavender,Summer,2.7,No,2-Day Shipping,Yes,Yes,25,Net Banking,Weekly
1127,23,Male,Scarf,Accessories,3,2900,8700,Dehradun,L,Beige,Winter,3.4,No,Standard,Yes,Yes,36,Amazon Pay,Fortnightly
1128,50,Male,Shirt,Clothing,1,2650,2650,Chandigarh,XL,Maroon,Spring,4.8,No,Store Pickup,Yes,Yes,14,EMI,Monthly
1129,56,Male,Gloves,Accessories,3,1500,4500,Prayagraj,L,Charcoal,Winter,4.7,No,Next Day Air,Yes,Yes,7,Credit Card,Monthly
1130,37,Male,Hoodie,Clothing,1,3250,3250,Shillong,XL,White,Winter,4.7,No,Express,Yes,Yes,18,Cash,Fortnightly
1131,67,Male,Jewelry,Accessories,1,2050,2050,Jammu,M,Lavender,Summer,3.9,No,Standard,Yes,Yes,20,UPI,Bi-Weekly
1132,67,Male,Shirt,Clothing,2,3650,7300,Gurugram,M,Black,Spring,3.7,No,Express,Yes,Yes,6,PhonePe,Monthly
1133,50,Male,Hoodie,Clothing,3,4900,14700,Imphal,S,Teal,Spring,4.3,No,Store Pickup,Yes,Yes,36,Google Pay,Fortnightly
1134,36,Male,Shoes,Footwear,3,1800,5400,Varanasi,XL,Magenta,Winter,4.1,No,2-Day Shipping,Yes,Yes,13,Paytm,Weekly
1135,62,Male,T-shirt,Clothing,2,4050,8100,Jodhpur,M,Brown,Summer,,No,Express,Yes,Yes,47,Credit Card,Every 3 Months
1136,65,Male,Skirt,Clothing,2,4500,9000,Aizawl,L,Peach,Winter,3.6,No,2-Day Shipping,Yes,Yes,40,Debit Card,Quarterly
1137,23,Male,Handbag,Accessories,3,4150,12450,Thane,S,Cyan,Summer,4.8,No,Free Shipping,Yes,Yes,45,Net Banking,Monthly
1138,46,Male,Shirt,Clothing,1,4550,4550,Mumbai,XL,Pink,Winter,2.8,No,2-Day Shipping,Yes,Yes,26,Amazon Pay,Every 3 Months
1139,18,Male,Pants,Clothing,2,1800,3600,Pune,M,Purple,Summer,4.7,No,Express,Yes,Yes,16,EMI,Fortnightly
1140,58,Male,Coat,Outerwear,2,2650,5300,Delhi,L,Purple,Spring,3.9,No,Standard,Yes,Yes,45,Cash,Bi-Weekly
1141,31,Male,Jeans,Clothing,2,1950,3900,Bengaluru,M,White,Winter,2.6,No,Store Pickup,Yes,Yes,24,UPI,Every 3 Months
1142,39,Male,Gloves,Accessories,3,1650,4950,Hyderabad,S,Silver,Winter,4.7,No,Next Day Air,Yes,Yes,22,PhonePe,Fortnightly
1143,69,Male,T-shirt,Clothing,2,3800,7600,Chennai,L,Green,Spring,3.5,No,Store Pickup,Yes,Yes,17,Google Pay,Bi-Weekly
1144,68,Male,Boots,Footwear,3,1150,3450,Kolkata,L,Teal,Winter,4.4,No,Standard,Yes,Yes,29,Paytm,Quarterly
1145,41,Male,Jeans,Clothing,3,2700,8100,Ahmedabad,S,Indigo,Fall,4.4,No,2-Day Shipping,Yes,Yes,28,Credit Card,Fortnightly
1146,31,Male,Sneakers,Footwear,2,4450,8900,Surat,L,Pink,Summer,3,No,Express,Yes,Yes,19,Debit Card,Every 3 Months
1147,48,Male,Sneakers,Footwear,2,1900,3800,Jaipur,M,Indigo,Summer,4.2,No,Standard,Yes,Yes,43,Net Banking,Every 3 Months
1148,59,Male,Hat,Accessories,2,1800,3600,Lucknow,XL,Red,Winter,4.3,No,Next Day Air,Yes,Yes,28,Amazon Pay,Annually
1149,34,Male,Pants,Clothing,3,3300,9900,Kanpur,M,Violet,Spring,2.6,No,Store Pickup,Yes,Yes,43,EMI,Fortnightly
1150,21,Male,Jewelry,Accessories,1,2100,2100,Nagpur,L,Cyan,Spring,3.3,No,Store Pickup,Yes,Yes,48,Cash,Annually
1151,29,Male,Jewelry,Accessories,3,1800,5400,Indore,S,Red,Winter,2.7,No,Next Day Air,Yes,Yes,45,Cash,Bi-Weekly
1152,41,Male,Blouse,Clothing,3,4300,12900,Bhopal,M,Gray,Spring,,No,Express,Yes,Yes,36,UPI,Weekly
1153,62,Male,Handbag,Accessories,3,2450,7350,Patna,M,Gold,Fall,4,No,Standard,Yes,Yes,25,PhonePe,Every 3 Months
1154,27,Male,Shirt,Clothing,2,2050,4100,Ranchi,M,Pink,Summer,4,No,Free Shipping,Yes,Yes,45,Google Pay,Quarterly
1155,49,Male,Dress,Clothing,3,4100,12300,Bhubaneswar,L,Cyan,Spring,2.9,No,2-Day Shipping,Yes,Yes,10,Paytm,Bi-Weekly
1156,67,Male,T-shirt,Clothing,3,2650,7950,Visakhapatnam,S,Red,Fall,2.6,No,Express,Yes,Yes,5,Credit Card,Quarterly
1157,20,Male,Shoes,Footwear,3,1050,3150,Vijayawada,M,Gold,Summer,4.8,No,Express,Yes,Yes,26,Debit Card,Every 3 Months
1158,37,Male,Belt,Accessories,3,3300,9900,Kochi,M,Charcoal,Fall,4.4,No,Standard,Yes,Yes,5,Net Banking,Quarterly
1159,69,Male,Belt,Accessories,1,4450,4450,Thiruvananthapuram,L,Orange,Summer,4,No,2-Day Shipping,Yes,Yes,29,Amazon Pay,Annually
1160,66,Male,Handbag,Accessories,1,2750,2750,Coimbatore,L,Blue,Fall,3.6,No,2-Day Shipping,Yes,Yes,38,EMI,Every 3 Months
1161,37,Male,Scarf,Accessories,1,2100,2100,Madurai,S,Blue,Summer,3.2,No,Next Day Air,Yes,Yes,48,Cash,Bi-Weekly
1162,63,Male,Shorts,Clothing,2,2600,5200,Mysuru,S,Orange,Fall,3.1,No,2-Day Shipping,Yes,Yes,27,Cash,Monthly
1163,47,Male,Sandals,Footwear,2,4600,9200,Mangaluru,M,Blue,Winter,4.2,No,Express,Yes,Yes,8,UPI,Weekly
1164,26,Male,Pants,Clothing,1,2800,2800,Nashik,L,White,Summer,3,No,2-Day Shipping,Yes,Yes,47,PhonePe,Monthly
1165,68,Male,Dress,Clothing,1,4800,4800,Aurangabad,M,Green,Winter,4.2,No,Standard,Yes,Yes,45,Google Pay,Quarterly
1166,51,Male,T-shirt,Clothing,3,3200,9600,Kolhapur,M,Silver,Winter,2.9,No,Next Day Air,Yes,Yes,9,Paytm,Every 3 Months
1167,48,Male,Dress,Clothing,3,2400,7200,Thane,S,Lavender,Winter,3.7,No,Store Pickup,Yes,Yes,19,Credit Card,Fortnightly
1168,60,Male,Socks,Clothing,2,4150,8300,Navi Mumbai,XL,Beige,Summer,3.6,No,Free Shipping,Yes,Yes,12,Debit Card,Quarterly
1169,68,Male,Scarf,Accessories,1,4550,4550,Vasai-Virar,L,Violet,Summer,3.6,No,Standard,Yes,Yes,45,Net Banking,Fortnightly
1170,25,Male,Backpack,Accessories,1,4700,4700,Kalyan-Dombivli,S,Gray,Fall,4.5,No,2-Day Shipping,Yes,Yes,14,Amazon Pay,Annually
1171,57,Male,Skirt,Clothing,3,3100,9300,Noida,S,Red,Spring,3.2,No,Express,Yes,Yes,17,EMI,Bi-Weekly
1172,41,Male,Socks,Clothing,2,2750,5500,Gurugram,M,Lavender,Spring,3.9,No,Next Day Air,Yes,Yes,22,Debit Card,Annually
1173,59,Male,Coat,Outerwear,3,3400,10200,Faridabad,L,Peach,Spring,4.6,No,Store Pickup,Yes,Yes,5,Google Pay,Bi-Weekly
1174,44,Male,Jewelry,Accessories,1,3800,3800,Ghaziabad,M,Indigo,Winter,2.5,No,Express,Yes,Yes,42,Bank Transfer,Bi-Weekly
1175,42,Male,Backpack,Accessories,2,1550,3100,Chandigarh,M,Black,Winter,4.3,No,Express,Yes,Yes,49,Debit Card,Bi-Weekly
1176,35,Male,Belt,Accessories,2,4050,8100,Ludhiana,M,Beige,Spring,4.1,No,Store Pickup,Yes,Yes,48,Cash,Quarterly
1177,36,Male,Dress,Clothing,1,4150,4150,Amritsar,M,Red,Winter,,No,Free Shipping,Yes,Yes,8,UPI,Quarterly
1178,54,Male,Skirt,Clothing,1,1050,1050,Jammu,M,Black,Spring,4.8,No,Standard,Yes,Yes,15,PhonePe,Monthly
1179,37,Male,Dress,Clothing,3,1100,3300,Srinagar,M,Teal,Spring,4.9,No,Express,Yes,Yes,14,Google Pay,Annually
1180,20,Male,T-shirt,Clothing,1,1650,1650,Shimla,M,Blue,Summer,2.8,No,Free Shipping,Yes,Yes,31,Paytm,Annually
1181,23,Male,Skirt,Clothing,2,1150,2300,Dehradun,S,Beige,Spring,4.9,No,Standard,Yes,Yes,29,Credit Card,Monthly
1182,61,Male,Shorts,Clothing,3,4800,14400,Agra,L,Teal,Summer,3.5,No,Free Shipping,Yes,Yes,11,Debit Card,Quarterly
1183,37,Male,Jewelry,Accessories,2,1050,2100,Varanasi,M,Maroon,Spring,3.8,No,Express,Yes,Yes,16,Net Banking,Quarterly
1184,23,Male,Pants,Clothing,1,1950,1950,Prayagraj,M,Yellow,Spring,4.5,No,2-Day Shipping,Yes,Yes,15,Amazon Pay,Weekly
1185,63,Male,Belt,Accessories,3,3650,10950,Gwalior,S,Indigo,Fall,3.4,No,Express,Yes,Yes,47,EMI,Annually
1186,47,Male,Jeans,Clothing,2,3200,6400,Jabalpur,M,Magenta,Spring,3.9,No,Standard,Yes,Yes,45,Bank Transfer,Monthly
1187,63,Male,Jeans,Clothing,1,3400,3400,Raipur,M,Beige,Summer,4.1,No,2-Day Shipping,Yes,Yes,30,Cash,Annually
1188,56,Male,Hat,Accessories,3,4450,13350,Goa,L,Maroon,Fall,3,No,Express,Yes,Yes,5,UPI,Every 3 Months
1189,68,Male,Blouse,Clothing,2,1450,2900,Udaipur,M,Magenta,Summer,3.3,No,Next Day Air,Yes,Yes,45,PhonePe,Weekly
1190,64,Male,Shirt,Clothing,2,4850,9700,Jodhpur,XL,Teal,Summer,,No,Free Shipping,Yes,Yes,50,Google Pay,Annually
1191,62,Male,Shirt,Clothing,3,2250,6750,Rajkot,M,Orange,Winter,4.3,No,Next Day Air,Yes,Yes,23,Paytm,Weekly
1192,34,Male,T-shirt,Clothing,3,3500,10500,Vadodara,L,Charcoal,Winter,4.1,No,Free Shipping,Yes,Yes,50,Credit Card,Quarterly
1193,49,Male,Coat,Outerwear,1,2800,2800,Siliguri,M,Turquoise,Summer,4,No,2-Day Shipping,Yes,Yes,15,Debit Card,Quarterly
1194,40,Male,Jacket,Outerwear,3,2750,8250,Guwahati,L,Pink,Fall,5,No,2-Day Shipping,Yes,Yes,9,Net Banking,Fortnightly
1195,50,Male,Hoodie,Clothing,2,2300,4600,Imphal,S,Teal,Winter,3.1,No,2-Day Shipping,Yes,Yes,23,Amazon Pay,Fortnightly
1196,25,Male,Scarf,Accessories,1,4750,4750,Aizawl,M,White,Winter,4,No,2-Day Shipping,Yes,Yes,21,EMI,Monthly
1197,30,Male,Belt,Accessories,1,4400,4400,Shillong,M,Maroon,Winter,3.2,No,2-Day Shipping,Yes,Yes,8,EMI,Bi-Weekly
1198,54,Male,Sneakers,Footwear,2,4600,9200,Nagpur,L,Violet,Fall,3.9,No,Standard,Yes,Yes,32,Credit Card,Annually
1199,40,Male,Socks,Clothing,1,2450,2450,Mumbai,M,Brown,Summer,3.9,No,2-Day Shipping,Yes,Yes,15,Credit Card,Annually
1200,49,Male,Sandals,Footwear,2,4450,8900,Pune,M,Indigo,Fall,4.5,No,Free Shipping,Yes,Yes,48,Cash,Weekly
1201,27,Male,Coat,Outerwear,1,1100,1100,Delhi,XL,Black,Winter,4.4,No,Store Pickup,Yes,Yes,44,Cash,Weekly
1202,27,Male,Shoes,Footwear,3,3050,9150,Bengaluru,XL,Black,Summer,3.1,No,2-Day Shipping,Yes,Yes,31,UPI,Fortnightly
1203,48,Male,Scarf,Accessories,1,1450,1450,Hyderabad,S,Olive,Spring,2.9,No,Standard,Yes,Yes,41,PhonePe,Every 3 Months
1204,40,Male,Sneakers,Footwear,1,4100,4100,Chennai,M,Orange,Winter,3.7,No,Free Shipping,Yes,Yes,33,Google Pay,Annually
1205,67,Male,Belt,Accessories,1,4700,4700,Kolkata,M,Pink,Spring,3.2,No,2-Day Shipping,Yes,Yes,18,Paytm,Every 3 Months
1206,52,Male,Handbag,Accessories,2,4950,9900,Ahmedabad,M,Olive,Spring,3.5,No,Standard,Yes,Yes,29,Credit Card,Fortnightly
1207,22,Male,Handbag,Accessories,2,2950,5900,Surat,S,Cyan,Fall,3,No,Free Shipping,Yes,Yes,40,Debit Card,Every 3 Months
1208,62,Male,Boots,Footwear,2,4500,9000,Jaipur,M,White,Summer,4.1,No,Next Day Air,Yes,Yes,50,Net Banking,Every 3 Months
1209,20,Male,Boots,Footwear,1,5000,5000,Lucknow,S,Red,Winter,,No,2-Day Shipping,Yes,Yes,23,Amazon Pay,Annually
1210,41,Male,Pants,Clothing,1,3100,3100,Kanpur,M,Blue,Winter,3.8,No,Next Day Air,Yes,Yes,22,EMI,Monthly
1211,34,Male,Sunglasses,Accessories,2,3900,7800,Nagpur,M,Olive,Fall,4.1,No,Next Day Air,Yes,Yes,50,Cash,Quarterly
1212,23,Male,Hoodie,Clothing,2,4700,9400,Indore,M,Green,Spring,4.6,No,Store Pickup,Yes,Yes,39,Bank Transfer,Every 3 Months
1213,32,Male,Shoes,Footwear,2,3700,7400,Bhopal,M,Yellow,Summer,2.5,No,Free Shipping,Yes,Yes,18,Debit Card,Weekly
1214,68,Male,Handbag,Accessories,3,2600,7800,Patna,XL,Black,Spring,3.7,No,Express,Yes,Yes,25,Bank Transfer,Every 3 Months
1215,30,Male,Jacket,Outerwear,3,4050,12150,Ranchi,M,Blue,Fall,3.8,No,Free Shipping,Yes,Yes,18,Bank Transfer,Every 3 Months
1216,66,Male,Blouse,Clothing,3,1000,3000,Bhubaneswar,L,Pink,Winter,2.6,No,2-Day Shipping,Yes,Yes,47,Credit Card,Every 3 Months
1217,62,Male,Pants,Clothing,2,1600,3200,Visakhapatnam,XL,Lavender,Summer,3.7,No,Free Shipping,Yes,Yes,18,Cash,Every 3 Months
1218,50,Male,Boots,Footwear,1,3150,3150,Vijayawada,XL,Cyan,Fall,2.6,No,Free Shipping,Yes,Yes,28,UPI,Every 3 Months
1219,55,Male,Boots,Footwear,1,3950,3950,Kochi,M,Cyan,Spring,3.1,No,Store Pickup,Yes,Yes,24,PhonePe,Every 3 Months
1220,19,Male,Sweater,Clothing,1,1150,1150,Thiruvananthapuram,M,Gold,Winter,2.5,No,Next Day Air,Yes,Yes,25,Google Pay,Bi-Weekly
1221,67,Male,Gloves,Accessories,1,3200,3200,Coimbatore,M,Green,Winter,,No,Express,Yes,Yes,34,Paytm,Quarterly
1222,18,Male,Socks,Clothing,3,3450,10350,Madurai,M,Red,Winter,4.5,No,Standard,Yes,Yes,14,Credit Card,Quarterly
1223,58,Male,Jeans,Clothing,1,3450,3450,Mysuru,L,Magenta,Fall,3.4,No,Store Pickup,Yes,Yes,34,Debit Card,Annually
1224,69,Male,Pants,Clothing,3,1200,3600,Mangaluru,L,Red,Winter,3.9,No,Free Shipping,Yes,Yes,31,Net Banking,Weekly
1225,62,Male,Shorts,Clothing,1,2500,2500,Nashik,M,Yellow,Summer,3.7,No,Store Pickup,Yes,Yes,3,Amazon Pay,Weekly
1226,28,Male,Gloves,Accessories,1,4850,4850,Aurangabad,S,Turquoise,Fall,2.6,No,Free Shipping,Yes,Yes,42,Amazon Pay,Weekly
1227,53,Male,Sandals,Footwear,2,4550,9100,Kolhapur,S,Cyan,Fall,3.4,No,Store Pickup,Yes,Yes,45,Amazon Pay,Bi-Weekly
1228,27,Male,Blouse,Clothing,2,1850,3700,Thane,L,Yellow,Spring,4.9,No,Store Pickup,Yes,Yes,32,Amazon Pay,Bi-Weekly
1229,55,Male,Jacket,Outerwear,3,2750,8250,Navi Mumbai,S,Yellow,Winter,3.9,No,Express,Yes,Yes,44,Amazon Pay,Annually
1230,34,Male,Jewelry,Accessories,3,2600,7800,Vasai-Virar,XL,Maroon,Winter,3.6,No,Express,Yes,Yes,26,Bank Transfer,Annually
1231,25,Male,Hat,Accessories,3,4000,12000,Kalyan-Dombivli,L,Brown,Spring,,No,Standard,Yes,Yes,25,Cash,Monthly
1232,66,Male,Socks,Clothing,3,3950,11850,Noida,M,Gold,Spring,4,No,2-Day Shipping,Yes,Yes,32,Cash,Fortnightly
1233,57,Male,Handbag,Accessories,1,1150,1150,Gurugram,M,Charcoal,Summer,3.6,No,Free Shipping,Yes,Yes,17,UPI,Every 3 Months
1234,46,Male,Pants,Clothing,3,3650,10950,Faridabad,L,Beige,Winter,3.5,No,Next Day Air,Yes,Yes,35,PhonePe,Every 3 Months
1235,38,Male,Gloves,Accessories,1,4950,4950,Ghaziabad,M,Indigo,Fall,4.1,No,Store Pickup,Yes,Yes,28,Google Pay,Bi-Weekly
1236,23,Male,Sweater,Clothing,1,1100,1100,Chandigarh,M,Red,Spring,3,No,Store Pickup,Yes,Yes,30,Paytm,Every 3 Months
1237,42,Male,Hat,Accessories,1,3400,3400,Ludhiana,M,White,Summer,4.4,No,Store Pickup,Yes,Yes,26,Credit Card,Every 3 Months
1238,25,Male,Dress,Clothing,3,4600,13800,Amritsar,S,Charcoal,Spring,4.4,No,2-Day Shipping,Yes,Yes,25,Debit Card,Quarterly
1239,55,Male,Pants,Clothing,3,3850,11550,Jammu,M,Violet,Winter,3.7,No,Express,Yes,Yes,26,Net Banking,Fortnightly
1240,62,Male,Coat,Outerwear,2,1850,3700,Srinagar,XL,Magenta,Spring,4.8,No,Standard,Yes,Yes,20,Amazon Pay,Every 3 Months
1241,41,Male,Scarf,Accessories,1,3950,3950,Shimla,L,White,Winter,2.9,No,Store Pickup,Yes,Yes,26,EMI,Annually
1242,58,Male,Hoodie,Clothing,3,2550,7650,Dehradun,XL,Pink,Winter,3.1,No,Express,Yes,Yes,36,Cash,Weekly
1243,56,Male,Socks,Clothing,2,1350,2700,Agra,M,Lavender,Summer,4,No,Next Day Air,Yes,Yes,46,UPI,Quarterly
1244,25,Male,Blouse,Clothing,2,1150,2300,Varanasi,S,Pink,Spring,3,No,Store Pickup,Yes,Yes,43,PhonePe,Annually
1245,70,Male,Socks,Clothing,2,3800,7600,Prayagraj,S,Silver,Summer,3.9,No,2-Day Shipping,Yes,Yes,2,Google Pay,Monthly
1246,42,Male,Dress,Clothing,1,1550,1550,Gwalior,M,Violet,Fall,3.4,No,Standard,Yes,Yes,4,Paytm,Weekly
1247,27,Male,Hoodie,Clothing,2,3000,6000,Jabalpur,M,Charcoal,Winter,2.7,No,Standard,Yes,Yes,17,Credit Card,Monthly
1248,65,Male,T-shirt,Clothing,3,4950,14850,Raipur,M,Charcoal,Spring,,No,Express,Yes,Yes,39,Debit Card,Bi-Weekly
1249,62,Male,Hat,Accessories,1,1850,1850,Goa,XL,Red,Winter,3,No,Free Shipping,Yes,Yes,18,Net Banking,Annually
1250,62,Male,Boots,Footwear,3,2500,7500,Udaipur,M,Peach,Winter,4.5,No,Express,Yes,Yes,16,Amazon Pay,Fortnightly
1251,52,Male,Jeans,Clothing,2,1300,2600,Jodhpur,XL,Purple,Winter,4.1,No,Free Shipping,Yes,Yes,26,EMI,Monthly
1252,56,Male,Shorts,Clothing,3,4300,12900,Rajkot,XL,Orange,Spring,5,No,Next Day Air,Yes,Yes,31,Bank Transfer,Monthly
1253,28,Male,Sandals,Footwear,3,2050,6150,Vadodara,L,Magenta,Fall,4,No,Standard,Yes,Yes,19,Google Pay,Quarterly
1254,39,Male,Sandals,Footwear,3,1150,3450,Siliguri,XL,Red,Winter,4.9,No,Express,Yes,Yes,42,Cash,Annually
1255,54,Male,Sneakers,Footwear,3,2800,8400,Guwahati,XL,Black,Spring,3.3,No,2-Day Shipping,Yes,Yes,17,EMI,Bi-Weekly
1256,30,Male,Hat,Accessories,2,3400,6800,Imphal,M,Peach,Fall,4.1,No,Standard,Yes,Yes,2,Debit Card,Fortnightly
1257,45,Male,Coat,Outerwear,3,2400,7200,Aizawl,S,Olive,Winter,3.6,No,Express,Yes,Yes,26,Paytm,Fortnightly
1258,68,Male,Dress,Clothing,2,3350,6700,Shillong,L,Gold,Spring,3,No,Free Shipping,Yes,Yes,50,Net Banking,Every 3 Months
1259,47,Male,Boots,Footwear,3,4350,13050,Mumbai,XL,Gold,Spring,4.1,No,2-Day Shipping,Yes,Yes,11,UPI,Every 3 Months
1260,68,Male,Skirt,Clothing,2,3200,6400,Pune,M,Turquoise,Fall,3.9,No,Standard,Yes,Yes,7,Amazon Pay,Monthly
1261,63,Male,Shirt,Clothing,2,4650,9300,Delhi,XL,Green,Spring,4.1,No,Store Pickup,Yes,Yes,18,Credit Card,Quarterly
1262,20,Male,Shirt,Clothing,2,1450,2900,Bengaluru,L,Maroon,Summer,2.8,No,Next Day Air,Yes,Yes,22,PhonePe,Fortnightly
1263,29,Male,Boots,Footwear,2,3100,6200,Hyderabad,L,Brown,Winter,4.8,No,Store Pickup,Yes,Yes,33,Google Pay,Monthly
1264,41,Male,Hoodie,Clothing,2,3500,7000,Chennai,L,Brown,Winter,4.6,No,2-Day Shipping,Yes,Yes,18,Cash,Bi-Weekly
1265,52,Male,Sweater,Clothing,2,4600,9200,Kolkata,S,Blue,Winter,2.5,No,Next Day Air,Yes,Yes,13,EMI,Bi-Weekly
1266,32,Male,Shirt,Clothing,3,3950,11850,Ahmedabad,M,Lavender,Spring,2.7,No,Next Day Air,Yes,Yes,21,Debit Card,Weekly
1267,20,Male,Blouse,Clothing,2,1550,3100,Surat,M,Peach,Fall,4,No,Standard,Yes,Yes,48,Paytm,Every 3 Months
1268,47,Male,T-shirt,Clothing,1,4150,4150,Jaipur,S,Gray,Spring,2.7,No,Standard,Yes,Yes,11,Net Banking,Weekly
1269,23,Male,Jacket,Outerwear,2,4400,8800,Lucknow,XL,Charcoal,Winter,2.9,No,Next Day Air,Yes,Yes,14,UPI,Bi-Weekly
1270,43,Male,Jewelry,Accessories,3,2650,7950,Kanpur,M,Lavender,Spring,3,No,Standard,Yes,Yes,39,Amazon Pay,Quarterly
1271,67,Male,Hoodie,Clothing,3,4900,14700,Nagpur,M,Green,Fall,3.3,No,Standard,Yes,Yes,18,Credit Card,Annually
1272,70,Male,Jewelry,Accessories,2,2850,5700,Indore,S,Gray,Spring,4.3,No,Store Pickup,Yes,Yes,3,PhonePe,Annually
1273,35,Male,Sandals,Footwear,1,4000,4000,Bhopal,M,Orange,Winter,4.4,No,Express,Yes,Yes,46,Credit Card,Monthly
1274,41,Male,Jeans,Clothing,2,1450,2900,Patna,L,Silver,Spring,4.1,No,Next Day Air,Yes,Yes,10,UPI,Every 3 Months
1275,54,Male,Hat,Accessories,1,3650,3650,Ranchi,M,Olive,Spring,3.1,No,2-Day Shipping,Yes,Yes,30,Paytm,Quarterly
1276,55,Male,Sweater,Clothing,3,1600,4800,Bhubaneswar,S,Turquoise,Fall,4.5,No,Standard,Yes,Yes,1,Cash,Monthly
1277,51,Male,Boots,Footwear,3,3400,10200,Visakhapatnam,L,Turquoise,Spring,4.8,No,Next Day Air,Yes,Yes,32,Amazon Pay,Weekly
1278,19,Male,Blouse,Clothing,2,4850,9700,Vijayawada,L,Green,Spring,5,No,Express,Yes,Yes,26,PhonePe,Quarterly
1279,28,Male,Shorts,Clothing,3,4900,14700,Kochi,M,Violet,Fall,2.8,No,Next Day Air,Yes,Yes,37,Net Banking,Fortnightly
1280,63,Male,Hoodie,Clothing,3,2800,8400,Thiruvananthapuram,L,Charcoal,Fall,3.7,No,Express,Yes,Yes,26,EMI,Annually
1281,30,Male,Pants,Clothing,2,3900,7800,Coimbatore,L,White,Winter,4.4,No,2-Day Shipping,Yes,Yes,5,Google Pay,Every 3 Months
1282,29,Male,Belt,Accessories,3,4050,12150,Madurai,M,Olive,Spring,4.5,No,Store Pickup,Yes,Yes,28,Debit Card,Bi-Weekly
1283,24,Male,Shirt,Clothing,1,3400,3400,Mysuru,L,Violet,Winter,3,No,Free Shipping,Yes,Yes,20,UPI,Monthly
1284,69,Male,Shirt,Clothing,3,4700,14100,Mangaluru,M,Violet,Winter,3.9,No,2-Day Shipping,Yes,Yes,46,PhonePe,Every 3 Months
1285,65,Male,Dress,Clothing,2,4650,9300,Nashik,M,Black,Spring,3.9,No,Express,Yes,Yes,28,Google Pay,Fortnightly
1286,64,Male,Gloves,Accessories,3,4950,14850,Aurangabad,M,Charcoal,Fall,3.5,No,Next Day Air,Yes,Yes,19,Paytm,Fortnightly
1287,40,Male,Gloves,Accessories,3,2450,7350,Kolhapur,L,Yellow,Winter,4.9,No,Next Day Air,Yes,Yes,43,Credit Card,Fortnightly
1288,24,Male,Jeans,Clothing,1,1400,1400,Thane,XL,Blue,Winter,3.4,No,Standard,Yes,Yes,9,Debit Card,Monthly
1289,66,Male,Belt,Accessories,2,4650,9300,Navi Mumbai,XL,Charcoal,Winter,4.1,No,Standard,Yes,Yes,29,Cash,Bi-Weekly
1290,35,Male,Jacket,Outerwear,2,1200,2400,Vasai-Virar,M,Red,Fall,2.9,No,Next Day Air,Yes,Yes,9,Net Banking,Weekly
1291,67,Male,Skirt,Clothing,3,1750,5250,Kalyan-Dombivli,M,Indigo,Spring,3.4,No,Free Shipping,Yes,Yes,41,Amazon Pay,Annually
1292,69,Male,Sandals,Footwear,1,3400,3400,Noida,S,Beige,Spring,3.2,No,2-Day Shipping,Yes,Yes,31,EMI,Fortnightly
1293,26,Male,Belt,Accessories,2,3050,6100,Gurugram,M,Maroon,Summer,,No,Free Shipping,Yes,Yes,28,UPI,Annually
1294,23,Male,Sweater,Clothing,3,3700,11100,Faridabad,XL,Yellow,Fall,4.1,No,Standard,Yes,Yes,3,PhonePe,Annually
1295,27,Male,Shirt,Clothing,3,3200,9600,Ghaziabad,M,Silver,Summer,4.5,No,Standard,Yes,Yes,9,Google Pay,Every 3 Months
1296,30,Male,Sneakers,Footwear,3,3000,9000,Chandigarh,M,Olive,Fall,2.8,No,Standard,Yes,Yes,27,Paytm,Weekly
1297,48,Male,Jeans,Clothing,1,1450,1450,Ludhiana,S,Teal,Spring,2.8,No,Express,Yes,Yes,34,Credit Card,Bi-Weekly
1298,44,Male,Sandals,Footwear,2,4250,8500,Amritsar,M,Silver,Summer,4.6,No,Standard,Yes,Yes,27,Debit Card,Annually
1299,29,Male,Pants,Clothing,3,4050,12150,Jammu,S,Indigo,Summer,3,No,Free Shipping,Yes,Yes,40,Cash,Fortnightly
1300,29,Male,Belt,Accessories,2,1150,2300,Srinagar,L,Teal,Fall,3.6,No,2-Day Shipping,Yes,Yes,22,Net Banking,Bi-Weekly
1301,67,Male,T-shirt,Clothing,3,5000,15000,Shimla,M,Charcoal,Spring,4.5,No,Next Day Air,Yes,Yes,43,Amazon Pay,Every 3 Months
1302,42,Male,Shirt,Clothing,1,2700,2700,Dehradun,M,Orange,Fall,5,No,Express,Yes,Yes,10,EMI,Weekly
1303,23,Male,Sneakers,Footwear,1,1250,1250,Agra,M,Gold,Fall,2.9,No,Next Day Air,Yes,Yes,43,Cash,Monthly
1304,34,Male,Blouse,Clothing,1,1600,1600,Varanasi,L,Silver,Summer,3.1,No,Next Day Air,Yes,Yes,26,Debit Card,Annually
1305,64,Male,Backpack,Accessories,2,3150,6300,Prayagraj,S,Orange,Spring,4,No,2-Day Shipping,Yes,Yes,13,Debit Card,Every 3 Months
1306,31,Male,Pants,Clothing,3,2800,8400,Gwalior,XL,Peach,Spring,4.5,No,Express,Yes,Yes,46,Credit Card,Every 3 Months
1307,54,Male,Sweater,Clothing,2,1650,3300,Jabalpur,L,Brown,Winter,4.5,No,Next Day Air,Yes,Yes,44,Debit Card,Annually
1308,23,Male,Coat,Outerwear,2,1600,3200,Raipur,L,Black,Summer,3.1,No,Express,Yes,Yes,27,Paytm,Annually
1309,59,Male,Dress,Clothing,2,1900,3800,Goa,L,Red,Summer,4.4,No,Next Day Air,Yes,Yes,34,Credit Card,Every 3 Months
1310,32,Male,Blouse,Clothing,1,1050,1050,Udaipur,L,Lavender,Summer,4.7,No,Store Pickup,Yes,Yes,22,Debit Card,Quarterly
1311,43,Male,Hoodie,Clothing,1,2950,2950,Jodhpur,L,Brown,Winter,3.1,No,Store Pickup,Yes,Yes,10,Cash on Delivery,Every 3 Months
1312,32,Male,Shoes,Footwear,1,4350,4350,Rajkot,M,Maroon,Fall,4.2,No,Express,Yes,Yes,12,Net Banking,Annually
1313,66,Male,T-shirt,Clothing,3,3950,11850,Vadodara,M,Violet,Winter,3,No,Store Pickup,Yes,Yes,5,Amazon Pay,Monthly
1314,70,Male,Shoes,Footwear,1,1400,1400,Siliguri,M,Lavender,Summer,,No,Free Shipping,Yes,Yes,23,EMI,Bi-Weekly
1315,42,Male,Boots,Footwear,3,3350,10050,Guwahati,S,Magenta,Summer,3.4,No,Free Shipping,Yes,Yes,11,UPI,Annually
1316,56,Male,Shorts,Clothing,2,3750,7500,Imphal,L,Green,Spring,4.2,No,2-Day Shipping,Yes,Yes,27,PhonePe,Quarterly
1317,28,Male,Belt,Accessories,1,1600,1600,Aizawl,S,Lavender,Spring,4.6,No,Standard,Yes,Yes,11,Google Pay,Bi-Weekly
1318,28,Male,Pants,Clothing,3,2150,6450,Shillong,M,Green,Spring,2.8,No,Free Shipping,Yes,Yes,42,Paytm,Monthly
1319,52,Male,Shorts,Clothing,1,4650,4650,Mumbai,M,Maroon,Spring,2.7,No,Express,Yes,Yes,43,Credit Card,Bi-Weekly
1320,65,Male,Sunglasses,Accessories,2,1200,2400,Pune,M,Magenta,Spring,4,No,Standard,Yes,Yes,14,Debit Card,Weekly
1321,56,Male,Hat,Accessories,2,1550,3100,Delhi,XL,Teal,Fall,3.1,No,Free Shipping,Yes,Yes,24,Cash,Annually
1322,59,Male,T-shirt,Clothing,1,4200,4200,Bengaluru,L,Orange,Winter,3.7,No,Express,Yes,Yes,6,UPI,Every 3 Months
1323,23,Male,Pants,Clothing,2,3700,7400,Hyderabad,M,Violet,Winter,4,No,Next Day Air,Yes,Yes,15,PhonePe,Quarterly
1324,58,Male,Shorts,Clothing,3,3100,9300,Chennai,M,Yellow,Spring,4.6,No,Standard,Yes,Yes,15,Google Pay,Every 3 Months
1325,39,Male,Jewelry,Accessories,3,3850,11550,Kolkata,S,Orange,Summer,3.8,No,Free Shipping,Yes,Yes,18,Paytm,Fortnightly
1326,28,Male,Backpack,Accessories,2,3650,7300,Ahmedabad,L,Gold,Summer,3.5,No,Express,Yes,Yes,45,Credit Card,Monthly
1327,40,Male,Shoes,Footwear,1,2500,2500,Surat,M,Indigo,Spring,,No,Free Shipping,Yes,Yes,30,Debit Card,Monthly
1328,52,Male,Coat,Outerwear,2,2000,4000,Jaipur,M,Turquoise,Winter,2.8,No,Standard,Yes,Yes,18,Net Banking,Weekly
1329,37,Male,Sweater,Clothing,3,4850,14550,Lucknow,M,Orange,Winter,3.7,No,Standard,Yes,Yes,11,Amazon Pay,Weekly
1330,70,Male,Gloves,Accessories,2,3150,6300,Kanpur,M,Indigo,Fall,3.3,No,Express,Yes,Yes,10,EMI,Every 3 Months
1331,30,Male,Handbag,Accessories,1,3250,3250,Nagpur,M,Charcoal,Fall,2.9,No,Standard,Yes,Yes,11,Cash,Bi-Weekly
1332,38,Male,Socks,Clothing,3,4550,13650,Indore,M,Lavender,Spring,3.2,No,Standard,Yes,Yes,37,Debit Card,Bi-Weekly
1333,66,Male,Hoodie,Clothing,1,3000,3000,Bhopal,S,Gold,Spring,4.3,No,Store Pickup,Yes,Yes,36,Debit Card,Quarterly
1334,29,Male,Pants,Clothing,2,3450,6900,Patna,M,Lavender,Winter,2.7,No,Next Day Air,Yes,Yes,40,Credit Card,Quarterly
1335,46,Male,Coat,Outerwear,1,2600,2600,Ranchi,S,White,Spring,,No,Store Pickup,Yes,Yes,43,Credit Card,Monthly
1336,56,Male,Boots,Footwear,2,2450,4900,Bhubaneswar,M,Lavender,Fall,4.8,No,2-Day Shipping,Yes,Yes,49,Credit Card,Weekly
1337,23,Male,Sneakers,Footwear,3,4250,12750,Visakhapatnam,M,Charcoal,Spring,4.8,No,Store Pickup,Yes,Yes,32,Debit Card,Fortnightly
1338,37,Male,Sweater,Clothing,3,4300,12900,Vijayawada,L,Silver,Spring,3.4,No,Express,Yes,Yes,35,Credit Card,Bi-Weekly
1339,56,Male,Handbag,Accessories,3,2550,7650,Kochi,S,Yellow,Winter,2.6,No,Standard,Yes,Yes,20,Credit Card,Fortnightly
1340,36,Male,Belt,Accessories,3,2800,8400,Thiruvananthapuram,L,Olive,Winter,5,No,Next Day Air,Yes,Yes,28,Debit Card,Every 3 Months
1341,40,Male,Belt,Accessories,1,3600,3600,Coimbatore,M,Peach,Fall,4.4,No,Next Day Air,Yes,Yes,42,Cash,Every 3 Months
1342,26,Male,Hoodie,Clothing,3,1350,4050,Madurai,XL,Yellow,Fall,,No,Standard,Yes,Yes,12,UPI,Quarterly
1343,57,Male,Sunglasses,Accessories,3,2150,6450,Mysuru,XL,Yellow,Summer,3.4,No,2-Day Shipping,Yes,Yes,46,PhonePe,Monthly
1344,68,Male,Sneakers,Footwear,3,2800,8400,Mangaluru,M,Indigo,Spring,3.4,No,Standard,Yes,Yes,18,Google Pay,Monthly
1345,56,Male,T-shirt,Clothing,1,1850,1850,Nashik,S,Violet,Fall,4.9,No,Next Day Air,Yes,Yes,33,Paytm,Annually
1346,40,Male,Dress,Clothing,3,1050,3150,Aurangabad,M,White,Fall,3.6,No,Standard,Yes,Yes,23,Credit Card,Weekly
1347,44,Male,Hoodie,Clothing,3,4550,13650,Kolhapur,L,White,Winter,3,No,Free Shipping,Yes,Yes,11,Debit Card,Bi-Weekly
1348,44,Male,Sweater,Clothing,3,4750,14250,Thane,M,Cyan,Summer,3.9,No,2-Day Shipping,Yes,Yes,38,Net Banking,Monthly
1349,19,Male,Belt,Accessories,2,2700,5400,Navi Mumbai,XL,Purple,Spring,3.2,No,Standard,Yes,Yes,41,Amazon Pay,Fortnightly
1350,21,Male,Socks,Clothing,2,1800,3600,Vasai-Virar,XL,Black,Spring,3.2,No,Next Day Air,Yes,Yes,29,EMI,Bi-Weekly
1351,31,Male,Sunglasses,Accessories,3,3550,10650,Kalyan-Dombivli,M,Orange,Fall,4.3,No,Next Day Air,Yes,Yes,14,Cash,Every 3 Months
1352,30,Male,Coat,Outerwear,1,1550,1550,Noida,L,Maroon,Summer,2.8,No,2-Day Shipping,Yes,Yes,26,Cash,Quarterly
1353,65,Male,Hat,Accessories,1,4450,4450,Gurugram,XL,Orange,Spring,4.5,No,Next Day Air,Yes,Yes,19,Debit Card,Bi-Weekly
1354,39,Male,Pants,Clothing,2,4150,8300,Faridabad,M,Teal,Winter,4.1,No,Next Day Air,Yes,Yes,29,Cash,Every 3 Months
1355,64,Male,Backpack,Accessories,3,2100,6300,Ghaziabad,M,Gray,Spring,3.6,No,2-Day Shipping,Yes,Yes,41,UPI,Quarterly
1356,59,Male,Shorts,Clothing,1,4550,4550,Chandigarh,M,Blue,Summer,3,No,2-Day Shipping,Yes,Yes,15,PhonePe,Bi-Weekly
1357,49,Male,Jacket,Outerwear,3,3050,9150,Ludhiana,M,Cyan,Spring,4,No,Free Shipping,Yes,Yes,32,Google Pay,Annually
1358,24,Male,Backpack,Accessories,2,3300,6600,Amritsar,S,Red,Summer,3.5,No,Next Day Air,Yes,Yes,45,Paytm,Quarterly
1359,19,Male,Scarf,Accessories,2,1100,2200,Jammu,XL,Pink,Spring,2.5,No,Store Pickup,Yes,Yes,34,Credit Card,Every 3 Months
1360,27,Male,Hoodie,Clothing,2,3400,6800,Srinagar,S,Cyan,Winter,4.3,No,Store Pickup,Yes,Yes,5,Debit Card,Fortnightly
1361,56,Male,Skirt,Clothing,1,2150,2150,Shimla,L,Black,Fall,2.8,No,Express,Yes,Yes,9,Net Banking,Annually
1362,49,Male,Dress,Clothing,3,1600,4800,Dehradun,M,Beige,Fall,3.7,No,Next Day Air,Yes,Yes,22,Amazon Pay,Monthly
1363,41,Male,Coat,Outerwear,3,2300,6900,Agra,M,Gray,Fall,4.3,No,Express,Yes,Yes,28,EMI,Weekly
1364,36,Male,Blouse,Clothing,3,4500,13500,Varanasi,L,Red,Summer,4,No,Express,Yes,Yes,28,Credit Card,Quarterly
1365,68,Male,Hat,Accessories,2,3750,7500,Prayagraj,L,Yellow,Fall,4.7,No,Express,Yes,Yes,23,Credit Card,Every 3 Months
1366,28,Male,Handbag,Accessories,2,3450,6900,Gwalior,M,Magenta,Winter,4.5,No,Store Pickup,Yes,Yes,6,Bank Transfer,Fortnightly
1367,45,Male,Belt,Accessories,2,2000,4000,Jabalpur,M,Magenta,Fall,3.1,No,Free Shipping,Yes,Yes,40,Bank Transfer,Fortnightly
1368,60,Male,Belt,Accessories,3,3150,9450,Raipur,S,Black,Fall,3.8,No,Express,Yes,Yes,3,Debit Card,Quarterly
1369,21,Male,Shirt,Clothing,2,1800,3600,Goa,L,Orange,Summer,4.9,No,Express,Yes,Yes,34,Cash,Weekly
1370,32,Male,Shoes,Footwear,3,3750,11250,Udaipur,M,Green,Winter,3.2,No,Standard,Yes,Yes,1,Debit Card,Fortnightly
1371,27,Male,Scarf,Accessories,1,3350,3350,Jodhpur,L,Peach,Summer,,No,2-Day Shipping,Yes,Yes,42,Credit Card,Every 3 Months
1372,40,Male,Pants,Clothing,3,3200,9600,Rajkot,M,Charcoal,Spring,2.8,No,Store Pickup,Yes,Yes,48,Cash,Monthly
1373,64,Male,Blouse,Clothing,2,3050,6100,Vadodara,M,Gray,Fall,4,No,2-Day Shipping,Yes,Yes,22,Credit Card,Bi-Weekly
1374,18,Male,Gloves,Accessories,2,2000,4000,Siliguri,L,Turquoise,Winter,2.6,No,Store Pickup,Yes,Yes,14,Credit Card,Quarterly
1375,22,Male,Handbag,Accessories,1,4850,4850,Guwahati,M,Red,Fall,2.7,No,Free Shipping,Yes,Yes,50,Cash,Quarterly
1376,42,Male,Sneakers,Footwear,3,1550,4650,Imphal,L,Brown,Spring,4.1,No,2-Day Shipping,Yes,Yes,41,UPI,Annually
1377,57,Male,Sandals,Footwear,2,3250,6500,Aizawl,L,Pink,Spring,5,No,Free Shipping,Yes,Yes,21,PhonePe,Annually
1378,33,Male,Sunglasses,Accessories,3,2700,8100,Shillong,L,Olive,Spring,3,No,Next Day Air,Yes,Yes,32,Google Pay,Monthly
1379,37,Male,Jacket,Outerwear,1,2450,2450,Patna,XL,Lavender,Fall,3.6,No,Free Shipping,Yes,Yes,2,Paytm,Weekly
1380,21,Male,T-shirt,Clothing,3,3200,9600,Ranchi,L,Purple,Fall,2.8,No,2-Day Shipping,Yes,Yes,50,Credit Card,Bi-Weekly
1381,51,Male,Sneakers,Footwear,1,1750,1750,Bhubaneswar,S,Beige,Winter,4.6,No,Standard,Yes,Yes,50,Debit Card,Fortnightly
1382,30,Male,Shoes,Footwear,1,4300,4300,Visakhapatnam,L,Green,Winter,2.9,No,Standard,Yes,Yes,25,Net Banking,Quarterly
1383,68,Male,Jacket,Outerwear,1,2750,2750,Vijayawada,L,Brown,Winter,4.8,No,Express,Yes,Yes,35,Amazon Pay,Quarterly
1384,36,Male,Scarf,Accessories,1,2900,2900,Kochi,M,Beige,Spring,3.3,No,Express,Yes,Yes,26,EMI,Monthly
1385,46,Male,Sneakers,Footwear,1,4800,4800,Thiruvananthapuram,M,Beige,Fall,4.6,No,Standard,Yes,Yes,49,Credit Card,Weekly
1386,41,Male,Jewelry,Accessories,2,3200,6400,Coimbatore,M,Indigo,Fall,2.6,No,Store Pickup,Yes,Yes,3,Cash,Bi-Weekly
1387,68,Male,Jacket,Outerwear,1,2800,2800,Madurai,M,Silver,Fall,4,No,Next Day Air,Yes,Yes,9,UPI,Quarterly
1388,21,Male,Blouse,Clothing,1,4250,4250,Mysuru,M,Gold,Winter,3.8,No,Standard,Yes,Yes,39,PhonePe,Monthly
1389,62,Male,Dress,Clothing,1,1150,1150,Mangaluru,M,Lavender,Spring,3.9,No,Express,Yes,Yes,37,Google Pay,Quarterly
1390,59,Male,Scarf,Accessories,1,3600,3600,Nashik,L,Orange,Fall,2.6,No,Store Pickup,Yes,Yes,26,Paytm,Fortnightly
1391,25,Male,Hat,Accessories,2,1900,3800,Aurangabad,M,Maroon,Summer,4.3,No,Standard,Yes,Yes,38,Credit Card,Weekly
1392,53,Male,Blouse,Clothing,3,1450,4350,Kolhapur,S,White,Winter,3.6,No,Express,Yes,Yes,33,Debit Card,Annually
1393,31,Male,Gloves,Accessories,1,2300,2300,Thane,M,Yellow,Spring,4.2,No,Express,Yes,Yes,31,Net Banking,Every 3 Months
1394,46,Male,Gloves,Accessories,2,2900,5800,Navi Mumbai,L,Yellow,Spring,3.9,No,Express,Yes,Yes,24,Amazon Pay,Fortnightly
1395,26,Male,Coat,Outerwear,1,2150,2150,Vasai-Virar,L,Magenta,Fall,4.7,No,Next Day Air,Yes,Yes,23,EMI,Weekly
1396,47,Male,Scarf,Accessories,3,1600,4800,Kalyan-Dombivli,L,Turquoise,Spring,2.8,No,Next Day Air,Yes,Yes,8,Cash,Bi-Weekly
1397,37,Male,Pants,Clothing,3,1500,4500,Noida,XL,Lavender,Winter,3,No,Next Day Air,Yes,Yes,25,UPI,Monthly
1398,55,Male,Sunglasses,Accessories,1,3350,3350,Gurugram,S,Magenta,Summer,4.7,No,Store Pickup,Yes,Yes,9,PhonePe,Annually
1399,30,Male,Dress,Clothing,3,2250,6750,Faridabad,M,Cyan,Summer,2.5,No,Free Shipping,Yes,Yes,31,Google Pay,Weekly
1400,19,Male,Hat,Accessories,3,4050,12150,Ghaziabad,M,Olive,Winter,3.1,No,Store Pickup,Yes,Yes,5,Paytm,Annually
1401,36,Male,Backpack,Accessories,3,1150,3450,Chandigarh,M,Red,Fall,3.6,No,Next Day Air,Yes,Yes,3,Credit Card,Every 3 Months
1402,23,Male,Sandals,Footwear,1,2950,2950,Ludhiana,M,Blue,Fall,3.5,No,2-Day Shipping,Yes,Yes,18,Debit Card,Weekly
1403,62,Male,Sunglasses,Accessories,2,1050,2100,Amritsar,L,White,Summer,3.1,No,Express,Yes,Yes,5,Net Banking,Monthly
1404,26,Male,Backpack,Accessories,1,1000,1000,Jammu,M,Peach,Spring,3.6,No,Store Pickup,Yes,Yes,17,Amazon Pay,Bi-Weekly
1405,36,Male,Jewelry,Accessories,1,1400,1400,Srinagar,M,Charcoal,Winter,3.5,No,Next Day Air,Yes,Yes,42,EMI,Weekly
1406,33,Male,Socks,Clothing,1,5000,5000,Shimla,M,Peach,Winter,2.7,No,Store Pickup,Yes,Yes,41,Cash,Monthly
1407,32,Male,Shirt,Clothing,1,2300,2300,Dehradun,L,Turquoise,Spring,3.6,No,Express,Yes,Yes,18,Cash,Monthly
1408,56,Male,Handbag,Accessories,2,3050,6100,Agra,XL,Charcoal,Spring,4.5,No,Express,Yes,Yes,13,UPI,Annually
1409,58,Male,Blouse,Clothing,2,2900,5800,Varanasi,M,Yellow,Winter,4.1,No,Free Shipping,Yes,Yes,22,PhonePe,Weekly
1410,34,Male,Backpack,Accessories,2,2500,5000,Prayagraj,M,Blue,Spring,4.2,No,Standard,Yes,Yes,5,Google Pay,Fortnightly
1411,61,Male,Hat,Accessories,3,4650,13950,Gwalior,M,Purple,Summer,4,No,Store Pickup,Yes,Yes,2,Paytm,Annually
1412,48,Male,Skirt,Clothing,1,1200,1200,Jabalpur,L,Green,Summer,2.8,No,Store Pickup,Yes,Yes,47,Credit Card,Quarterly
1413,25,Male,Shorts,Clothing,3,5000,15000,Raipur,M,Charcoal,Summer,2.6,No,2-Day Shipping,Yes,Yes,24,Debit Card,Annually
1414,51,Male,Blouse,Clothing,1,3950,3950,Goa,S,Indigo,Fall,2.7,No,Store Pickup,Yes,Yes,46,Net Banking,Quarterly
1415,29,Male,Socks,Clothing,3,2550,7650,Udaipur,M,Black,Summer,4.5,No,Store Pickup,Yes,Yes,11,Amazon Pay,Bi-Weekly
1416,54,Male,Belt,Accessories,1,4500,4500,Jodhpur,M,Blue,Winter,3.7,No,Free Shipping,Yes,Yes,37,EMI,Every 3 Months
1417,48,Male,Boots,Footwear,3,2800,8400,Rajkot,L,Silver,Summer,3.4,No,Free Shipping,Yes,Yes,45,Cash,Quarterly
1418,62,Male,Shorts,Clothing,3,1250,3750,Vadodara,S,Brown,Spring,4.6,No,Standard,Yes,Yes,25,Cash,Fortnightly
1419,18,Male,Shirt,Clothing,3,3750,11250,Siliguri,M,Violet,Summer,4.1,No,2-Day Shipping,Yes,Yes,7,UPI,Every 3 Months
1420,43,Male,Handbag,Accessories,2,3750,7500,Guwahati,M,Orange,Summer,2.6,No,Free Shipping,Yes,Yes,35,PhonePe,Quarterly
1421,22,Male,Jeans,Clothing,2,2650,5300,Imphal,XL,Gray,Summer,4.6,No,Store Pickup,Yes,Yes,31,Google Pay,Every 3 Months
1422,68,Male,Dress,Clothing,3,5000,15000,Aizawl,S,Gold,Spring,3,No,Standard,Yes,Yes,46,Paytm,Fortnightly
1423,44,Male,Dress,Clothing,3,1350,4050,Shillong,L,Charcoal,Fall,3.4,No,Free Shipping,Yes,Yes,9,Credit Card,Bi-Weekly
1424,51,Male,Sandals,Footwear,2,3000,6000,Mumbai,S,Black,Fall,3.5,No,Free Shipping,Yes,Yes,19,Debit Card,Every 3 Months
1425,66,Male,Jacket,Outerwear,1,1150,1150,Pune,S,Indigo,Fall,3.5,No,Standard,Yes,Yes,26,Net Banking,Every 3 Months
1426,59,Male,Coat,Outerwear,1,2000,2000,Delhi,S,White,Winter,3.7,No,Next Day Air,Yes,Yes,9,Amazon Pay,Annually
1427,60,Male,Pants,Clothing,1,1900,1900,Bengaluru,M,Yellow,Summer,4.8,No,Free Shipping,Yes,Yes,29,EMI,Every 3 Months
1428,31,Male,Backpack,Accessories,1,4500,4500,Hyderabad,S,Orange,Summer,4.9,No,Store Pickup,Yes,Yes,29,Debit Card,Annually
1429,20,Male,Blouse,Clothing,1,4850,4850,Chennai,S,Green,Summer,4.9,No,Express,Yes,Yes,10,Google Pay,Quarterly
1430,24,Male,Skirt,Clothing,2,1900,3800,Kolkata,L,Gold,Fall,4.7,No,Standard,Yes,Yes,42,Bank Transfer,Every 3 Months
1431,48,Male,Sandals,Footwear,1,1500,1500,Ahmedabad,S,Orange,Summer,4.9,No,Free Shipping,Yes,Yes,11,Debit Card,Fortnightly
1432,39,Male,Pants,Clothing,2,4400,8800,Surat,M,Cyan,Fall,2.9,No,Express,Yes,Yes,30,Cash,Quarterly
1433,34,Male,Hat,Accessories,3,1650,4950,Jaipur,L,Black,Winter,4.4,No,Express,Yes,Yes,41,UPI,Quarterly
1434,70,Male,Hoodie,Clothing,2,3000,6000,Lucknow,L,Yellow,Winter,3.2,No,Next Day Air,Yes,Yes,6,PhonePe,Weekly
1435,59,Male,Sweater,Clothing,3,3200,9600,Kanpur,L,Maroon,Summer,4.6,No,Free Shipping,Yes,Yes,8,Google Pay,Bi-Weekly
1436,45,Male,Scarf,Accessories,2,4750,9500,Nagpur,XL,Black,Fall,4,No,Standard,Yes,Yes,2,Paytm,Weekly
1437,35,Male,Sneakers,Footwear,3,4150,12450,Indore,M,Gray,Winter,3.7,No,Free Shipping,Yes,Yes,35,Credit Card,Fortnightly
1438,69,Male,Boots,Footwear,1,4850,4850,Bhopal,XL,Orange,Winter,4.2,No,Free Shipping,Yes,Yes,45,Debit Card,Annually
1439,58,Male,Coat,Outerwear,3,1900,5700,Patna,M,Cyan,Spring,2.9,No,Standard,Yes,Yes,49,Net Banking,Monthly
1440,25,Male,Boots,Footwear,2,2400,4800,Ranchi,M,Magenta,Summer,4.8,No,Next Day Air,Yes,Yes,47,Amazon Pay,Fortnightly
1441,27,Male,Sandals,Footwear,1,3800,3800,Bhubaneswar,M,Pink,Spring,4.4,No,Standard,Yes,Yes,50,EMI,Monthly
1442,34,Male,Pants,Clothing,3,1250,3750,Visakhapatnam,S,Turquoise,Summer,3.4,No,Free Shipping,Yes,Yes,7,Bank Transfer,Every 3 Months
1443,53,Male,Hoodie,Clothing,2,4600,9200,Vijayawada,S,Violet,Spring,2.8,No,2-Day Shipping,Yes,Yes,33,Cash,Annually
1444,58,Male,Sandals,Footwear,1,2350,2350,Kochi,L,Teal,Fall,4.2,No,Next Day Air,Yes,Yes,31,UPI,Monthly
1445,32,Male,Sweater,Clothing,3,1800,5400,Thiruvananthapuram,L,Pink,Fall,3.8,No,Express,Yes,Yes,45,PhonePe,Quarterly
1446,64,Male,Belt,Accessories,2,2550,5100,Coimbatore,M,Gold,Fall,3.1,No,2-Day Shipping,Yes,Yes,28,Google Pay,Annually
1447,63,Male,Jeans,Clothing,2,1750,3500,Madurai,XL,Red,Summer,3.2,No,Express,Yes,Yes,30,Paytm,Quarterly
1448,23,Male,Hoodie,Clothing,3,2850,8550,Mysuru,S,Beige,Summer,3,No,Next Day Air,Yes,Yes,21,Credit Card,Monthly
1449,64,Male,Boots,Footwear,2,4750,9500,Mangaluru,M,Black,Summer,3.6,No,Free Shipping,Yes,Yes,14,Debit Card,Every 3 Months
1450,18,Male,Socks,Clothing,3,2050,6150,Nashik,L,Lavender,Winter,2.5,No,Store Pickup,Yes,Yes,25,Net Banking,Every 3 Months
1451,25,Male,Dress,Clothing,1,2200,2200,Aurangabad,S,Teal,Winter,3.4,No,Free Shipping,Yes,Yes,47,Amazon Pay,Quarterly
1452,54,Male,Jacket,Outerwear,2,1700,3400,Kolhapur,M,Maroon,Fall,2.5,No,Next Day Air,Yes,Yes,9,EMI,Quarterly
1453,60,Male,Jacket,Outerwear,3,1250,3750,Thane,L,Blue,Spring,4.7,No,2-Day Shipping,Yes,Yes,19,EMI,Quarterly
1454,36,Male,Boots,Footwear,1,4650,4650,Navi Mumbai,S,Teal,Winter,3.2,No,2-Day Shipping,Yes,Yes,44,Credit Card,Fortnightly
1455,66,Male,Sneakers,Footwear,2,2500,5000,Vasai-Virar,L,Maroon,Winter,2.9,No,Free Shipping,Yes,Yes,46,Credit Card,Annually
1456,60,Male,Pants,Clothing,1,3950,3950,Kalyan-Dombivli,L,Silver,Fall,4.9,No,Express,Yes,Yes,48,Cash,Every 3 Months
1457,59,Male,Coat,Outerwear,1,5000,5000,Noida,S,Olive,Spring,2.7,No,Store Pickup,Yes,Yes,22,Cash,Every 3 Months
1458,58,Male,Shirt,Clothing,3,2850,8550,Gurugram,S,Gray,Spring,4.7,No,Express,Yes,Yes,45,UPI,Fortnightly
1459,35,Male,Sweater,Clothing,3,1400,4200,Faridabad,M,Peach,Spring,2.9,No,2-Day Shipping,Yes,Yes,12,PhonePe,Weekly
1460,20,Male,Shoes,Footwear,3,1750,5250,Ghaziabad,L,Yellow,Winter,4.8,No,Express,Yes,Yes,21,Google Pay,Fortnightly
1461,70,Male,Boots,Footwear,3,4250,12750,Chandigarh,L,Violet,Fall,4.6,No,Standard,Yes,Yes,47,Paytm,Bi-Weekly
1462,54,Male,Sunglasses,Accessories,1,4750,4750,Ludhiana,S,Red,Summer,5,No,2-Day Shipping,Yes,Yes,37,Credit Card,Quarterly
1463,38,Male,Sneakers,Footwear,2,4500,9000,Amritsar,S,Charcoal,Summer,4.8,No,2-Day Shipping,Yes,Yes,19,Debit Card,Quarterly
1464,54,Male,Jewelry,Accessories,3,2450,7350,Jammu,M,Beige,Summer,4.9,No,Store Pickup,Yes,Yes,5,Net Banking,Monthly
1465,33,Male,Belt,Accessories,3,4600,13800,Srinagar,M,Peach,Winter,4.6,No,2-Day Shipping,Yes,Yes,9,Amazon Pay,Quarterly
1466,46,Male,Gloves,Accessories,2,3600,7200,Shimla,XL,Violet,Winter,3.9,No,Store Pickup,Yes,Yes,6,EMI,Bi-Weekly
1467,58,Male,Shorts,Clothing,3,3550,10650,Dehradun,M,Green,Summer,4.5,No,Store Pickup,Yes,Yes,41,Cash,Annually
1468,30,Male,Jewelry,Accessories,1,1350,1350,Agra,XL,Olive,Winter,4.7,No,Store Pickup,Yes,Yes,41,Bank Transfer,Fortnightly
1469,42,Male,Gloves,Accessories,1,1950,1950,Varanasi,S,Silver,Fall,3.9,No,Express,Yes,Yes,36,Debit Card,Fortnightly
1470,28,Male,Jewelry,Accessories,2,4900,9800,Prayagraj,M,Purple,Winter,4.4,No,Standard,Yes,Yes,20,Bank Transfer,Every 3 Months
1471,43,Male,Sandals,Footwear,3,1350,4050,Gwalior,M,Silver,Spring,3.9,No,Next Day Air,Yes,Yes,27,Bank Transfer,Every 3 Months
1472,31,Male,Jewelry,Accessories,1,3550,3550,Jabalpur,S,Gray,Spring,2.8,No,2-Day Shipping,Yes,Yes,15,Credit Card,Every 3 Months
1473,39,Male,Hat,Accessories,3,1200,3600,Raipur,L,Turquoise,Spring,3.5,No,Store Pickup,Yes,Yes,42,Cash,Weekly
1474,69,Male,Shorts,Clothing,2,3150,6300,Goa,M,Violet,Fall,4.3,No,Express,Yes,Yes,15,UPI,Every 3 Months
1475,31,Male,Sweater,Clothing,1,3600,3600,Udaipur,S,Pink,Fall,3.9,No,Next Day Air,Yes,Yes,33,PhonePe,Monthly
1476,44,Male,Blouse,Clothing,2,3050,6100,Jodhpur,M,Teal,Spring,4,No,Express,Yes,Yes,11,Google Pay,Monthly
1477,39,Male,Hat,Accessories,3,2800,8400,Rajkot,M,Magenta,Fall,4.1,No,Next Day Air,Yes,Yes,38,Paytm,Monthly
1478,24,Male,Belt,Accessories,1,1600,1600,Vadodara,XL,Silver,Summer,4.3,No,Standard,Yes,Yes,22,Credit Card,Every 3 Months
1479,28,Male,Gloves,Accessories,3,1150,3450,Siliguri,M,Blue,Summer,4.2,No,Free Shipping,Yes,Yes,45,Debit Card,Bi-Weekly
1480,48,Male,Coat,Outerwear,1,5000,5000,Guwahati,L,Black,Spring,4,No,Standard,Yes,Yes,34,Net Banking,Weekly
1481,39,Male,Jewelry,Accessories,2,3700,7400,Imphal,M,Gold,Fall,3.6,No,Express,Yes,Yes,17,Amazon Pay,Quarterly
1482,64,Male,Skirt,Clothing,1,1650,1650,Aizawl,S,Gray,Spring,3.3,No,Standard,Yes,Yes,39,Amazon Pay,Quarterly
1483,28,Male,Gloves,Accessories,1,3350,3350,Shillong,S,Magenta,Spring,4.1,No,2-Day Shipping,Yes,Yes,37,Amazon Pay,Weekly
1484,39,Male,Jewelry,Accessories,2,3050,6100,Patna,S,Yellow,Summer,4.7,No,Next Day Air,Yes,Yes,22,Amazon Pay,Bi-Weekly
1485,49,Male,Shorts,Clothing,1,2300,2300,Ranchi,M,Teal,Summer,4.4,No,Store Pickup,Yes,Yes,12,Amazon Pay,Every 3 Months
1486,22,Male,Gloves,Accessories,2,2800,5600,Bhubaneswar,L,Red,Spring,3.4,No,Standard,Yes,Yes,38,Bank Transfer,Fortnightly
1487,25,Male,Sneakers,Footwear,3,3650,10950,Visakhapatnam,S,Yellow,Spring,5,No,Free Shipping,Yes,Yes,8,Cash,Every 3 Months
1488,40,Male,Skirt,Clothing,2,2200,4400,Vijayawada,L,Black,Summer,4.6,No,Store Pickup,Yes,Yes,49,Cash,Annually
1489,23,Male,Hat,Accessories,1,2200,2200,Kochi,L,Pink,Winter,4,No,Standard,Yes,Yes,36,UPI,Weekly
1490,24,Male,Jewelry,Accessories,3,1300,3900,Thiruvananthapuram,XL,Magenta,Summer,4.1,No,Next Day Air,Yes,Yes,24,PhonePe,Quarterly
1491,66,Male,Sneakers,Footwear,3,2600,7800,Coimbatore,L,Olive,Spring,4.9,No,Express,Yes,Yes,3,Google Pay,Bi-Weekly
1492,27,Male,Shirt,Clothing,1,2700,2700,Madurai,S,Black,Summer,2.7,No,Free Shipping,Yes,Yes,16,Paytm,Quarterly
1493,62,Male,Jacket,Outerwear,2,1900,3800,Mysuru,M,Maroon,Summer,4.5,No,Free Shipping,Yes,Yes,37,Credit Card,Quarterly
1494,70,Male,Belt,Accessories,1,2200,2200,Mangaluru,S,Gold,Fall,2.7,No,Standard,Yes,Yes,16,Debit Card,Quarterly
1495,43,Male,T-shirt,Clothing,3,3800,11400,Nashik,M,Gray,Spring,3,No,Next Day Air,Yes,Yes,38,Net Banking,Fortnightly
1496,45,Male,Jewelry,Accessories,1,1150,1150,Aurangabad,M,Brown,Winter,4.5,No,Next Day Air,Yes,Yes,43,Amazon Pay,Weekly
1497,63,Male,T-shirt,Clothing,3,4900,14700,Kolhapur,M,Purple,Winter,5,No,Standard,Yes,Yes,6,EMI,Bi-Weekly
1498,69,Male,Jacket,Outerwear,1,1650,1650,Thane,S,Magenta,Spring,3.8,No,2-Day Shipping,Yes,Yes,45,Cash,Every 3 Months
1499,59,Male,Sweater,Clothing,2,1600,3200,Navi Mumbai,M,Teal,Summer,3.1,No,Standard,Yes,Yes,4,UPI,Fortnightly
1500,19,Male,Boots,Footwear,2,4250,8500,Vasai-Virar,S,Olive,Fall,3.4,No,Free Shipping,Yes,Yes,18,PhonePe,Every 3 Months
1501,63,Male,Jeans,Clothing,3,3450,10350,Kalyan-Dombivli,L,Maroon,Summer,4.8,No,Next Day Air,Yes,Yes,50,Google Pay,Monthly
1502,37,Male,Jeans,Clothing,3,2750,8250,Noida,XL,Silver,Spring,2.7,No,Standard,Yes,Yes,42,Paytm,Every 3 Months
1503,37,Male,Pants,Clothing,2,3300,6600,Gurugram,M,Black,Summer,3.2,No,Store Pickup,Yes,Yes,50,Credit Card,Fortnightly
1504,50,Male,Jacket,Outerwear,1,1500,1500,Faridabad,M,Maroon,Fall,3.9,No,2-Day Shipping,Yes,Yes,40,Debit Card,Quarterly
1505,60,Male,Jacket,Outerwear,2,4000,8000,Ghaziabad,M,Teal,Winter,4.2,No,Next Day Air,Yes,Yes,5,Net Banking,Monthly
1506,46,Male,Belt,Accessories,3,1000,3000,Chandigarh,M,Teal,Summer,3,No,Express,Yes,Yes,4,Amazon Pay,Monthly
1507,35,Male,Shirt,Clothing,3,1500,4500,Ludhiana,L,Beige,Fall,3,No,2-Day Shipping,Yes,Yes,30,EMI,Quarterly
1508,66,Male,Dress,Clothing,1,4300,4300,Amritsar,S,Maroon,Winter,3.7,No,2-Day Shipping,Yes,Yes,13,Bank Transfer,Annually
1509,35,Male,Blouse,Clothing,2,4200,8400,Jammu,L,Beige,Spring,4.4,No,Store Pickup,Yes,Yes,4,Google Pay,Every 3 Months
1510,20,Male,Dress,Clothing,1,2700,2700,Srinagar,XL,White,Summer,4.6,No,Free Shipping,Yes,Yes,36,Cash,Annually
1511,55,Male,Blouse,Clothing,3,1500,4500,Shimla,XL,Gray,Fall,3,No,Free Shipping,Yes,Yes,4,EMI,Annually
1512,34,Male,Dress,Clothing,3,4550,13650,Dehradun,M,Violet,Winter,3.6,No,Express,Yes,Yes,44,Debit Card,Weekly
1513,60,Male,Sneakers,Footwear,3,1150,3450,Agra,L,Silver,Winter,3.9,No,Standard,Yes,Yes,38,Paytm,Bi-Weekly
1514,22,Male,Socks,Clothing,3,1750,5250,Varanasi,M,Red,Spring,4.1,No,Free Shipping,Yes,Yes,37,Net Banking,Monthly
1515,26,Male,Shoes,Footwear,2,4500,9000,Prayagraj,L,Brown,Winter,3.9,No,2-Day Shipping,Yes,Yes,33,UPI,Weekly
1516,39,Male,Jeans,Clothing,2,4650,9300,Gwalior,S,Turquoise,Fall,3.9,No,2-Day Shipping,Yes,Yes,38,Amazon Pay,Weekly
1517,20,Male,Jeans,Clothing,1,3400,3400,Jabalpur,L,Indigo,Winter,4.5,No,Express,Yes,Yes,15,Credit Card,Bi-Weekly
1518,57,Male,Gloves,Accessories,1,2050,2050,Raipur,M,Violet,Spring,3.4,No,Standard,Yes,Yes,49,PhonePe,Quarterly
1519,68,Male,Belt,Accessories,2,3650,7300,Goa,M,Yellow,Winter,4.1,No,Next Day Air,Yes,Yes,33,Google Pay,Fortnightly
1520,50,Male,Sunglasses,Accessories,3,3650,10950,Udaipur,L,Cyan,Fall,4.9,No,Next Day Air,Yes,Yes,32,Cash,Weekly
1521,21,Male,Hat,Accessories,2,3300,6600,Jodhpur,M,Brown,Summer,4.4,No,2-Day Shipping,Yes,Yes,24,EMI,Quarterly
1522,29,Male,Backpack,Accessories,3,2950,8850,Rajkot,M,White,Summer,2.7,No,2-Day Shipping,Yes,Yes,46,Debit Card,Weekly
1523,38,Male,Shorts,Clothing,1,3600,3600,Vadodara,L,Yellow,Spring,4.8,No,Free Shipping,Yes,Yes,47,Paytm,Monthly
1524,54,Male,Socks,Clothing,1,4400,4400,Siliguri,M,White,Summer,3.3,No,2-Day Shipping,Yes,Yes,27,Net Banking,Annually
1525,22,Male,Socks,Clothing,1,3800,3800,Guwahati,L,Pink,Summer,4.4,No,Free Shipping,Yes,Yes,40,UPI,Bi-Weekly
1526,29,Male,Belt,Accessories,1,1550,1550,Imphal,M,Indigo,Winter,4.6,No,2-Day Shipping,Yes,Yes,44,Amazon Pay,Fortnightly
1527,41,Male,Jacket,Outerwear,2,1100,2200,Aizawl,L,White,Summer,3.1,No,Next Day Air,Yes,Yes,47,Credit Card,Monthly
1528,26,Male,Hat,Accessories,1,3750,3750,Shillong,L,Red,Fall,4.5,No,2-Day Shipping,Yes,Yes,13,PhonePe,Fortnightly
1529,69,Male,T-shirt,Clothing,2,3750,7500,Mumbai,S,Red,Spring,4,No,Store Pickup,Yes,Yes,34,Credit Card,Bi-Weekly
1530,20,Male,Backpack,Accessories,2,3150,6300,Pune,M,Lavender,Winter,3.1,No,Free Shipping,Yes,Yes,43,UPI,Bi-Weekly
1531,59,Male,Coat,Outerwear,1,1050,1050,Delhi,M,Teal,Spring,3.9,No,Next Day Air,Yes,Yes,48,Paytm,Quarterly
1532,63,Male,Backpack,Accessories,1,4150,4150,Bengaluru,S,Violet,Spring,4.5,No,Next Day Air,Yes,Yes,9,Cash,Bi-Weekly
1533,68,Male,Jacket,Outerwear,3,2300,6900,Hyderabad,S,Silver,Winter,4.4,No,Next Day Air,Yes,Yes,13,Amazon Pay,Every 3 Months
1534,50,Male,Shoes,Footwear,2,2950,5900,Chennai,M,Gold,Summer,3.6,No,2-Day Shipping,Yes,Yes,1,PhonePe,Quarterly
1535,55,Male,Blouse,Clothing,1,3300,3300,Kolkata,M,Green,Summer,3.4,No,Free Shipping,Yes,Yes,18,Net Banking,Fortnightly
1536,36,Male,Sandals,Footwear,1,3700,3700,Ahmedabad,S,Turquoise,Fall,4,No,2-Day Shipping,Yes,Yes,45,EMI,Monthly
1537,18,Male,Sunglasses,Accessories,2,4100,8200,Surat,M,Indigo,Summer,2.6,No,Store Pickup,Yes,Yes,49,Google Pay,Quarterly
1538,68,Male,Shoes,Footwear,3,4450,13350,Jaipur,L,Black,Spring,3.2,No,Next Day Air,Yes,Yes,12,Debit Card,Annually
1539,56,Male,Dress,Clothing,3,3250,9750,Lucknow,L,Charcoal,Fall,3.2,No,Standard,Yes,Yes,26,Bank Transfer,Bi-Weekly
1540,32,Male,Belt,Accessories,3,2750,8250,Kanpur,M,Turquoise,Spring,5,No,2-Day Shipping,Yes,Yes,12,UPI,Every 3 Months
1541,28,Male,Shorts,Clothing,1,4750,4750,Nagpur,M,Red,Winter,2.9,No,Next Day Air,Yes,Yes,39,PhonePe,Monthly
1542,24,Male,Handbag,Accessories,1,3850,3850,Indore,S,Indigo,Winter,2.9,No,Store Pickup,Yes,Yes,25,Google Pay,Bi-Weekly
1543,59,Male,Blouse,Clothing,1,2200,2200,Bhopal,M,Maroon,Winter,3.5,No,Next Day Air,Yes,Yes,50,Paytm,Weekly
1544,56,Male,Jeans,Clothing,1,4450,4450,Patna,M,Indigo,Fall,4,No,Standard,Yes,Yes,9,Credit Card,Annually
1545,30,Male,Jewelry,Accessories,2,1200,2400,Ranchi,M,Maroon,Spring,3.9,No,Standard,Yes,Yes,16,Debit Card,Bi-Weekly
1546,48,Male,Belt,Accessories,2,2150,4300,Bhubaneswar,M,Black,Winter,4.9,No,Store Pickup,Yes,Yes,29,Cash,Annually
1547,60,Male,Sneakers,Footwear,2,2550,5100,Visakhapatnam,XL,Purple,Summer,3.8,No,Express,Yes,Yes,32,Net Banking,Annually
1548,46,Male,Hat,Accessories,1,2300,2300,Vijayawada,L,Teal,Summer,3.5,No,Standard,Yes,Yes,2,Amazon Pay,Quarterly
1549,69,Male,Dress,Clothing,1,1600,1600,Kochi,M,Silver,Summer,3.7,No,Store Pickup,Yes,Yes,13,EMI,Weekly
1550,19,Male,Sneakers,Footwear,2,2750,5500,Thiruvananthapuram,M,Black,Spring,2.9,No,2-Day Shipping,Yes,Yes,20,UPI,Every 3 Months
1551,66,Male,Sunglasses,Accessories,1,1300,1300,Coimbatore,S,Black,Summer,2.8,No,Free Shipping,Yes,Yes,13,PhonePe,Quarterly
1552,64,Male,Handbag,Accessories,3,1450,4350,Madurai,M,Olive,Summer,3.7,No,2-Day Shipping,Yes,Yes,41,Google Pay,Monthly
1553,54,Male,Blouse,Clothing,3,2450,7350,Mysuru,L,Purple,Spring,3,No,Express,Yes,Yes,19,Paytm,Monthly
1554,27,Male,Blouse,Clothing,1,2250,2250,Mangaluru,M,Indigo,Spring,4.8,No,Free Shipping,Yes,Yes,48,Credit Card,Quarterly
1555,64,Male,Shorts,Clothing,3,2400,7200,Nashik,S,Lavender,Winter,2.7,No,Standard,Yes,Yes,9,Debit Card,Bi-Weekly
1556,43,Male,Shorts,Clothing,3,2350,7050,Aurangabad,S,Cyan,Winter,4.5,No,Free Shipping,Yes,Yes,19,Cash,Quarterly
1557,43,Male,Hoodie,Clothing,3,2850,8550,Kolhapur,M,Gold,Fall,2.7,No,Standard,Yes,Yes,9,Net Banking,Quarterly
1558,27,Male,Backpack,Accessories,2,1700,3400,Thane,L,Magenta,Fall,3.5,No,Next Day Air,Yes,Yes,49,Amazon Pay,Quarterly
1559,35,Male,Sunglasses,Accessories,1,3750,3750,Navi Mumbai,XL,Teal,Fall,3.5,No,Express,Yes,Yes,15,EMI,Every 3 Months
1560,43,Male,Scarf,Accessories,1,4700,4700,Vasai-Virar,L,Beige,Fall,4.5,No,Store Pickup,Yes,Yes,41,Cash,Fortnightly
1561,57,Male,Hat,Accessories,2,4200,8400,Kalyan-Dombivli,M,Teal,Winter,3.8,No,Free Shipping,Yes,Yes,44,Debit Card,Weekly
1562,50,Male,Scarf,Accessories,1,1900,1900,Noida,M,Indigo,Summer,3.8,No,Standard,Yes,Yes,46,Debit Card,Quarterly
1563,37,Male,Scarf,Accessories,1,3750,3750,Gurugram,M,Purple,Winter,3.2,No,Next Day Air,Yes,Yes,37,Credit Card,Bi-Weekly
1564,68,Male,Pants,Clothing,1,2200,2200,Faridabad,M,Teal,Fall,4.3,No,Next Day Air,Yes,Yes,44,Debit Card,Weekly
1565,22,Male,Backpack,Accessories,2,1650,3300,Ghaziabad,XL,Turquoise,Summer,4.5,No,Next Day Air,Yes,Yes,46,Paytm,Every 3 Months
1566,58,Male,Sunglasses,Accessories,1,4650,4650,Chandigarh,L,Peach,Fall,4.2,No,Free Shipping,Yes,Yes,21,Credit Card,Annually
1567,48,Male,Sneakers,Footwear,1,4950,4950,Ludhiana,S,Green,Winter,3,No,Free Shipping,Yes,Yes,12,Debit Card,Bi-Weekly
1568,30,Male,Backpack,Accessories,2,1650,3300,Amritsar,M,Turquoise,Spring,4.1,No,Standard,Yes,Yes,40,Cash on Delivery,Monthly
1569,51,Male,Sneakers,Footwear,2,3800,7600,Jammu,L,Yellow,Spring,4.6,No,Store Pickup,Yes,Yes,18,Net Banking,Monthly
1570,20,Male,Skirt,Clothing,1,3150,3150,Srinagar,M,Orange,Summer,2.9,No,Standard,Yes,Yes,28,Amazon Pay,Weekly
1571,30,Male,Pants,Clothing,1,2050,2050,Shimla,L,Brown,Winter,4.8,No,Next Day Air,Yes,Yes,18,EMI,Every 3 Months
1572,28,Male,Jewelry,Accessories,3,4400,13200,Dehradun,L,Silver,Winter,4.5,No,Next Day Air,Yes,Yes,10,UPI,Fortnightly
1573,37,Male,Skirt,Clothing,2,4600,9200,Agra,L,White,Summer,3.4,No,2-Day Shipping,Yes,Yes,15,PhonePe,Monthly
1574,36,Male,T-shirt,Clothing,2,1550,3100,Varanasi,L,Indigo,Summer,4.3,No,2-Day Shipping,Yes,Yes,2,Google Pay,Weekly
1575,18,Male,Skirt,Clothing,2,1250,2500,Prayagraj,S,Magenta,Spring,4.2,No,Free Shipping,Yes,Yes,10,Paytm,Bi-Weekly
1576,52,Male,Shirt,Clothing,1,1400,1400,Gwalior,M,Turquoise,Spring,3.6,No,Next Day Air,Yes,Yes,35,Credit Card,Fortnightly
1577,56,Male,Dress,Clothing,3,3750,11250,Jabalpur,M,White,Spring,3.7,No,2-Day Shipping,Yes,Yes,1,Debit Card,Monthly
1578,68,Male,Boots,Footwear,2,1700,3400,Raipur,S,Olive,Spring,4,No,Standard,Yes,Yes,19,Cash,Fortnightly
1579,62,Male,Pants,Clothing,3,4850,14550,Goa,S,Maroon,Winter,4.9,No,2-Day Shipping,Yes,Yes,49,UPI,Quarterly
1580,35,Male,Jacket,Outerwear,3,4000,12000,Udaipur,M,Violet,Summer,3.1,No,Free Shipping,Yes,Yes,34,PhonePe,Monthly
1581,65,Male,Sneakers,Footwear,3,3550,10650,Jodhpur,L,Cyan,Summer,3.7,No,Standard,Yes,Yes,7,Google Pay,Annually
1582,69,Male,Jewelry,Accessories,3,3850,11550,Rajkot,L,Teal,Fall,4.2,No,Free Shipping,Yes,Yes,36,Paytm,Quarterly
1583,28,Male,Belt,Accessories,1,2050,2050,Vadodara,L,Red,Spring,2.5,No,Next Day Air,Yes,Yes,24,Credit Card,Monthly
1584,37,Male,Scarf,Accessories,2,4600,9200,Siliguri,XL,Yellow,Summer,4.3,No,Next Day Air,Yes,Yes,14,Debit Card,Annually
1585,41,Male,Blouse,Clothing,3,4750,14250,Guwahati,S,Silver,Spring,3.1,No,Store Pickup,Yes,Yes,26,Net Banking,Quarterly
1586,37,Male,Sweater,Clothing,3,1250,3750,Imphal,M,Charcoal,Fall,3,No,Next Day Air,Yes,Yes,9,Amazon Pay,Fortnightly
1587,25,Male,Boots,Footwear,2,3850,7700,Aizawl,M,Purple,Fall,4,No,Express,Yes,Yes,9,EMI,Weekly
1588,41,Male,Socks,Clothing,1,4950,4950,Shillong,M,Beige,Summer,3.5,No,Free Shipping,Yes,Yes,22,Cash,Fortnightly
1589,48,Male,Belt,Accessories,2,1200,2400,Mumbai,L,Cyan,Winter,3.2,No,Next Day Air,Yes,Yes,5,Debit Card,Monthly
1590,42,Male,Sneakers,Footwear,3,3600,10800,Pune,M,Silver,Summer,2.7,No,Store Pickup,Yes,Yes,12,Debit Card,Weekly
1591,54,Male,Jeans,Clothing,2,4000,8000,Delhi,S,Pink,Winter,3,No,Free Shipping,Yes,Yes,38,Credit Card,Annually
1592,18,Male,Skirt,Clothing,3,5000,15000,Bengaluru,L,Gold,Winter,2.9,No,Next Day Air,Yes,Yes,11,Credit Card,Annually
1593,56,Male,Shoes,Footwear,2,4150,8300,Hyderabad,M,Cyan,Summer,3.3,No,Free Shipping,Yes,Yes,6,Credit Card,Every 3 Months
1594,61,Male,Dress,Clothing,1,4750,4750,Chennai,M,Black,Spring,4.9,No,2-Day Shipping,Yes,Yes,50,Debit Card,Monthly
1595,40,Male,Handbag,Accessories,1,2050,2050,Kolkata,XL,Charcoal,Summer,3.7,No,Store Pickup,Yes,Yes,48,Credit Card,Fortnightly
1596,34,Male,Backpack,Accessories,3,1750,5250,Ahmedabad,S,Magenta,Spring,3.5,No,Standard,Yes,Yes,39,Credit Card,Fortnightly
1597,42,Male,Jewelry,Accessories,1,1500,1500,Surat,S,Pink,Fall,4.7,No,Store Pickup,Yes,Yes,22,Debit Card,Monthly
1598,43,Male,Hat,Accessories,3,1050,3150,Jaipur,XL,Maroon,Winter,2.6,No,Store Pickup,Yes,Yes,21,Cash,Quarterly
1599,47,Male,Jewelry,Accessories,3,4250,12750,Lucknow,M,Teal,Fall,4.1,No,Express,Yes,Yes,44,UPI,Bi-Weekly
1600,48,Male,Shirt,Clothing,2,2700,5400,Kanpur,M,Orange,Winter,2.8,No,2-Day Shipping,Yes,Yes,16,PhonePe,Bi-Weekly
1601,20,Male,Boots,Footwear,5,1300,6500,Nagpur,S,Yellow,Spring,4.7,No,Next Day Air,Yes,Yes,39,Google Pay,Weekly
1602,65,Male,Shirt,Clothing,3,2950,8850,Indore,XL,Red,Spring,2.9,No,Store Pickup,Yes,Yes,46,Paytm,Monthly
1603,54,Male,Sunglasses,Accessories,3,2400,7200,Bhopal,S,Charcoal,Winter,2.8,No,Free Shipping,Yes,Yes,20,Credit Card,Fortnightly
1604,23,Male,Shorts,Clothing,1,4900,4900,Patna,L,Black,Summer,4.3,No,Next Day Air,Yes,Yes,49,Debit Card,Bi-Weekly
1605,18,Male,Sweater,Clothing,6,4600,27600,Ranchi,M,White,Summer,4.8,No,2-Day Shipping,Yes,Yes,22,Net Banking,Every 3 Months
1606,70,Male,Belt,Accessories,2,2300,4600,Bhubaneswar,M,Lavender,Winter,3.4,No,Next Day Air,Yes,Yes,31,Amazon Pay,Bi-Weekly
1607,55,Male,T-shirt,Clothing,3,1050,3150,Visakhapatnam,S,White,Spring,4.3,No,Standard,Yes,Yes,33,EMI,Fortnightly
1608,49,Male,Shorts,Clothing,1,3600,3600,Vijayawada,S,Gray,Fall,2.7,No,Free Shipping,Yes,Yes,12,Cash,Quarterly
1609,26,Male,Sandals,Footwear,7,2900,20300,Kochi,XL,Cyan,Fall,4.6,No,Next Day Air,Yes,Yes,23,Cash,Bi-Weekly
1610,33,Male,Shirt,Clothing,3,4650,13950,Thiruvananthapuram,S,Brown,Fall,4.1,No,Standard,Yes,Yes,5,Debit Card,Monthly
1611,20,Male,Socks,Clothing,3,1550,4650,Coimbatore,L,Purple,Spring,3.4,No,2-Day Shipping,Yes,Yes,42,Cash,Annually
1612,41,Male,Pants,Clothing,3,1300,3900,Madurai,L,Yellow,Winter,4.5,No,Next Day Air,Yes,Yes,19,UPI,Monthly
1613,18,Male,Skirt,Clothing,3,3400,10200,Mysuru,M,Indigo,Summer,4.4,No,Standard,Yes,Yes,21,PhonePe,Monthly
1614,26,Male,Jewelry,Accessories,3,1550,4650,Mangaluru,S,Black,Summer,4,No,Next Day Air,Yes,Yes,20,Google Pay,Fortnightly
1615,30,Male,T-shirt,Clothing,1,2050,2050,Nashik,S,Gray,Summer,3.4,No,Free Shipping,Yes,Yes,33,Paytm,Bi-Weekly
1616,64,Male,Jewelry,Accessories,3,3100,9300,Aurangabad,M,Indigo,Fall,3.2,No,Standard,Yes,Yes,38,Credit Card,Bi-Weekly
1617,26,Male,Hat,Accessories,3,2050,6150,Kolhapur,M,Green,Spring,3.4,No,Standard,Yes,Yes,26,Debit Card,Quarterly
1618,43,Male,Blouse,Clothing,3,3200,9600,Thane,M,Peach,Winter,4.3,No,Standard,Yes,Yes,47,Net Banking,Fortnightly
1619,63,Male,Sandals,Footwear,2,3600,7200,Navi Mumbai,L,Purple,Summer,5,No,Standard,Yes,Yes,45,Amazon Pay,Quarterly
1620,57,Male,Handbag,Accessories,2,3900,7800,Vasai-Virar,L,Beige,Winter,3.5,No,Store Pickup,Yes,Yes,32,EMI,Bi-Weekly
1621,25,Male,Hat,Accessories,1,2350,2350,Kalyan-Dombivli,M,Charcoal,Winter,3.1,No,2-Day Shipping,Yes,Yes,40,Credit Card,Every 3 Months
1622,68,Male,Scarf,Accessories,1,2300,2300,Noida,L,Gray,Summer,3.9,No,2-Day Shipping,Yes,Yes,8,Credit Card,Fortnightly
1623,31,Male,Shorts,Clothing,3,2150,6450,Gurugram,S,Brown,Winter,4,No,Store Pickup,Yes,Yes,5,Bank Transfer,Every 3 Months
1624,64,Male,Backpack,Accessories,1,2900,2900,Faridabad,M,Cyan,Summer,3.5,No,Next Day Air,Yes,Yes,40,Bank Transfer,Annually
1625,38,Male,Sweater,Clothing,3,1600,4800,Ghaziabad,M,White,Winter,3.6,No,Free Shipping,Yes,Yes,8,Debit Card,Every 3 Months
1626,34,Male,Skirt,Clothing,3,2250,6750,Chandigarh,L,Beige,Winter,3,No,Next Day Air,Yes,Yes,7,Cash,Bi-Weekly
1627,32,Male,Sneakers,Footwear,3,1750,5250,Ludhiana,L,Orange,Summer,2.6,No,Next Day Air,Yes,Yes,50,Debit Card,Bi-Weekly
1628,69,Male,Sunglasses,Accessories,8,1050,8400,Amritsar,M,Olive,Winter,2.9,No,Next Day Air,Yes,Yes,49,Credit Card,Annually
1629,45,Male,Dress,Clothing,8,3200,25600,Jammu,S,Teal,Winter,3.1,No,Next Day Air,Yes,Yes,20,Cash,Monthly
1630,35,Male,Blouse,Clothing,4,4400,17600,Srinagar,S,Silver,Spring,3.3,No,Next Day Air,Yes,Yes,41,Credit Card,Quarterly
1631,63,Male,Shoes,Footwear,2,2400,4800,Shimla,M,Gold,Summer,2.9,No,Store Pickup,Yes,Yes,23,Credit Card,Every 3 Months
1632,65,Male,Sweater,Clothing,1,1800,1800,Dehradun,L,Violet,Summer,3.9,No,2-Day Shipping,Yes,Yes,36,Cash,Fortnightly
1633,35,Male,Gloves,Accessories,3,1400,4200,Agra,S,White,Summer,4.7,No,2-Day Shipping,Yes,Yes,31,UPI,Every 3 Months
1634,54,Male,Socks,Clothing,1,4000,4000,Varanasi,M,Peach,Spring,4.4,No,2-Day Shipping,Yes,Yes,48,PhonePe,Bi-Weekly
1635,28,Male,Coat,Outerwear,2,1150,2300,Prayagraj,S,Orange,Summer,3.6,No,Store Pickup,Yes,Yes,47,Google Pay,Every 3 Months
1636,68,Male,Sunglasses,Accessories,1,1200,1200,Gwalior,L,Violet,Summer,3.2,No,Standard,Yes,Yes,38,Paytm,Annually
1637,58,Male,Boots,Footwear,3,1100,3300,Jabalpur,L,Green,Fall,4,No,Free Shipping,Yes,Yes,45,Credit Card,Fortnightly
1638,35,Male,Dress,Clothing,3,1050,3150,Raipur,M,Peach,Spring,3.5,No,Next Day Air,Yes,Yes,50,Debit Card,Fortnightly
1639,68,Male,Jacket,Outerwear,1,2550,2550,Goa,M,Black,Spring,4.6,No,Free Shipping,Yes,Yes,31,Net Banking,Weekly
1640,41,Male,Gloves,Accessories,1,3250,3250,Udaipur,L,Blue,Summer,3.3,No,Free Shipping,Yes,Yes,48,Amazon Pay,Annually
1641,65,Male,Scarf,Accessories,2,2550,5100,Jodhpur,S,Magenta,Spring,4,No,2-Day Shipping,Yes,Yes,7,EMI,Weekly
1642,50,Male,Hoodie,Clothing,2,1600,3200,Rajkot,L,Violet,Summer,3.4,No,Free Shipping,Yes,Yes,2,Credit Card,Every 3 Months
1643,18,Male,Coat,Outerwear,1,3500,3500,Vadodara,M,Beige,Spring,4.2,No,Store Pickup,Yes,Yes,3,Cash,Fortnightly
1644,38,Male,Scarf,Accessories,2,3850,7700,Siliguri,L,Pink,Summer,3.9,No,2-Day Shipping,Yes,Yes,49,UPI,Monthly
1645,68,Male,Coat,Outerwear,3,4500,13500,Guwahati,S,Beige,Summer,3.9,No,Next Day Air,Yes,Yes,27,PhonePe,Monthly
1646,53,Male,Scarf,Accessories,1,1800,1800,Imphal,L,Green,Summer,2.8,No,Standard,Yes,Yes,6,Google Pay,Every 3 Months
1647,58,Male,Handbag,Accessories,3,3850,11550,Aizawl,S,Silver,Summer,3.7,No,Standard,Yes,Yes,3,Paytm,Every 3 Months
1648,34,Male,Boots,Footwear,1,3900,3900,Shillong,M,Purple,Summer,4.9,No,Store Pickup,Yes,Yes,5,Credit Card,Quarterly
1649,36,Male,Pants,Clothing,3,3450,10350,Nagpur,M,Gray,Summer,2.6,No,Express,Yes,Yes,7,Debit Card,Monthly
1650,58,Male,T-shirt,Clothing,1,3150,3150,Delhi,M,White,Summer,4.9,No,Free Shipping,Yes,Yes,9,Net Banking,Quarterly
1651,60,Male,Scarf,Accessories,3,1800,5400,Kochi,M,Silver,Winter,3.4,No,Next Day Air,Yes,Yes,25,Amazon Pay,Fortnightly
1652,59,Male,Coat,Outerwear,2,4000,8000,Surat,M,Blue,Winter,3.9,No,Standard,Yes,Yes,49,EMI,Monthly
1653,65,Male,Sweater,Clothing,2,1750,3500,Bhopal,M,Orange,Summer,4,No,Next Day Air,Yes,Yes,22,Cash,Fortnightly
1654,31,Male,Belt,Accessories,3,4650,13950,Mumbai,L,Silver,Winter,3,No,2-Day Shipping,Yes,Yes,21,UPI,Bi-Weekly
1655,43,Male,Belt,Accessories,3,1250,3750,Noida,L,Gray,Spring,2.6,No,Store Pickup,Yes,Yes,47,PhonePe,Quarterly
1656,37,Male,Sweater,Clothing,3,4050,12150,Rajkot,L,Gold,Spring,3.2,No,Next Day Air,Yes,Yes,2,Google Pay,Monthly
1657,21,Male,Blouse,Clothing,1,2100,2100,Hyderabad,L,Brown,Spring,2.6,No,2-Day Shipping,Yes,Yes,47,Paytm,Every 3 Months
1658,69,Male,Skirt,Clothing,1,1800,1800,Kolhapur,L,Turquoise,Spring,3.2,No,Store Pickup,Yes,Yes,41,Credit Card,Bi-Weekly
1659,32,Male,Jewelry,Accessories,4,3300,13200,Lucknow,S,Pink,Spring,4.1,No,Store Pickup,Yes,Yes,13,Debit Card,Weekly
1660,53,Male,Gloves,Accessories,2,1850,3700,Vijayawada,M,Black,Fall,3.9,No,Next Day Air,Yes,Yes,15,Net Banking,Annually
1661,59,Male,T-shirt,Clothing,6,2250,13500,Pune,L,Yellow,Winter,4.1,No,Standard,Yes,Yes,37,Amazon Pay,Monthly
1662,64,Male,Gloves,Accessories,3,4300,12900,Amritsar,S,Beige,Summer,2.7,No,2-Day Shipping,Yes,Yes,17,EMI,Quarterly
1663,63,Male,Sunglasses,Accessories,1,1200,1200,Mysuru,M,Olive,Winter,4.6,No,Free Shipping,Yes,Yes,8,Cash,Fortnightly
1664,43,Male,Shirt,Clothing,2,1100,2200,Ghaziabad,XL,Gold,Summer,3.5,No,Standard,Yes,Yes,15,Cash,Bi-Weekly
1665,19,Male,Handbag,Accessories,2,2650,5300,Chennai,M,Purple,Spring,5,No,Next Day Air,Yes,Yes,21,UPI,Weekly
1666,40,Male,Jacket,Outerwear,2,2050,4100,Raipur,L,Pink,Fall,3.4,No,Next Day Air,Yes,Yes,36,PhonePe,Monthly
1667,51,Male,Skirt,Clothing,3,3200,9600,Guwahati,M,Blue,Summer,3.1,No,Store Pickup,Yes,Yes,45,Google Pay,Annually
1668,51,Male,Handbag,Accessories,2,2000,4000,Navi Mumbai,L,Brown,Winter,3.4,No,2-Day Shipping,Yes,Yes,47,Paytm,Every 3 Months
1669,66,Male,Blouse,Clothing,3,1650,4950,Ahmedabad,L,Charcoal,Summer,4,No,Standard,Yes,Yes,26,Credit Card,Fortnightly
1670,42,Male,T-shirt,Clothing,2,2950,5900,Patna,L,Maroon,Winter,2.7,No,Store Pickup,Yes,Yes,12,Debit Card,Quarterly
1671,22,Male,Pants,Clothing,3,3650,10950,Aurangabad,L,Cyan,Fall,3.6,No,Free Shipping,Yes,Yes,37,Net Banking,Weekly
1672,31,Male,Hoodie,Clothing,3,1100,3300,Shimla,M,Olive,Winter,4,No,Free Shipping,Yes,Yes,17,Amazon Pay,Weekly
1673,18,Male,Boots,Footwear,2,3650,7300,Jabalpur,L,Gold,Fall,3.8,No,Free Shipping,Yes,Yes,20,EMI,Quarterly
1674,21,Male,Blouse,Clothing,1,3100,3100,Coimbatore,M,Violet,Fall,3.4,No,Next Day Air,Yes,Yes,3,Cash,Bi-Weekly
1675,35,Male,Coat,Outerwear,1,2800,2800,Vadodara,M,Peach,Winter,3.2,No,Free Shipping,Yes,Yes,18,Cash,Fortnightly
1676,35,Male,Pants,Clothing,1,4500,4500,Srinagar,M,Beige,Spring,4.7,No,Next Day Air,Yes,Yes,32,UPI,Annually
1677,27,Male,Sunglasses,Accessories,3,2200,6600,Mangaluru,M,Cyan,Winter,3.1,No,Next Day Air,Yes,Yes,1,PhonePe,Weekly
1678,65,Male,Jeans,Clothing,2,1750,3500,Indore,L,Silver,Summer,3.3,No,Next Day Air,No,No,44,Google Pay,Weekly
1679,41,Male,Pants,Clothing,1,3550,3550,Jaipur,S,Magenta,Summer,4.8,No,2-Day Shipping,No,No,20,Paytm,Fortnightly
1680,60,Male,Dress,Clothing,3,2600,7800,Vasai-Virar,S,Black,Fall,4.5,No,Next Day Air,No,No,37,Credit Card,Bi-Weekly
1681,61,Male,Shoes,Footwear,2,1850,3700,Visakhapatnam,M,Olive,Summer,3.4,No,Store Pickup,No,No,19,Debit Card,Annually
1682,24,Male,Sneakers,Footwear,2,4750,9500,Goa,L,Green,Winter,3.7,No,2-Day Shipping,No,No,5,Net Banking,Bi-Weekly
1683,65,Male,Socks,Clothing,2,4850,9700,Faridabad,M,Yellow,Fall,4.9,No,2-Day Shipping,No,No,41,Amazon Pay,Bi-Weekly
1684,23,Male,Coat,Outerwear,1,2850,2850,Ranchi,S,Lavender,Spring,3.5,No,Next Day Air,No,No,22,EMI,Quarterly
1685,30,Male,Shirt,Clothing,1,4650,4650,Bengaluru,M,Indigo,Spring,4.6,No,Standard,No,No,26,Debit Card,Weekly
1686,33,Male,Blouse,Clothing,2,2400,4800,Madurai,M,Pink,Winter,4.6,No,Standard,No,No,22,Google Pay,Bi-Weekly
1687,22,Male,Gloves,Accessories,2,3750,7500,Kalyan-Dombivli,L,Red,Fall,4.2,No,Store Pickup,No,No,4,Bank Transfer,Annually
1688,67,Male,Skirt,Clothing,2,3500,7000,Kanpur,S,Magenta,Winter,3.7,No,Free Shipping,No,No,45,Debit Card,Annually
1689,28,Male,Handbag,Accessories,3,1300,3900,Udaipur,S,Peach,Winter,3,No,Next Day Air,No,No,5,Cash,Fortnightly
1690,32,Male,Shirt,Clothing,1,3650,3650,Bhubaneswar,L,Turquoise,Winter,4.6,No,Store Pickup,No,No,38,UPI,Monthly
1691,40,Male,Coat,Outerwear,1,1500,1500,Kolkata,M,Black,Summer,3.2,No,Free Shipping,No,No,43,PhonePe,Annually
1692,64,Male,Shoes,Footwear,2,3050,6100,Agra,L,Blue,Summer,3.5,No,Next Day Air,No,No,31,Google Pay,Annually
1693,56,Male,Handbag,Accessories,3,3750,11250,Siliguri,M,Beige,Winter,2.6,No,Standard,No,No,43,Paytm,Bi-Weekly
1694,63,Male,Jacket,Outerwear,1,4400,4400,Thiruvananthapuram,XL,Olive,Fall,4.9,No,Standard,No,No,3,Credit Card,Fortnightly
1695,20,Male,Shirt,Clothing,2,3350,6700,Nashik,M,Turquoise,Summer,2.7,No,Express,No,No,36,Debit Card,Fortnightly
1696,54,Male,Hat,Accessories,2,4750,9500,Ludhiana,S,Yellow,Fall,4.7,No,2-Day Shipping,No,No,41,Net Banking,Fortnightly
1697,31,Male,Sunglasses,Accessories,3,3450,10350,Dehradun,S,Turquoise,Spring,4,No,Free Shipping,No,No,5,Amazon Pay,Bi-Weekly
1698,36,Male,Shirt,Clothing,2,4350,8700,Chandigarh,L,Lavender,Fall,3.5,No,Next Day Air,No,No,21,EMI,Every 3 Months
1699,25,Male,Belt,Accessories,1,2050,2050,Prayagraj,XL,Turquoise,Winter,4.8,No,Standard,No,No,31,Bank Transfer,Quarterly
1700,20,Male,Sweater,Clothing,3,3350,10050,Shillong,L,Teal,Spring,4,No,Free Shipping,No,No,6,Cash,Annually
1701,62,Male,Hoodie,Clothing,3,3500,10500,Jammu,L,Black,Fall,4.1,No,Express,No,No,28,UPI,Monthly
1702,69,Male,Handbag,Accessories,2,2050,4100,Gurugram,XL,Blue,Winter,3.8,No,Next Day Air,No,No,26,PhonePe,Every 3 Months
1703,54,Male,Jeans,Clothing,3,4150,12450,Imphal,XL,Yellow,Summer,5,No,Express,No,No,38,Google Pay,Weekly
1704,39,Male,Backpack,Accessories,2,1100,2200,Varanasi,M,Black,Spring,4,No,Next Day Air,No,No,4,Paytm,Annually
1705,56,Male,Sneakers,Footwear,3,1000,3000,Jodhpur,M,Lavender,Summer,3.9,No,Store Pickup,No,No,27,Credit Card,Every 3 Months
1706,39,Male,Jewelry,Accessories,2,1450,2900,Aizawl,L,Cyan,Summer,3.4,No,2-Day Shipping,No,No,16,Debit Card,Bi-Weekly
1707,37,Male,Sunglasses,Accessories,1,4350,4350,Thane,M,Brown,Spring,3,No,Standard,No,No,33,Net Banking,Fortnightly
1708,25,Male,Shorts,Clothing,3,4050,12150,Mumbai,L,Maroon,Fall,4.9,No,2-Day Shipping,No,No,23,Amazon Pay,Bi-Weekly
1709,35,Male,Boots,Footwear,2,2900,5800,Pune,L,Cyan,Spring,3.2,No,Express,No,No,29,EMI,Quarterly
1710,45,Male,Skirt,Clothing,1,4150,4150,Delhi,M,Pink,Winter,3.8,No,Standard,No,No,48,EMI,Annually
1711,19,Male,Pants,Clothing,1,2950,2950,Bengaluru,XL,Orange,Fall,3.8,No,Store Pickup,No,No,41,Credit Card,Quarterly
1712,21,Male,T-shirt,Clothing,2,4650,9300,Hyderabad,M,Lavender,Spring,4.7,No,Express,No,No,37,Credit Card,Monthly
1713,65,Male,T-shirt,Clothing,1,4350,4350,Chennai,S,Beige,Fall,3.8,No,2-Day Shipping,No,No,48,Cash,Fortnightly
1714,49,Male,Jacket,Outerwear,1,1100,1100,Kolkata,M,Pink,Winter,4.6,No,Free Shipping,No,No,6,Cash,Quarterly
1715,30,Male,Jeans,Clothing,3,3550,10650,Ahmedabad,S,Charcoal,Summer,4.4,No,Standard,No,No,27,UPI,Monthly
1716,23,Male,Dress,Clothing,1,3450,3450,Surat,XL,Gray,Spring,3.4,No,2-Day Shipping,No,No,1,PhonePe,Bi-Weekly
1717,69,Male,Blouse,Clothing,6,2350,14100,Jaipur,M,Cyan,Winter,4.7,No,Standard,No,No,29,Google Pay,Every 3 Months
1718,29,Male,Hoodie,Clothing,3,2500,7500,Lucknow,L,Orange,Summer,2.9,No,Express,No,No,22,Paytm,Bi-Weekly
1719,54,Male,T-shirt,Clothing,3,4800,14400,Kanpur,L,Pink,Winter,3.4,No,2-Day Shipping,No,No,13,Credit Card,Every 3 Months
1720,45,Male,Sweater,Clothing,3,1950,5850,Nagpur,M,White,Winter,3.2,No,Free Shipping,No,No,41,Debit Card,Quarterly
1721,25,Male,Shorts,Clothing,3,4200,12600,Indore,S,Beige,Winter,2.8,No,Express,No,No,21,Net Banking,Bi-Weekly
1722,34,Male,Jewelry,Accessories,3,1400,4200,Bhopal,S,Magenta,Spring,4.3,No,Free Shipping,No,No,6,Amazon Pay,Monthly
1723,46,Male,T-shirt,Clothing,1,2550,2550,Patna,L,Violet,Summer,3.3,No,Standard,No,No,40,EMI,Fortnightly
1724,70,Male,Scarf,Accessories,2,1000,2000,Ranchi,XL,Gold,Spring,3.3,No,Standard,No,No,38,Cash,Annually
1725,42,Male,Shoes,Footwear,3,3600,10800,Bhubaneswar,S,Teal,Winter,3.3,No,Free Shipping,No,No,43,Bank Transfer,Weekly
1726,45,Male,Sunglasses,Accessories,3,1650,4950,Visakhapatnam,M,Indigo,Spring,3,No,Next Day Air,No,No,14,Debit Card,Quarterly
1727,57,Male,Coat,Outerwear,2,1400,2800,Vijayawada,S,Olive,Summer,2.8,No,Express,No,No,24,Bank Transfer,Weekly
1728,49,Male,Blouse,Clothing,3,2650,7950,Kochi,S,Violet,Spring,4,No,Express,No,No,14,Bank Transfer,Monthly
1729,23,Male,Jeans,Clothing,2,2400,4800,Thiruvananthapuram,L,Black,Fall,4.3,No,Express,No,No,45,Credit Card,Every 3 Months
1730,47,Male,Shorts,Clothing,2,1050,2100,Coimbatore,M,Brown,Winter,3.8,No,Store Pickup,No,No,10,Cash,Fortnightly
1731,23,Male,Shirt,Clothing,2,1100,2200,Madurai,S,Silver,Fall,4.2,No,Free Shipping,No,No,36,UPI,Weekly
1732,21,Male,Backpack,Accessories,2,4350,8700,Mysuru,M,Gray,Fall,3.1,No,Next Day Air,No,No,34,PhonePe,Monthly
1733,45,Male,Belt,Accessories,2,2500,5000,Mangaluru,S,Charcoal,Winter,2.6,No,Free Shipping,No,No,37,Google Pay,Every 3 Months
1734,67,Male,Blouse,Clothing,1,4250,4250,Nashik,L,Black,Summer,3.4,No,Express,No,No,29,Paytm,Annually
1735,31,Male,Jeans,Clothing,3,4900,14700,Aurangabad,L,Brown,Spring,3.1,No,Next Day Air,No,No,45,Credit Card,Quarterly
1736,58,Male,Dress,Clothing,3,1700,5100,Kolhapur,M,Purple,Winter,3.6,No,Express,No,No,23,Debit Card,Annually
1737,57,Male,Shorts,Clothing,3,3050,9150,Thane,M,Purple,Summer,2.6,No,2-Day Shipping,No,No,47,Net Banking,Quarterly
1738,42,Male,Jewelry,Accessories,3,4900,14700,Navi Mumbai,L,Gray,Summer,4.2,No,Store Pickup,No,No,14,Amazon Pay,Bi-Weekly
1739,60,Male,Handbag,Accessories,2,3050,6100,Vasai-Virar,M,Green,Spring,2.9,No,2-Day Shipping,No,No,40,Amazon Pay,Weekly
1740,21,Male,Jewelry,Accessories,3,4900,14700,Kalyan-Dombivli,L,Silver,Winter,4.2,No,Express,No,No,4,Amazon Pay,Weekly
1741,69,Male,Pants,Clothing,3,1050,3150,Noida,L,Charcoal,Fall,3.3,No,Next Day Air,No,No,9,Amazon Pay,Every 3 Months
1742,41,Male,Pants,Clothing,2,2550,5100,Gurugram,XL,Teal,Winter,3.6,No,Next Day Air,No,No,38,Amazon Pay,Monthly
1743,51,Male,Sandals,Footwear,1,4000,4000,Faridabad,XL,White,Spring,4.3,No,Express,No,No,4,Bank Transfer,Every 3 Months
1744,23,Male,Skirt,Clothing,2,3600,7200,Ghaziabad,XL,Brown,Winter,3.3,No,Standard,No,No,38,Cash,Weekly
1745,57,Male,Sunglasses,Accessories,2,3150,6300,Chandigarh,L,Teal,Winter,3,No,Standard,No,No,43,Cash,Weekly
1746,40,Male,Skirt,Clothing,2,1350,2700,Ludhiana,L,Red,Winter,3.6,No,Store Pickup,No,No,6,UPI,Weekly
1747,65,Male,Handbag,Accessories,3,2200,6600,Amritsar,L,Brown,Summer,3.1,No,Store Pickup,No,No,20,PhonePe,Fortnightly
1748,61,Male,Coat,Outerwear,2,1150,2300,Jammu,M,Yellow,Winter,2.9,No,Express,No,No,27,Google Pay,Quarterly
1749,34,Male,Skirt,Clothing,6,4650,27900,Srinagar,L,Teal,Winter,3.9,No,2-Day Shipping,No,No,25,Paytm,Annually
1750,43,Male,Hoodie,Clothing,3,3500,10500,Shimla,L,Pink,Fall,3.2,No,2-Day Shipping,No,No,30,Credit Card,Every 3 Months
1751,31,Male,Sunglasses,Accessories,2,4250,8500,Dehradun,M,White,Fall,3.1,No,Express,No,No,24,Debit Card,Every 3 Months
1752,57,Male,Sweater,Clothing,1,2000,2000,Agra,M,Silver,Winter,3.2,No,2-Day Shipping,No,No,44,Net Banking,Annually
1753,34,Male,Boots,Footwear,3,1450,4350,Varanasi,L,Blue,Winter,3.3,No,Store Pickup,No,No,34,Amazon Pay,Quarterly
1754,25,Male,Skirt,Clothing,2,1350,2700,Prayagraj,L,Black,Fall,4.8,No,Next Day Air,No,No,37,EMI,Fortnightly
1755,66,Male,Dress,Clothing,2,4650,9300,Gwalior,S,Beige,Fall,3.8,No,2-Day Shipping,No,No,48,Cash,Fortnightly
1756,56,Male,Belt,Accessories,3,1000,3000,Jabalpur,XL,Charcoal,Spring,4.6,No,Next Day Air,No,No,14,UPI,Monthly
1757,49,Male,Jewelry,Accessories,2,2750,5500,Raipur,S,Cyan,Fall,2.8,No,Free Shipping,No,No,37,PhonePe,Weekly
1758,19,Male,Dress,Clothing,3,4700,14100,Goa,L,Yellow,Fall,3.6,No,Standard,No,No,18,Google Pay,Annually
1759,27,Male,Hat,Accessories,3,2800,8400,Udaipur,M,Silver,Winter,4.3,No,Free Shipping,No,No,45,Paytm,Bi-Weekly
1760,68,Male,Sweater,Clothing,2,2900,5800,Jodhpur,L,Green,Spring,4,No,Next Day Air,No,No,21,Credit Card,Weekly
1761,20,Male,Skirt,Clothing,2,2200,4400,Rajkot,XL,Peach,Spring,3.5,No,Standard,No,No,22,Debit Card,Weekly
1762,21,Male,Hoodie,Clothing,3,4750,14250,Vadodara,S,Green,Fall,4.9,No,2-Day Shipping,No,No,34,Net Banking,Weekly
1763,36,Male,Sandals,Footwear,2,2100,4200,Siliguri,M,Brown,Summer,3.1,No,Express,No,No,26,Amazon Pay,Fortnightly
1764,37,Male,Jewelry,Accessories,1,4650,4650,Guwahati,M,Lavender,Winter,3.9,No,Store Pickup,No,No,9,EMI,Annually
1765,61,Male,Dress,Clothing,3,2800,8400,Imphal,M,Charcoal,Summer,3,No,Store Pickup,No,No,8,Bank Transfer,Quarterly
1766,68,Male,Hoodie,Clothing,3,4400,13200,Aizawl,M,Orange,Spring,4.1,No,2-Day Shipping,No,No,20,Google Pay,Quarterly
1767,60,Male,Sweater,Clothing,3,2700,8100,Shillong,S,Cyan,Winter,4.3,No,2-Day Shipping,No,No,38,Cash,Bi-Weekly
1768,69,Male,Jewelry,Accessories,3,4450,13350,Nagpur,L,Lavender,Fall,3.8,No,2-Day Shipping,No,No,11,EMI,Fortnightly
1769,25,Male,Sandals,Footwear,1,2250,2250,Mumbai,M,Indigo,Summer,3.9,No,2-Day Shipping,No,No,1,Debit Card,Every 3 Months
1770,32,Male,Socks,Clothing,2,3750,7500,Pune,L,Brown,Winter,4.3,No,Free Shipping,No,No,34,Paytm,Monthly
1771,53,Male,Backpack,Accessories,1,1100,1100,Delhi,M,Pink,Fall,4.3,No,Express,No,No,23,Net Banking,Weekly
1772,46,Male,Shirt,Clothing,2,4100,8200,Bengaluru,XL,Turquoise,Fall,4.7,No,Store Pickup,No,No,23,UPI,Annually
1773,58,Male,Shoes,Footwear,1,1700,1700,Hyderabad,M,Gold,Summer,3.1,No,2-Day Shipping,No,No,47,Amazon Pay,Annually
1774,21,Male,Coat,Outerwear,3,4600,13800,Chennai,M,Blue,Summer,2.7,No,Free Shipping,No,No,2,Credit Card,Annually
1775,46,Male,Sweater,Clothing,3,3900,11700,Kolkata,M,Lavender,Spring,3.7,No,Express,No,No,1,PhonePe,Weekly
1776,18,Male,Jacket,Outerwear,3,2350,7050,Ahmedabad,M,Violet,Spring,3.3,No,2-Day Shipping,No,No,21,Google Pay,Bi-Weekly
1777,56,Male,Jacket,Outerwear,2,3200,6400,Surat,L,Cyan,Summer,3.4,No,Free Shipping,No,No,22,Cash,Every 3 Months
1778,18,Male,Sneakers,Footwear,2,2200,4400,Jaipur,L,Purple,Winter,4.7,No,Free Shipping,No,No,47,EMI,Fortnightly
1779,49,Male,Belt,Accessories,1,4700,4700,Lucknow,M,Red,Winter,4.9,No,Store Pickup,No,No,3,Debit Card,Bi-Weekly
1780,29,Male,Scarf,Accessories,2,3100,6200,Kanpur,M,Charcoal,Winter,4.3,No,Free Shipping,No,No,10,Paytm,Weekly
1781,67,Male,Jewelry,Accessories,3,4050,12150,Nagpur,S,Gray,Summer,4.2,No,Next Day Air,No,No,48,Net Banking,Weekly
1782,31,Male,T-shirt,Clothing,2,1650,3300,Indore,M,Pink,Fall,3.7,No,Express,No,No,45,UPI,Quarterly
1783,52,Male,Pants,Clothing,2,4400,8800,Bhopal,M,Lavender,Fall,2.7,No,Next Day Air,No,No,17,Amazon Pay,Fortnightly
1784,42,Male,Handbag,Accessories,2,2450,4900,Patna,L,Lavender,Winter,3.3,No,Free Shipping,No,No,36,Credit Card,Monthly
1785,32,Male,Backpack,Accessories,2,1550,3100,Ranchi,L,Yellow,Summer,4.8,No,Standard,No,No,45,PhonePe,Quarterly
1786,47,Male,Gloves,Accessories,3,1450,4350,Bhubaneswar,S,Peach,Fall,4.1,No,Next Day Air,No,No,11,Credit Card,Monthly
1787,45,Male,Jacket,Outerwear,2,1700,3400,Visakhapatnam,M,Brown,Spring,4.6,No,2-Day Shipping,No,No,22,UPI,Monthly
1788,20,Male,Sweater,Clothing,3,1900,5700,Vijayawada,L,Gold,Fall,4.9,No,2-Day Shipping,No,No,2,Paytm,Quarterly
1789,66,Male,Blouse,Clothing,3,2050,6150,Kochi,L,Pink,Summer,3.1,No,Store Pickup,No,No,35,Cash,Bi-Weekly
1790,52,Male,Blouse,Clothing,3,1700,5100,Thiruvananthapuram,L,Peach,Spring,3,No,2-Day Shipping,No,No,20,Amazon Pay,Quarterly
1791,50,Male,Gloves,Accessories,2,1300,2600,Coimbatore,S,Violet,Summer,3.7,No,Store Pickup,No,No,42,PhonePe,Bi-Weekly
1792,62,Male,Jeans,Clothing,3,4900,14700,Madurai,S,Purple,Winter,4,No,Store Pickup,No,No,34,Net Banking,Annually
1793,38,Male,Sneakers,Footwear,2,2950,5900,Mysuru,M,Peach,Fall,3,No,Express,No,No,40,EMI,Every 3 Months
1794,65,Male,Hat,Accessories,3,4600,13800,Mangaluru,S,White,Fall,3.8,No,Store Pickup,No,No,34,Google Pay,Every 3 Months
1795,60,Male,Backpack,Accessories,3,2000,6000,Nashik,L,Indigo,Spring,3.7,No,Express,No,No,35,Debit Card,Fortnightly
1796,68,Male,Jeans,Clothing,2,1000,2000,Aurangabad,S,Violet,Fall,4,No,2-Day Shipping,No,No,30,UPI,Fortnightly
1797,62,Male,Skirt,Clothing,1,1750,1750,Kolhapur,S,Brown,Spring,3.1,No,Store Pickup,No,No,11,PhonePe,Weekly
1798,62,Male,Belt,Accessories,3,1750,5250,Thane,L,Maroon,Spring,3.9,No,2-Day Shipping,No,No,7,Google Pay,Weekly
1799,40,Male,Dress,Clothing,2,4100,8200,Navi Mumbai,L,Magenta,Winter,3.7,No,Express,No,No,50,Paytm,Weekly
1800,32,Male,Hoodie,Clothing,3,2400,7200,Vasai-Virar,M,Charcoal,Fall,3.9,No,Express,No,No,40,Credit Card,Weekly
1801,22,Male,Coat,Outerwear,3,2900,8700,Kalyan-Dombivli,XL,Indigo,Winter,2.7,No,Express,No,No,22,Debit Card,Weekly
1802,33,Male,Sweater,Clothing,3,2850,8550,Noida,M,Turquoise,Spring,3.9,No,Express,No,No,49,Cash,Fortnightly
1803,57,Male,Shorts,Clothing,1,4800,4800,Gurugram,L,Turquoise,Winter,2.6,No,Store Pickup,No,No,31,Net Banking,Bi-Weekly
1804,60,Male,Sneakers,Footwear,1,4850,4850,Faridabad,S,Gray,Summer,3.5,No,Free Shipping,No,No,11,Amazon Pay,Fortnightly
1805,30,Male,Sweater,Clothing,3,2100,6300,Ghaziabad,L,Peach,Winter,4.4,No,Next Day Air,No,No,11,EMI,Weekly
1806,41,Male,T-shirt,Clothing,2,3100,6200,Chandigarh,L,Gold,Spring,4.9,No,Store Pickup,No,No,6,UPI,Weekly
1807,58,Male,Handbag,Accessories,3,3350,10050,Ludhiana,M,Green,Fall,3.9,No,Standard,No,No,42,PhonePe,Annually
1808,34,Male,Sneakers,Footwear,3,2300,6900,Amritsar,L,Gold,Summer,3.5,No,Standard,No,No,23,Google Pay,Fortnightly
1809,67,Male,Jacket,Outerwear,2,3550,7100,Jammu,M,Lavender,Spring,4.3,No,Next Day Air,No,No,25,Paytm,Monthly
1810,58,Male,Backpack,Accessories,2,4950,9900,Srinagar,S,Blue,Fall,3.4,No,Free Shipping,No,No,23,Credit Card,Fortnightly
1811,41,Male,Jeans,Clothing,1,1400,1400,Shimla,M,Magenta,Fall,2.7,No,Standard,No,No,45,Debit Card,Bi-Weekly
1812,42,Male,Belt,Accessories,1,3850,3850,Dehradun,L,Blue,Summer,3.6,No,Standard,No,No,3,Cash,Annually
1813,50,Male,Boots,Footwear,2,3150,6300,Agra,S,Blue,Summer,4.9,No,Express,No,No,19,Net Banking,Bi-Weekly
1814,40,Male,Shorts,Clothing,2,3100,6200,Varanasi,M,Olive,Spring,3.5,No,Free Shipping,No,No,20,Amazon Pay,Weekly
1815,32,Male,Jeans,Clothing,3,4600,13800,Prayagraj,M,White,Summer,3.8,No,Free Shipping,No,No,22,EMI,Quarterly
1816,51,Male,Shoes,Footwear,1,3600,3600,Gwalior,L,White,Winter,4.5,No,2-Day Shipping,No,No,1,Cash,Every 3 Months
1817,26,Male,Hat,Accessories,2,3950,7900,Jabalpur,M,Purple,Summer,4,No,Express,No,No,12,Debit Card,Weekly
1818,32,Male,T-shirt,Clothing,2,1350,2700,Raipur,M,White,Summer,4.7,No,Free Shipping,No,No,45,Debit Card,Weekly
1819,58,Male,Sunglasses,Accessories,1,1950,1950,Goa,M,White,Fall,3.8,No,Express,No,No,11,Credit Card,Every 3 Months
1820,51,Male,Socks,Clothing,3,4300,12900,Udaipur,S,Peach,Spring,4.5,No,Next Day Air,No,No,33,Debit Card,Quarterly
1821,19,Male,Shirt,Clothing,3,4700,14100,Jodhpur,XL,Gold,Fall,5,No,Express,No,No,17,Paytm,Monthly
1822,57,Male,Shorts,Clothing,3,2650,7950,Rajkot,M,Teal,Spring,2.8,No,Express,No,No,31,Credit Card,Quarterly
1823,66,Male,Shirt,Clothing,1,4250,4250,Vadodara,S,Cyan,Summer,4.4,No,Standard,No,No,14,Debit Card,Annually
1824,62,Male,Socks,Clothing,1,2500,2500,Siliguri,L,Pink,Fall,4.7,No,Free Shipping,No,No,25,Cash on Delivery,Bi-Weekly
1825,58,Male,Pants,Clothing,3,2350,7050,Guwahati,XL,Magenta,Winter,3.8,No,Express,No,No,3,Net Banking,Monthly
1826,23,Male,Boots,Footwear,2,3750,7500,Imphal,M,Pink,Winter,4.9,No,Next Day Air,No,No,1,Amazon Pay,Weekly
1827,45,Male,T-shirt,Clothing,3,3000,9000,Aizawl,M,Turquoise,Winter,4.2,No,Express,No,No,14,EMI,Annually
1828,20,Male,T-shirt,Clothing,3,1800,5400,Shillong,S,Pink,Spring,4.9,No,2-Day Shipping,No,No,29,UPI,Weekly
1829,33,Male,Coat,Outerwear,1,4000,4000,Mumbai,L,Gray,Spring,3.9,No,Express,No,No,13,PhonePe,Every 3 Months
1830,30,Male,Hat,Accessories,1,4800,4800,Pune,M,White,Spring,4.9,No,2-Day Shipping,No,No,48,Google Pay,Quarterly
1831,50,Male,Sunglasses,Accessories,3,4000,12000,Delhi,M,Blue,Winter,4.8,No,Express,No,No,18,Paytm,Annually
1832,62,Male,Blouse,Clothing,3,3550,10650,Bengaluru,M,Cyan,Summer,3.3,No,Free Shipping,No,No,48,Credit Card,Every 3 Months
1833,69,Male,Jewelry,Accessories,1,1450,1450,Hyderabad,M,Blue,Fall,4.6,No,Free Shipping,No,No,34,Debit Card,Monthly
1834,34,Male,Jewelry,Accessories,2,2650,5300,Chennai,M,Yellow,Spring,4.5,No,2-Day Shipping,No,No,33,Cash,Fortnightly
1835,49,Male,Skirt,Clothing,1,1750,1750,Kolkata,M,Charcoal,Summer,4.1,No,2-Day Shipping,No,No,48,UPI,Fortnightly
1836,65,Male,Scarf,Accessories,2,3750,7500,Ahmedabad,M,Lavender,Fall,3.2,No,2-Day Shipping,No,No,2,PhonePe,Quarterly
1837,66,Male,Pants,Clothing,2,2600,5200,Surat,M,Teal,Fall,4.2,No,2-Day Shipping,No,No,15,Google Pay,Monthly
1838,41,Male,Hat,Accessories,1,3850,3850,Jaipur,M,Beige,Winter,4.8,No,Free Shipping,No,No,9,Paytm,Monthly
1839,37,Male,Gloves,Accessories,1,1200,1200,Lucknow,L,Blue,Fall,4.1,No,Next Day Air,No,No,31,Credit Card,Quarterly
1840,32,Male,Shirt,Clothing,1,3900,3900,Kanpur,XL,Purple,Winter,3.7,No,Store Pickup,No,No,18,Debit Card,Annually
1841,42,Male,Sandals,Footwear,1,4900,4900,Nagpur,M,Gold,Winter,2.6,No,Store Pickup,No,No,15,Net Banking,Every 3 Months
1842,31,Male,Socks,Clothing,1,2850,2850,Indore,L,Blue,Winter,3,No,Standard,No,No,7,Amazon Pay,Every 3 Months
1843,61,Male,Handbag,Accessories,2,3900,7800,Bhopal,M,Black,Summer,4.4,No,Express,No,No,14,EMI,Annually
1844,36,Male,Jacket,Outerwear,1,3800,3800,Patna,M,Charcoal,Fall,4.7,No,Next Day Air,No,No,41,Cash,Monthly
1845,60,Male,Shorts,Clothing,2,1300,2600,Ranchi,M,Purple,Spring,2.7,No,2-Day Shipping,No,No,17,Debit Card,Annually
1846,51,Male,Sandals,Footwear,1,3900,3900,Bhubaneswar,M,Orange,Winter,2.8,No,2-Day Shipping,No,No,48,Debit Card,Quarterly
1847,68,Male,Scarf,Accessories,3,2650,7950,Visakhapatnam,M,Yellow,Summer,2.9,No,Standard,No,No,3,Credit Card,Quarterly
1848,46,Male,Sandals,Footwear,2,5000,10000,Vijayawada,XL,Cyan,Summer,4.4,No,Free Shipping,No,No,42,Credit Card,Weekly
1849,19,Male,Jeans,Clothing,2,3650,7300,Kochi,XL,Yellow,Winter,2.7,No,Express,No,No,12,Credit Card,Every 3 Months
1850,30,Male,Skirt,Clothing,3,2000,6000,Thiruvananthapuram,M,Maroon,Winter,4.5,No,Store Pickup,No,No,46,Debit Card,Monthly
1851,51,Male,Gloves,Accessories,2,3800,7600,Coimbatore,S,Black,Winter,2.8,No,Store Pickup,No,No,8,Credit Card,Weekly
1852,28,Male,Skirt,Clothing,1,4000,4000,Madurai,S,Lavender,Fall,3.1,No,Free Shipping,No,No,48,Credit Card,Fortnightly
1853,41,Male,Sweater,Clothing,1,4000,4000,Mysuru,XL,Violet,Winter,3.8,No,Store Pickup,No,No,27,Debit Card,Weekly
1854,29,Male,Blouse,Clothing,2,3350,6700,Mangaluru,XL,Olive,Spring,2.9,No,Express,No,No,13,Cash,Fortnightly
1855,25,Male,Sweater,Clothing,3,3050,9150,Nashik,M,Teal,Spring,3.8,No,Express,No,No,25,UPI,Annually
1856,60,Male,Shirt,Clothing,1,3800,3800,Aurangabad,XL,Teal,Spring,4.7,No,Standard,No,No,40,PhonePe,Annually
1857,63,Male,Jewelry,Accessories,3,2750,8250,Kolhapur,XL,Beige,Summer,3.2,No,Free Shipping,No,No,15,Google Pay,Bi-Weekly
1858,51,Male,T-shirt,Clothing,1,4250,4250,Thane,L,Maroon,Summer,4,No,Next Day Air,No,No,5,Paytm,Monthly
1859,22,Male,Scarf,Accessories,2,3450,6900,Navi Mumbai,S,Peach,Spring,4.9,No,2-Day Shipping,No,No,3,Credit Card,Annually
1860,54,Male,Belt,Accessories,2,1300,2600,Vasai-Virar,L,Beige,Summer,3.7,No,Store Pickup,No,No,12,Debit Card,Fortnightly
1861,18,Male,T-shirt,Clothing,2,3200,6400,Kalyan-Dombivli,M,Silver,Summer,4.8,No,Next Day Air,No,No,5,Net Banking,Monthly
1862,29,Male,Sneakers,Footwear,1,3000,3000,Noida,S,Peach,Fall,3.6,No,Standard,No,No,26,Amazon Pay,Monthly
1863,59,Male,Gloves,Accessories,3,1800,5400,Gurugram,M,Turquoise,Winter,4.6,No,Express,No,No,8,EMI,Fortnightly
1864,25,Male,Sandals,Footwear,1,1050,1050,Faridabad,L,Orange,Spring,4.3,No,2-Day Shipping,No,No,10,Cash,Monthly
1865,19,Male,Backpack,Accessories,2,3600,7200,Ghaziabad,S,Cyan,Fall,3.2,No,2-Day Shipping,No,No,10,Cash,Quarterly
1866,56,Male,Pants,Clothing,1,3100,3100,Chandigarh,S,Silver,Summer,3.8,No,Store Pickup,No,No,49,Debit Card,Monthly
1867,31,Male,T-shirt,Clothing,1,2200,2200,Ludhiana,XL,Gold,Winter,4.2,No,Standard,No,No,26,Cash,Fortnightly
1868,45,Male,Skirt,Clothing,1,2600,2600,Amritsar,M,Brown,Fall,3.4,No,2-Day Shipping,No,No,7,UPI,Quarterly
1869,23,Male,Gloves,Accessories,1,2900,2900,Jammu,M,Silver,Spring,4.7,No,Next Day Air,No,No,44,PhonePe,Fortnightly
1870,18,Male,Blouse,Clothing,1,3850,3850,Srinagar,S,Beige,Spring,3.9,No,2-Day Shipping,No,No,42,Google Pay,Every 3 Months
1871,43,Male,Blouse,Clothing,2,4950,9900,Shimla,L,Violet,Spring,4.3,No,Store Pickup,No,No,23,Paytm,Fortnightly
1872,56,Male,Jeans,Clothing,3,4800,14400,Dehradun,XL,Violet,Fall,2.7,No,Standard,No,No,46,Credit Card,Every 3 Months
1873,43,Male,T-shirt,Clothing,1,3200,3200,Agra,M,Lavender,Summer,4.6,No,Standard,No,No,21,Debit Card,Monthly
1874,64,Male,Sweater,Clothing,2,2200,4400,Varanasi,XL,Red,Fall,2.9,No,Express,No,No,35,Net Banking,Weekly
1875,67,Male,Pants,Clothing,2,1650,3300,Prayagraj,L,Purple,Fall,3.6,No,Free Shipping,No,No,49,Amazon Pay,Weekly
1876,63,Male,Boots,Footwear,3,3550,10650,Gwalior,M,Brown,Winter,3.9,No,Next Day Air,No,No,23,EMI,Quarterly
1877,54,Male,Skirt,Clothing,2,1800,3600,Jabalpur,M,Gray,Fall,2.6,No,Standard,No,No,2,Credit Card,Quarterly
1878,69,Male,Gloves,Accessories,2,3100,6200,Raipur,L,Pink,Fall,3.6,No,Express,No,No,31,Credit Card,Annually
1879,34,Male,Socks,Clothing,2,1450,2900,Goa,L,Magenta,Summer,3.4,No,Store Pickup,No,No,17,Bank Transfer,Monthly
1880,56,Male,T-shirt,Clothing,2,1650,3300,Udaipur,L,Charcoal,Spring,3.5,No,Express,No,No,16,Bank Transfer,Bi-Weekly
1881,34,Male,Blouse,Clothing,1,1650,1650,Jodhpur,L,Yellow,Fall,3.1,No,2-Day Shipping,No,No,33,Debit Card,Monthly
1882,58,Male,Blouse,Clothing,3,2050,6150,Rajkot,M,Red,Winter,4.3,No,Standard,No,No,23,Cash,Bi-Weekly
1883,44,Male,Scarf,Accessories,1,2700,2700,Vadodara,L,Blue,Winter,5,No,Store Pickup,No,No,13,Debit Card,Quarterly
1884,25,Male,Backpack,Accessories,3,2900,8700,Siliguri,M,Cyan,Spring,4.9,No,Store Pickup,No,No,24,Credit Card,Fortnightly
1885,27,Male,Shorts,Clothing,1,1500,1500,Guwahati,S,Pink,Summer,4.3,No,Next Day Air,No,No,28,Cash,Bi-Weekly
1886,26,Male,Jewelry,Accessories,1,2650,2650,Imphal,S,Maroon,Winter,4.4,No,Standard,No,No,37,Credit Card,Monthly
1887,18,Male,Gloves,Accessories,3,4550,13650,Aizawl,L,Beige,Spring,4.4,No,Next Day Air,No,No,29,Credit Card,Bi-Weekly
1888,64,Male,Hoodie,Clothing,1,2200,2200,Shillong,XL,Gold,Fall,3.5,No,Express,No,No,19,Cash,Monthly
1889,62,Male,Hoodie,Clothing,1,4450,4450,Mumbai,XL,Turquoise,Winter,3.4,No,Free Shipping,No,No,9,UPI,Weekly
1890,59,Male,Skirt,Clothing,3,2850,8550,Pune,L,Peach,Spring,2.5,No,Next Day Air,No,No,27,PhonePe,Weekly
1891,36,Male,Sunglasses,Accessories,3,2850,8550,Delhi,M,Lavender,Spring,3.4,No,Store Pickup,No,No,5,Google Pay,Weekly
1892,69,Male,Jewelry,Accessories,3,3700,11100,Bengaluru,M,Gray,Summer,2.6,No,Next Day Air,No,No,46,Paytm,Quarterly
1893,39,Male,Jacket,Outerwear,3,1500,4500,Hyderabad,M,Blue,Fall,4.6,No,2-Day Shipping,No,No,49,Credit Card,Weekly
1894,28,Male,Dress,Clothing,2,1000,2000,Chennai,L,Red,Summer,3.7,No,Express,No,No,32,Debit Card,Fortnightly
1895,42,Male,Hoodie,Clothing,2,4500,9000,Kolkata,M,Purple,Fall,2.5,No,Free Shipping,No,No,13,Net Banking,Bi-Weekly
1896,31,Male,Jeans,Clothing,2,3050,6100,Ahmedabad,L,Indigo,Fall,4.5,No,Express,No,No,44,Amazon Pay,Monthly
1897,57,Male,Sandals,Footwear,3,2550,7650,Surat,M,Gold,Fall,2.9,No,Standard,No,No,32,EMI,Monthly
1898,53,Male,Sunglasses,Accessories,3,4850,14550,Jaipur,L,Teal,Winter,2.9,No,Free Shipping,No,No,1,Credit Card,Fortnightly
1899,59,Male,Pants,Clothing,2,4850,9700,Lucknow,L,Magenta,Fall,3.5,No,Next Day Air,No,No,28,Cash,Monthly
1900,32,Male,Shorts,Clothing,1,2000,2000,Kanpur,L,Maroon,Winter,4.2,No,Store Pickup,No,No,31,UPI,Weekly
1901,65,Male,Jewelry,Accessories,1,4250,4250,Nagpur,S,Blue,Summer,3.3,No,Free Shipping,No,No,22,PhonePe,Quarterly
1902,56,Male,Socks,Clothing,1,3800,3800,Indore,S,Beige,Winter,3.9,No,Store Pickup,No,No,34,Google Pay,Quarterly
1903,31,Male,Sandals,Footwear,3,1100,3300,Bhopal,S,Olive,Spring,5,No,Store Pickup,No,No,1,Paytm,Monthly
1904,59,Male,Pants,Clothing,2,3150,6300,Patna,M,Gold,Summer,3.3,No,Standard,No,No,19,Credit Card,Weekly
1905,22,Male,T-shirt,Clothing,2,3550,7100,Ranchi,S,Silver,Spring,4.2,No,Free Shipping,No,No,44,Debit Card,Monthly
1906,47,Male,Boots,Footwear,2,1750,3500,Bhubaneswar,M,Teal,Summer,4.9,No,2-Day Shipping,No,No,21,Net Banking,Fortnightly
1907,23,Male,Backpack,Accessories,2,1500,3000,Visakhapatnam,M,Green,Spring,4.6,No,2-Day Shipping,No,No,18,Amazon Pay,Fortnightly
1908,69,Male,Skirt,Clothing,3,3700,11100,Vijayawada,L,Orange,Fall,4.8,No,Store Pickup,No,No,27,EMI,Every 3 Months
1909,18,Male,Scarf,Accessories,1,3550,3550,Kochi,XL,Charcoal,Winter,2.7,No,Next Day Air,No,No,38,Cash,Bi-Weekly
1910,50,Male,Sweater,Clothing,1,4200,4200,Thiruvananthapuram,S,Black,Spring,4.3,No,Store Pickup,No,No,7,UPI,Monthly
1911,29,Male,Sandals,Footwear,3,1900,5700,Coimbatore,S,Yellow,Fall,3.8,No,Express,No,No,3,PhonePe,Quarterly
1912,65,Male,Jewelry,Accessories,1,4050,4050,Madurai,M,Gray,Spring,4.9,No,Express,No,No,39,Google Pay,Bi-Weekly
1913,29,Male,Sweater,Clothing,1,2800,2800,Mysuru,S,Charcoal,Winter,3.4,No,2-Day Shipping,No,No,32,Paytm,Bi-Weekly
1914,49,Male,Skirt,Clothing,2,2400,4800,Mangaluru,M,Peach,Winter,3.6,No,Express,No,No,36,Credit Card,Annually
1915,28,Male,Shorts,Clothing,2,4850,9700,Nashik,L,Green,Fall,3.4,No,Standard,No,No,33,Debit Card,Fortnightly
1916,51,Male,Backpack,Accessories,3,3700,11100,Aurangabad,M,Magenta,Fall,4.7,No,2-Day Shipping,No,No,22,Net Banking,Weekly
1917,26,Male,Hoodie,Clothing,3,2500,7500,Kolhapur,S,Beige,Winter,3,No,Next Day Air,No,No,16,Amazon Pay,Bi-Weekly
1918,38,Male,Skirt,Clothing,2,3550,7100,Thane,L,Black,Winter,3.4,No,Free Shipping,No,No,43,EMI,Bi-Weekly
1919,35,Male,Skirt,Clothing,1,1650,1650,Navi Mumbai,S,Purple,Summer,4.6,No,Standard,No,No,4,Cash,Monthly
1920,34,Male,Backpack,Accessories,3,2800,8400,Vasai-Virar,M,Olive,Summer,3.1,No,Express,No,No,4,Cash,Bi-Weekly
1921,51,Male,Blouse,Clothing,2,4200,8400,Kalyan-Dombivli,M,Purple,Spring,2.8,No,Standard,No,No,29,UPI,Every 3 Months
1922,47,Male,Shirt,Clothing,3,1800,5400,Noida,M,Green,Fall,3.5,No,Store Pickup,No,No,4,PhonePe,Annually
1923,18,Male,Gloves,Accessories,2,3150,6300,Gurugram,S,Peach,Summer,4.6,No,Standard,No,No,44,Google Pay,Monthly
1924,64,Male,Sandals,Footwear,3,1800,5400,Faridabad,XL,Blue,Summer,4.3,No,Standard,No,No,40,Paytm,Annually
1925,30,Male,Jacket,Outerwear,1,3150,3150,Ghaziabad,M,Gray,Fall,4.8,No,Free Shipping,No,No,19,Credit Card,Quarterly
1926,59,Male,Sneakers,Footwear,1,1600,1600,Chandigarh,L,Black,Winter,2.9,No,Express,No,No,48,Debit Card,Fortnightly
1927,66,Male,Backpack,Accessories,3,4650,13950,Ludhiana,M,Silver,Spring,3,No,Express,No,No,1,Net Banking,Annually
1928,40,Male,Pants,Clothing,1,1450,1450,Amritsar,M,Pink,Summer,2.9,No,Standard,No,No,22,Amazon Pay,Every 3 Months
1929,25,Male,Sunglasses,Accessories,1,4600,4600,Jammu,S,Lavender,Summer,3.7,No,Standard,No,No,37,EMI,Weekly
1930,59,Male,Jeans,Clothing,1,1650,1650,Srinagar,L,Brown,Fall,4.7,No,Standard,No,No,34,Cash,Quarterly
1931,66,Male,Pants,Clothing,3,2600,7800,Shimla,L,Turquoise,Spring,3.5,No,Store Pickup,No,No,3,Cash,Weekly
1932,54,Male,Jewelry,Accessories,2,2100,4200,Dehradun,S,Olive,Spring,2.7,No,Store Pickup,No,No,21,UPI,Every 3 Months
1933,42,Male,Hoodie,Clothing,3,1800,5400,Agra,M,White,Spring,5,No,Free Shipping,No,No,18,PhonePe,Every 3 Months
1934,48,Male,Sandals,Footwear,1,3350,3350,Varanasi,L,Violet,Summer,4.1,No,Next Day Air,No,No,6,Google Pay,Annually
1935,34,Male,Jacket,Outerwear,3,2150,6450,Prayagraj,L,Gold,Winter,2.7,No,Free Shipping,No,No,49,Paytm,Annually
1936,19,Male,Blouse,Clothing,2,3400,6800,Gwalior,XL,Violet,Spring,4.8,No,Free Shipping,No,No,27,Credit Card,Fortnightly
1937,70,Male,Jewelry,Accessories,1,3000,3000,Jabalpur,S,Teal,Summer,4.3,No,2-Day Shipping,No,No,16,Debit Card,Every 3 Months
1938,43,Male,Socks,Clothing,2,2650,5300,Raipur,M,Olive,Summer,4.5,No,2-Day Shipping,No,No,49,Net Banking,Monthly
1939,46,Male,Jeans,Clothing,2,1150,2300,Goa,L,Blue,Spring,3.8,No,Standard,No,No,7,Amazon Pay,Bi-Weekly
1940,66,Male,Gloves,Accessories,3,2850,8550,Udaipur,L,Magenta,Winter,3.7,No,Store Pickup,No,No,28,EMI,Every 3 Months
1941,50,Male,Hat,Accessories,3,4450,13350,Jodhpur,L,Gray,Fall,3.9,No,2-Day Shipping,No,No,47,Debit Card,Fortnightly
1942,55,Male,Shoes,Footwear,1,4950,4950,Rajkot,XL,Peach,Winter,3.3,No,Standard,No,No,19,Google Pay,Quarterly
1943,63,Male,Pants,Clothing,3,1400,4200,Vadodara,M,Cyan,Fall,3.4,No,Express,No,No,42,Bank Transfer,Monthly
1944,32,Male,Socks,Clothing,2,2650,5300,Siliguri,L,Violet,Summer,3.8,No,Next Day Air,No,No,22,Debit Card,Annually
1945,30,Male,Hoodie,Clothing,2,2250,4500,Guwahati,M,Gold,Winter,2.7,No,Free Shipping,No,No,37,Cash,Every 3 Months
1946,35,Male,Hoodie,Clothing,3,1900,5700,Imphal,M,Gold,Winter,2.9,No,2-Day Shipping,No,No,27,UPI,Every 3 Months
1947,59,Male,Pants,Clothing,3,2450,7350,Aizawl,M,White,Summer,4.5,No,Standard,No,No,35,PhonePe,Quarterly
1948,59,Male,Shirt,Clothing,2,1600,3200,Shillong,M,Gray,Summer,2.6,No,Store Pickup,No,No,40,Google Pay,Monthly
1949,54,Male,T-shirt,Clothing,2,1850,3700,Patna,L,Brown,Winter,3.1,No,Next Day Air,No,No,29,Paytm,Bi-Weekly
1950,63,Male,Dress,Clothing,1,4000,4000,Ranchi,L,Gray,Winter,4.7,No,Store Pickup,No,No,3,Credit Card,Quarterly
1951,43,Male,Backpack,Accessories,3,3900,11700,Bhubaneswar,L,Blue,Summer,4.6,No,Free Shipping,No,No,41,Debit Card,Every 3 Months
1952,33,Male,Gloves,Accessories,3,2650,7950,Visakhapatnam,L,Gold,Summer,2.7,No,Next Day Air,No,No,48,Net Banking,Bi-Weekly
1953,57,Male,Shoes,Footwear,1,4100,4100,Vijayawada,L,Yellow,Summer,4.6,No,2-Day Shipping,No,No,48,Amazon Pay,Bi-Weekly
1954,25,Male,Skirt,Clothing,2,1650,3300,Kochi,XL,Green,Spring,4.8,No,Standard,No,No,1,EMI,Fortnightly
1955,26,Male,Gloves,Accessories,2,3850,7700,Thiruvananthapuram,M,Pink,Winter,4.2,No,Free Shipping,No,No,47,Bank Transfer,Quarterly
1956,50,Male,Hoodie,Clothing,3,2800,8400,Coimbatore,M,Pink,Winter,4.9,No,Express,No,No,44,Cash,Monthly
1957,70,Male,Socks,Clothing,1,1850,1850,Madurai,M,Pink,Winter,4.9,No,Express,No,No,26,UPI,Fortnightly
1958,68,Male,Gloves,Accessories,1,2700,2700,Mysuru,M,Cyan,Spring,4.5,No,Store Pickup,No,No,8,PhonePe,Bi-Weekly
1959,39,Male,Shorts,Clothing,2,3350,6700,Mangaluru,M,Gray,Winter,2.7,No,Store Pickup,No,No,32,Google Pay,Quarterly
1960,46,Male,Shoes,Footwear,1,4500,4500,Nashik,M,White,Fall,3.1,No,Store Pickup,No,No,34,Paytm,Every 3 Months
1961,57,Male,Jeans,Clothing,1,3600,3600,Aurangabad,L,Red,Summer,3.3,No,2-Day Shipping,No,No,21,Credit Card,Annually
1962,47,Male,Boots,Footwear,1,2950,2950,Kolhapur,L,Black,Summer,2.6,No,Free Shipping,No,No,23,Debit Card,Quarterly
1963,40,Male,Hat,Accessories,2,2250,4500,Thane,M,Silver,Fall,4.4,No,Standard,No,No,16,Net Banking,Fortnightly
1964,52,Male,Shorts,Clothing,2,1500,3000,Navi Mumbai,L,Pink,Spring,3.9,No,Standard,No,No,12,Amazon Pay,Weekly
1965,40,Male,Pants,Clothing,2,2550,5100,Vasai-Virar,S,Cyan,Summer,4.6,No,Express,No,No,2,EMI,Monthly
1966,67,Male,Sweater,Clothing,2,4500,9000,Kalyan-Dombivli,M,White,Fall,4.9,No,Express,No,No,2,EMI,Quarterly
1967,67,Male,Jacket,Outerwear,2,4750,9500,Noida,XL,Purple,Winter,3.7,No,Express,No,No,2,Credit Card,Fortnightly
1968,37,Male,Dress,Clothing,1,4050,4050,Gurugram,L,Yellow,Fall,3.7,No,Standard,No,No,29,Credit Card,Annually
1969,67,Male,Shirt,Clothing,2,3500,7000,Faridabad,S,Blue,Spring,4.2,No,Standard,No,No,4,Cash,Weekly
1970,64,Male,Dress,Clothing,2,1600,3200,Ghaziabad,S,Cyan,Winter,3.5,No,Next Day Air,No,No,5,Cash,Fortnightly
1971,28,Male,Belt,Accessories,3,4700,14100,Chandigarh,M,Indigo,Spring,2.9,No,Next Day Air,No,No,16,UPI,Bi-Weekly
1972,54,Male,Hat,Accessories,2,1450,2900,Ludhiana,XL,Indigo,Spring,3.4,No,Next Day Air,No,No,49,PhonePe,Monthly
1973,54,Male,Backpack,Accessories,2,1550,3100,Amritsar,M,Silver,Summer,3.3,No,Express,No,No,33,Google Pay,Every 3 Months
1974,24,Male,Skirt,Clothing,1,1000,1000,Jammu,XL,Red,Fall,4.5,No,Standard,No,No,49,Paytm,Every 3 Months
1975,27,Male,Gloves,Accessories,2,2200,4400,Srinagar,M,Peach,Winter,4.6,No,2-Day Shipping,No,No,20,Credit Card,Fortnightly
1976,53,Male,Jacket,Outerwear,2,3850,7700,Shimla,L,Turquoise,Fall,2.9,No,Express,No,No,47,Debit Card,Quarterly
1977,32,Male,Handbag,Accessories,1,2550,2550,Dehradun,M,Pink,Spring,3.2,No,Next Day Air,No,No,39,Net Banking,Fortnightly
1978,24,Male,Sandals,Footwear,1,2450,2450,Agra,M,Teal,Summer,2.6,No,Free Shipping,No,No,21,Amazon Pay,Annually
1979,45,Male,Sunglasses,Accessories,1,3900,3900,Varanasi,L,Magenta,Spring,3.8,No,Store Pickup,No,No,40,EMI,Quarterly
1980,49,Male,Jeans,Clothing,2,4900,9800,Prayagraj,L,Blue,Spring,2.8,No,Store Pickup,No,No,37,Cash,Fortnightly
1981,51,Male,Sandals,Footwear,3,4700,14100,Gwalior,M,Green,Winter,4.4,No,Store Pickup,No,No,45,Bank Transfer,Fortnightly
1982,69,Male,Shoes,Footwear,3,4550,13650,Jabalpur,L,Violet,Summer,4.7,No,Express,No,No,3,Debit Card,Quarterly
1983,41,Male,Sunglasses,Accessories,3,3850,11550,Raipur,M,Turquoise,Summer,2.7,No,2-Day Shipping,No,No,41,Bank Transfer,Monthly
1984,59,Male,Scarf,Accessories,1,4850,4850,Goa,M,Pink,Summer,2.6,No,Next Day Air,No,No,12,Bank Transfer,Quarterly
1985,26,Male,Skirt,Clothing,1,2900,2900,Udaipur,M,Black,Summer,3.4,No,2-Day Shipping,No,No,13,Credit Card,Fortnightly
1986,23,Male,Gloves,Accessories,3,4850,14550,Jodhpur,M,Gold,Spring,,No,2-Day Shipping,No,No,44,Cash,Fortnightly
1987,62,Male,Coat,Outerwear,3,2400,7200,Rajkot,L,Green,Summer,3.4,No,2-Day Shipping,No,No,37,UPI,Quarterly
1988,69,Male,Belt,Accessories,2,1150,2300,Vadodara,XL,White,Summer,3.4,No,Express,No,No,49,PhonePe,Quarterly
1989,46,Male,Pants,Clothing,1,3950,3950,Siliguri,M,Gold,Winter,3.9,No,Free Shipping,No,No,50,Google Pay,Weekly
1990,35,Male,Jewelry,Accessories,1,2100,2100,Guwahati,S,Charcoal,Spring,4,No,Express,No,No,10,Paytm,Bi-Weekly
1991,32,Male,Backpack,Accessories,1,4750,4750,Imphal,L,White,Spring,3.4,No,2-Day Shipping,No,No,23,Credit Card,Annually
1992,46,Male,Sneakers,Footwear,2,1450,2900,Aizawl,M,Brown,Summer,3.7,No,Next Day Air,No,No,24,Debit Card,Every 3 Months
1993,33,Male,Hoodie,Clothing,1,4900,4900,Shillong,L,Gold,Winter,4.9,No,2-Day Shipping,No,No,39,Net Banking,Monthly
1994,32,Male,Blouse,Clothing,2,4800,9600,Mumbai,S,Purple,Spring,5,No,Express,No,No,17,Amazon Pay,Weekly
1995,33,Male,Sunglasses,Accessories,1,3300,3300,Pune,M,Brown,Fall,2.9,No,Next Day Air,No,No,1,Amazon Pay,Weekly
1996,67,Male,Boots,Footwear,2,4000,8000,Delhi,S,Teal,Spring,3,No,Standard,No,No,30,Amazon Pay,Quarterly
1997,67,Male,Sneakers,Footwear,1,1350,1350,Bengaluru,L,Indigo,Summer,3.3,No,Next Day Air,No,No,48,Amazon Pay,Every 3 Months
1998,42,Male,Backpack,Accessories,1,1250,1250,Hyderabad,M,Purple,Fall,4.7,No,Express,No,No,32,Amazon Pay,Bi-Weekly
1999,20,Male,Pants,Clothing,2,2250,4500,Chennai,M,Orange,Fall,3.4,No,2-Day Shipping,No,No,32,Bank Transfer,Quarterly
2000,39,Male,Socks,Clothing,2,4450,8900,Kolkata,L,Indigo,Winter,4.6,No,2-Day Shipping,No,No,45,Cash,Monthly
2001,26,Male,Belt,Accessories,3,1350,4050,Ahmedabad,M,Lavender,Winter,3.6,No,2-Day Shipping,No,No,9,Cash,Bi-Weekly
2002,51,Male,Sunglasses,Accessories,3,4500,13500,Surat,S,Purple,Winter,2.6,No,Free Shipping,No,No,9,UPI,Fortnightly
2003,31,Male,Shirt,Clothing,2,3250,6500,Jaipur,M,Red,Summer,2.7,No,Express,No,No,20,PhonePe,Every 3 Months
2004,68,Male,Sneakers,Footwear,3,3600,10800,Lucknow,S,Blue,Spring,3.1,No,Express,No,No,21,Google Pay,Quarterly
2005,44,Male,Shoes,Footwear,1,3500,3500,Kanpur,L,Blue,Fall,3.2,No,2-Day Shipping,No,No,45,Paytm,Bi-Weekly
2006,18,Male,Sandals,Footwear,2,4100,8200,Nagpur,M,Cyan,Winter,3.4,No,Store Pickup,No,No,34,Credit Card,Fortnightly
2007,58,Male,Scarf,Accessories,2,4850,9700,Indore,S,Pink,Fall,4.4,No,Express,No,No,14,Debit Card,Annually
2008,26,Male,Shirt,Clothing,2,1250,2500,Bhopal,M,Silver,Summer,3.2,No,2-Day Shipping,No,No,44,Net Banking,Quarterly
2009,57,Male,Skirt,Clothing,1,2400,2400,Patna,M,Gray,Spring,2.5,No,Free Shipping,No,No,4,Amazon Pay,Every 3 Months
2010,37,Male,Boots,Footwear,1,4950,4950,Ranchi,M,Indigo,Summer,3.8,No,Next Day Air,No,No,2,EMI,Bi-Weekly
2011,24,Male,Sweater,Clothing,3,1050,3150,Bhubaneswar,M,Maroon,Summer,4.4,No,2-Day Shipping,No,No,32,Cash,Bi-Weekly
2012,57,Male,Sandals,Footwear,2,4700,9400,Visakhapatnam,M,Beige,Spring,3.7,No,Express,No,No,3,UPI,Monthly
2013,48,Male,Jeans,Clothing,3,2650,7950,Vijayawada,L,Green,Fall,3.2,No,Store Pickup,No,No,39,PhonePe,Fortnightly
2014,39,Male,Backpack,Accessories,3,3500,10500,Kochi,M,Peach,Winter,4.9,No,Standard,No,No,34,Google Pay,Quarterly
2015,51,Male,Skirt,Clothing,2,1300,2600,Thiruvananthapuram,L,Black,Summer,3.9,No,Standard,No,No,6,Paytm,Bi-Weekly
2016,57,Male,Belt,Accessories,1,4100,4100,Coimbatore,S,Pink,Summer,4.5,No,Next Day Air,No,No,17,Credit Card,Fortnightly
2017,53,Male,Shoes,Footwear,2,2350,4700,Madurai,S,Violet,Winter,3.4,No,Standard,No,No,3,Debit Card,Fortnightly
2018,70,Male,Socks,Clothing,3,1600,4800,Mysuru,S,Green,Winter,4.1,No,Next Day Air,No,No,31,Net Banking,Every 3 Months
2019,60,Male,Backpack,Accessories,2,4850,9700,Mangaluru,S,Gold,Fall,4.5,No,Store Pickup,No,No,9,Amazon Pay,Weekly
2020,31,Male,Shirt,Clothing,1,3400,3400,Nashik,S,Red,Winter,4.7,No,Store Pickup,No,No,21,EMI,Fortnightly
2021,41,Male,Sweater,Clothing,2,1150,2300,Aurangabad,M,Beige,Winter,4.8,No,Next Day Air,No,No,37,Bank Transfer,Quarterly
2022,62,Male,Handbag,Accessories,1,1650,1650,Kolhapur,M,Green,Winter,4.4,No,Standard,No,No,2,Google Pay,Quarterly
2023,59,Male,Jewelry,Accessories,3,1900,5700,Thane,S,Black,Winter,4,No,Store Pickup,No,No,15,Cash,Bi-Weekly
2024,46,Male,Socks,Clothing,2,3400,6800,Navi Mumbai,S,Teal,Winter,4.1,No,Store Pickup,No,No,10,EMI,Bi-Weekly
2025,62,Male,Socks,Clothing,1,1150,1150,Vasai-Virar,L,Silver,Fall,3.7,No,Express,No,No,44,Debit Card,Weekly
2026,42,Male,Shirt,Clothing,3,1450,4350,Kalyan-Dombivli,M,Turquoise,Summer,3,No,Express,No,No,39,Paytm,Fortnightly
2027,37,Male,Scarf,Accessories,2,1750,3500,Noida,M,Orange,Winter,3.6,No,Express,No,No,33,Net Banking,Every 3 Months
2028,50,Male,Shoes,Footwear,3,3650,10950,Gurugram,S,Gold,Fall,4.8,No,Standard,No,No,50,UPI,Every 3 Months
2029,29,Male,Shoes,Footwear,2,4200,8400,Faridabad,XL,Purple,Fall,3.7,No,2-Day Shipping,No,No,38,Amazon Pay,Bi-Weekly
2030,25,Male,Scarf,Accessories,3,1150,3450,Ghaziabad,M,Pink,Spring,4.6,No,Next Day Air,No,No,39,Credit Card,Quarterly
2031,66,Male,Sunglasses,Accessories,3,3350,10050,Chandigarh,S,Green,Summer,2.8,No,Standard,No,No,12,PhonePe,Monthly
2032,21,Male,Socks,Clothing,1,2550,2550,Ludhiana,L,Charcoal,Spring,4,No,Standard,No,No,9,Google Pay,Monthly
2033,46,Male,Blouse,Clothing,1,1800,1800,Amritsar,M,Maroon,Winter,4.2,No,Next Day Air,No,No,24,Cash,Annually
2034,57,Male,Jeans,Clothing,1,2750,2750,Jammu,L,Olive,Summer,3.6,No,Express,No,No,2,EMI,Annually
2035,61,Male,Shorts,Clothing,2,1500,3000,Srinagar,M,Peach,Spring,2.9,No,Store Pickup,No,No,39,Debit Card,Monthly
2036,53,Male,T-shirt,Clothing,1,3500,3500,Shimla,S,Yellow,Summer,4.1,No,Express,No,No,35,Paytm,Weekly
2037,37,Male,Blouse,Clothing,3,3150,9450,Dehradun,S,Lavender,Winter,3.1,No,Next Day Air,No,No,46,Net Banking,Weekly
2038,39,Male,Belt,Accessories,3,4350,13050,Agra,S,Green,Summer,4.3,No,Express,No,No,47,UPI,Bi-Weekly
2039,53,Male,Blouse,Clothing,3,3500,10500,Varanasi,L,Orange,Spring,4.4,No,Next Day Air,No,No,2,Amazon Pay,Fortnightly
2040,35,Male,T-shirt,Clothing,3,2550,7650,Prayagraj,M,Olive,Spring,3.1,No,Next Day Air,No,No,1,Credit Card,Bi-Weekly
2041,69,Male,Jewelry,Accessories,2,1250,2500,Gwalior,XL,Gray,Spring,2.9,No,Free Shipping,No,No,12,PhonePe,Quarterly
2042,66,Male,Jacket,Outerwear,1,1600,1600,Jabalpur,S,Lavender,Winter,3.2,No,Next Day Air,No,No,46,Credit Card,Bi-Weekly
2043,19,Male,Shoes,Footwear,1,2600,2600,Raipur,M,Red,Spring,4,No,2-Day Shipping,No,No,17,UPI,Monthly
2044,47,Male,Gloves,Accessories,2,1650,3300,Goa,M,Charcoal,Summer,2.7,No,Standard,No,No,18,Paytm,Weekly
2045,49,Male,Jeans,Clothing,1,3400,3400,Udaipur,L,Orange,Spring,3,No,Free Shipping,No,No,49,Cash,Fortnightly
2046,31,Male,Jewelry,Accessories,3,1000,3000,Jodhpur,M,Red,Fall,4.4,No,Express,No,No,8,Amazon Pay,Quarterly
2047,39,Male,Pants,Clothing,3,1600,4800,Rajkot,M,Maroon,Winter,2.8,No,Free Shipping,No,No,36,PhonePe,Every 3 Months
2048,58,Male,Jewelry,Accessories,3,4100,12300,Vadodara,M,Silver,Summer,3.1,No,Store Pickup,No,No,14,Net Banking,Annually
2049,45,Male,Sneakers,Footwear,3,3200,9600,Siliguri,XL,Pink,Winter,3.9,No,Express,No,No,26,EMI,Quarterly
2050,68,Male,Boots,Footwear,1,1200,1200,Guwahati,L,Blue,Fall,2.7,No,Standard,No,No,10,Google Pay,Annually
2051,35,Male,Hat,Accessories,1,4800,4800,Imphal,M,Teal,Summer,3.4,No,Store Pickup,No,No,24,Debit Card,Annually
2052,65,Male,T-shirt,Clothing,2,4700,9400,Aizawl,L,Black,Spring,3.8,No,Free Shipping,No,No,15,Credit Card,Monthly
2053,45,Male,Backpack,Accessories,2,2400,4800,Shillong,M,Gray,Winter,3.7,No,2-Day Shipping,No,No,23,Bank Transfer,Annually
2054,19,Male,Sunglasses,Accessories,3,3000,9000,Patna,S,Purple,Spring,4.5,No,2-Day Shipping,No,No,19,Credit Card,Fortnightly
2055,65,Male,Sweater,Clothing,2,2800,5600,Ranchi,XL,Gold,Spring,2.9,No,Express,No,No,35,UPI,Annually
2056,28,Male,Handbag,Accessories,2,1650,3300,Bhubaneswar,M,Silver,Fall,3.4,No,2-Day Shipping,No,No,16,PhonePe,Weekly
2057,55,Male,Backpack,Accessories,3,2300,6900,Visakhapatnam,L,Blue,Spring,4.4,No,2-Day Shipping,No,No,48,Google Pay,Monthly
2058,66,Male,Socks,Clothing,1,1850,1850,Vijayawada,L,Yellow,Spring,4.2,No,Standard,No,No,9,Paytm,Every 3 Months
2059,29,Male,Shirt,Clothing,3,4900,14700,Kochi,M,Brown,Winter,3.3,No,Store Pickup,No,No,15,Credit Card,Quarterly
2060,56,Male,Shorts,Clothing,3,2500,7500,Thiruvananthapuram,XL,Beige,Spring,3.7,No,Express,No,No,37,Debit Card,Weekly
2061,21,Male,Belt,Accessories,3,3150,9450,Coimbatore,M,Blue,Fall,3.2,No,Next Day Air,No,No,12,Cash,Quarterly
2062,32,Male,Sweater,Clothing,3,3500,10500,Madurai,S,Magenta,Summer,2.6,No,Store Pickup,No,No,17,Net Banking,Annually
2063,54,Male,Coat,Outerwear,2,3150,6300,Mysuru,L,Silver,Fall,2.8,No,Standard,No,No,16,Amazon Pay,Quarterly
2064,61,Male,Shorts,Clothing,3,4300,12900,Mangaluru,M,Cyan,Fall,2.9,No,Standard,No,No,2,EMI,Monthly
2065,31,Male,Shoes,Footwear,3,4950,14850,Nashik,M,Green,Summer,4,No,2-Day Shipping,No,No,16,UPI,Monthly
2066,27,Male,Sneakers,Footwear,1,2000,2000,Aurangabad,M,Blue,Spring,2.9,No,Free Shipping,No,No,44,PhonePe,Bi-Weekly
2067,64,Male,Sneakers,Footwear,3,4600,13800,Kolhapur,M,Olive,Fall,4.7,No,Store Pickup,No,No,23,Google Pay,Fortnightly
2068,60,Male,Pants,Clothing,3,1050,3150,Thane,XL,Beige,Fall,3.1,No,2-Day Shipping,No,No,29,Paytm,Fortnightly
2069,70,Male,Jewelry,Accessories,3,4050,12150,Navi Mumbai,XL,Black,Summer,3.9,No,Store Pickup,No,No,38,Credit Card,Monthly
2070,36,Male,T-shirt,Clothing,2,4100,8200,Vasai-Virar,M,Indigo,Fall,3.4,No,Free Shipping,No,No,4,Debit Card,Quarterly
2071,56,Male,Jewelry,Accessories,3,4400,13200,Kalyan-Dombivli,XL,Red,Spring,3.1,No,Express,No,No,25,Cash,Monthly
2072,69,Male,Jacket,Outerwear,3,5000,15000,Noida,S,Yellow,Fall,4.8,No,Store Pickup,No,No,19,Net Banking,Quarterly
2073,39,Male,Backpack,Accessories,1,3300,3300,Gurugram,M,Beige,Winter,3.9,No,Next Day Air,No,No,8,Amazon Pay,Weekly
2074,38,Male,Belt,Accessories,3,1250,3750,Faridabad,S,Green,Winter,3.5,No,Next Day Air,No,No,36,EMI,Every 3 Months
2075,36,Male,Scarf,Accessories,2,2650,5300,Ghaziabad,M,White,Summer,3.1,No,Free Shipping,No,No,30,Cash,Fortnightly
2076,46,Male,Sweater,Clothing,1,1400,1400,Chandigarh,S,Turquoise,Fall,4.7,No,Express,No,No,41,Debit Card,Monthly
2077,59,Male,Gloves,Accessories,3,1150,3450,Ludhiana,S,Indigo,Fall,4.6,No,Free Shipping,No,No,27,Debit Card,Bi-Weekly
2078,64,Male,Scarf,Accessories,2,1700,3400,Amritsar,L,Orange,Fall,3.3,No,Free Shipping,No,No,24,Credit Card,Annually
2079,49,Male,Dress,Clothing,2,2100,4200,Jammu,M,Blue,Spring,3.2,No,Next Day Air,No,No,19,Debit Card,Weekly
2080,32,Male,Jeans,Clothing,1,1200,1200,Srinagar,L,Violet,Summer,3.1,No,Next Day Air,No,No,31,Paytm,Quarterly
2081,29,Male,Sunglasses,Accessories,1,2350,2350,Shimla,S,Gray,Fall,3.5,No,Free Shipping,No,No,29,Credit Card,Bi-Weekly
2082,24,Male,Coat,Outerwear,1,3900,3900,Dehradun,S,Cyan,Spring,4.3,No,Standard,No,No,37,Debit Card,Bi-Weekly
2083,41,Male,Jeans,Clothing,3,4450,13350,Agra,M,Yellow,Summer,2.9,No,Free Shipping,No,No,24,Cash on Delivery,Every 3 Months
2084,41,Male,Scarf,Accessories,2,2950,5900,Varanasi,L,Orange,Fall,2.7,No,Store Pickup,No,No,4,Net Banking,Fortnightly
2085,32,Male,Blouse,Clothing,2,4700,9400,Prayagraj,S,Brown,Summer,4,No,Standard,No,No,4,Amazon Pay,Quarterly
2086,69,Male,Jeans,Clothing,1,2450,2450,Gwalior,M,Teal,Fall,4.6,No,Free Shipping,No,No,19,EMI,Weekly
2087,65,Male,Dress,Clothing,1,4450,4450,Jabalpur,L,Beige,Summer,4.7,No,2-Day Shipping,No,No,37,UPI,Every 3 Months
2088,54,Male,Hat,Accessories,1,4550,4550,Raipur,M,Blue,Summer,4.7,No,Standard,No,No,4,PhonePe,Weekly
2089,39,Male,Sandals,Footwear,2,4450,8900,Goa,L,Orange,Spring,4,No,Standard,No,No,10,Google Pay,Annually
2090,37,Male,Jacket,Outerwear,2,2850,5700,Udaipur,L,Gold,Spring,3.6,No,Free Shipping,No,No,26,Paytm,Every 3 Months
2091,51,Male,Socks,Clothing,2,3550,7100,Jodhpur,S,Teal,Winter,3.4,No,Free Shipping,No,No,6,Credit Card,Monthly
2092,26,Male,Jeans,Clothing,3,4850,14550,Rajkot,XL,Beige,Fall,3,No,Next Day Air,No,No,32,Debit Card,Quarterly
2093,42,Male,Sandals,Footwear,3,2250,6750,Vadodara,M,Silver,Fall,2.6,No,Next Day Air,No,No,1,Cash,Weekly
2094,21,Male,Dress,Clothing,1,4550,4550,Siliguri,M,Maroon,Spring,4.2,No,Store Pickup,No,No,42,UPI,Annually
2095,53,Male,Socks,Clothing,3,1250,3750,Guwahati,M,Indigo,Spring,3.4,No,Standard,No,No,31,PhonePe,Annually
2096,36,Male,Hoodie,Clothing,2,3150,6300,Imphal,M,Gray,Fall,4,No,Store Pickup,No,No,27,Google Pay,Fortnightly
2097,21,Male,Dress,Clothing,2,2600,5200,Aizawl,L,Blue,Summer,4.7,No,Free Shipping,No,No,10,Paytm,Annually
2098,33,Male,Sneakers,Footwear,2,2150,4300,Shillong,S,Cyan,Winter,3.9,No,Next Day Air,No,No,36,Credit Card,Weekly
2099,49,Male,T-shirt,Clothing,1,1400,1400,Mumbai,M,White,Summer,3.3,No,2-Day Shipping,No,No,43,Debit Card,Quarterly
2100,31,Male,T-shirt,Clothing,2,3900,7800,Pune,L,Green,Summer,2.9,No,Express,No,No,42,Net Banking,Annually
2101,68,Male,Sweater,Clothing,1,1550,1550,Delhi,M,Silver,Spring,4.4,No,Free Shipping,No,No,11,Amazon Pay,Fortnightly
2102,49,Male,Shirt,Clothing,3,1150,3450,Bengaluru,M,Blue,Winter,3.6,No,Next Day Air,No,No,8,EMI,Bi-Weekly
2103,23,Male,Hat,Accessories,3,1250,3750,Hyderabad,M,Brown,Spring,4.5,No,Store Pickup,No,No,46,Cash,Monthly
2104,30,Male,Pants,Clothing,3,4300,12900,Chennai,S,Red,Summer,3.7,No,Store Pickup,No,No,29,Debit Card,Weekly
2105,53,Male,Shoes,Footwear,1,4400,4400,Kolkata,M,Gold,Spring,2.8,No,Free Shipping,No,No,5,Debit Card,Weekly
2106,65,Male,Gloves,Accessories,3,1750,5250,Ahmedabad,M,Silver,Spring,4.5,No,Free Shipping,No,No,16,Credit Card,Bi-Weekly
2107,60,Male,Jewelry,Accessories,2,1700,3400,Surat,M,Gray,Fall,4.4,No,Standard,No,No,4,Credit Card,Every 3 Months
2108,46,Male,Pants,Clothing,3,3750,11250,Jaipur,M,Black,Winter,3.3,No,Standard,No,No,30,Credit Card,Quarterly
2109,54,Male,Hoodie,Clothing,1,2300,2300,Lucknow,XL,Beige,Winter,4.2,No,Express,No,No,36,Debit Card,Quarterly
2110,59,Male,Jewelry,Accessories,1,1550,1550,Kanpur,L,Peach,Fall,2.7,No,Free Shipping,No,No,46,Credit Card,Every 3 Months
2111,52,Male,Socks,Clothing,3,4650,13950,Nagpur,L,Cyan,Spring,3.9,No,Store Pickup,No,No,13,Credit Card,Every 3 Months
2112,41,Male,Sunglasses,Accessories,2,4250,8500,Indore,XL,Pink,Spring,2.6,No,Free Shipping,No,No,39,Debit Card,Annually
2113,43,Male,Belt,Accessories,1,3400,3400,Bhopal,M,Lavender,Fall,4.5,No,2-Day Shipping,No,No,47,Cash,Fortnightly
2114,63,Male,Dress,Clothing,1,2000,2000,Patna,M,Brown,Spring,2.7,No,Store Pickup,No,No,28,UPI,Every 3 Months
2115,37,Male,Shirt,Clothing,3,2550,7650,Ranchi,M,Magenta,Winter,2.9,No,Standard,No,No,2,PhonePe,Annually
2116,44,Male,Scarf,Accessories,2,4250,8500,Bhubaneswar,M,Violet,Winter,3.4,No,Store Pickup,No,No,44,Google Pay,Bi-Weekly
2117,67,Male,Jacket,Outerwear,1,1150,1150,Visakhapatnam,M,Teal,Summer,2.9,No,Express,No,No,21,Paytm,Bi-Weekly
2118,27,Male,Dress,Clothing,2,1400,2800,Vijayawada,L,Brown,Summer,3.8,No,Free Shipping,No,No,14,Credit Card,Annually
2119,60,Male,Socks,Clothing,3,2200,6600,Kochi,M,Olive,Fall,4.2,No,2-Day Shipping,No,No,22,Debit Card,Quarterly
2120,58,Male,Jewelry,Accessories,3,2850,8550,Thiruvananthapuram,M,Indigo,Spring,3.5,No,Store Pickup,No,No,28,Net Banking,Bi-Weekly
2121,53,Male,Scarf,Accessories,1,4900,4900,Coimbatore,S,Red,Fall,3.1,No,Next Day Air,No,No,41,Amazon Pay,Quarterly
2122,43,Male,Backpack,Accessories,2,3400,6800,Madurai,M,Olive,Winter,3.5,No,2-Day Shipping,No,No,9,EMI,Monthly
2123,32,Male,Jacket,Outerwear,3,1800,5400,Mysuru,L,Teal,Fall,4,No,Express,No,No,39,Cash,Weekly
2124,54,Male,Coat,Outerwear,1,3550,3550,Mangaluru,L,Cyan,Spring,3.7,No,Express,No,No,12,Cash,Bi-Weekly
2125,47,Male,Skirt,Clothing,1,3000,3000,Nashik,M,Teal,Fall,4.2,No,Next Day Air,No,No,17,Debit Card,Quarterly
2126,57,Male,Coat,Outerwear,3,4350,13050,Aurangabad,M,Beige,Fall,4.8,No,Store Pickup,No,No,8,Cash,Quarterly
2127,63,Male,Shoes,Footwear,2,1900,3800,Kolhapur,XL,Magenta,Winter,4.1,No,Express,No,No,20,UPI,Monthly
2128,70,Male,Boots,Footwear,3,2250,6750,Thane,M,Indigo,Spring,4.5,No,2-Day Shipping,No,No,18,PhonePe,Weekly
2129,62,Male,Coat,Outerwear,1,2350,2350,Navi Mumbai,L,Cyan,Fall,2.7,No,2-Day Shipping,No,No,27,Google Pay,Weekly
2130,40,Male,Skirt,Clothing,3,2850,8550,Vasai-Virar,L,Orange,Fall,2.8,No,Store Pickup,No,No,45,Paytm,Every 3 Months
2131,25,Male,Backpack,Accessories,3,3400,10200,Kalyan-Dombivli,L,Violet,Summer,3.7,No,Free Shipping,No,No,7,Credit Card,Annually
2132,19,Male,Shorts,Clothing,1,2600,2600,Noida,M,Red,Fall,3.6,No,Express,No,No,4,Debit Card,Fortnightly
2133,25,Male,Skirt,Clothing,3,4350,13050,Gurugram,M,Magenta,Fall,4.7,No,2-Day Shipping,No,No,10,Net Banking,Weekly
2134,21,Male,Hat,Accessories,1,1700,1700,Faridabad,M,Olive,Summer,3.8,No,Standard,No,No,45,Amazon Pay,Annually
2135,55,Male,Sandals,Footwear,1,2050,2050,Ghaziabad,XL,Maroon,Winter,2.9,No,Standard,No,No,20,EMI,Fortnightly
2136,34,Male,Sunglasses,Accessories,1,4700,4700,Chandigarh,S,Yellow,Winter,4.6,No,Next Day Air,No,No,16,Credit Card,Every 3 Months
2137,47,Male,Sunglasses,Accessories,1,4650,4650,Ludhiana,M,Red,Summer,2.8,No,Standard,No,No,50,Credit Card,Fortnightly
2138,27,Male,Socks,Clothing,1,2550,2550,Amritsar,XL,Purple,Winter,4.6,No,2-Day Shipping,No,No,17,Bank Transfer,Every 3 Months
2139,67,Male,Sweater,Clothing,2,2100,4200,Jammu,M,Teal,Fall,2.8,No,Next Day Air,No,No,38,Bank Transfer,Quarterly
2140,40,Male,Boots,Footwear,3,4750,14250,Srinagar,M,Red,Winter,3,No,Free Shipping,No,No,19,Debit Card,Weekly
2141,53,Male,Handbag,Accessories,2,4500,9000,Shimla,M,Brown,Fall,3.7,No,Standard,No,No,49,Cash,Fortnightly
2142,24,Male,Dress,Clothing,1,4900,4900,Dehradun,M,Peach,Winter,4.1,No,2-Day Shipping,No,No,8,Debit Card,Annually
2143,47,Male,Hat,Accessories,1,1950,1950,Agra,M,Maroon,Winter,4.3,No,Next Day Air,No,No,34,Credit Card,Quarterly
2144,53,Male,Sandals,Footwear,1,3300,3300,Varanasi,L,Red,Fall,3.8,No,Next Day Air,No,No,5,Cash,Bi-Weekly
2145,47,Male,Shoes,Footwear,2,1150,2300,Prayagraj,L,Orange,Winter,3.7,No,Free Shipping,No,No,13,Credit Card,Quarterly
2146,38,Male,Skirt,Clothing,1,3650,3650,Gwalior,S,White,Winter,4.8,No,Standard,No,No,16,Credit Card,Annually
2147,48,Male,Sunglasses,Accessories,2,1150,2300,Jabalpur,XL,White,Summer,4.6,No,Standard,No,No,39,Cash,Every 3 Months
2148,47,Male,Skirt,Clothing,3,2150,6450,Raipur,S,Charcoal,Fall,4.8,No,Standard,No,No,15,UPI,Fortnightly
2149,19,Male,T-shirt,Clothing,1,2250,2250,Goa,XL,Turquoise,Winter,4.6,No,2-Day Shipping,No,No,29,PhonePe,Bi-Weekly
2150,38,Male,Sandals,Footwear,3,1050,3150,Udaipur,L,Orange,Winter,4,No,Standard,No,No,38,Google Pay,Weekly
2151,57,Male,Shirt,Clothing,3,2000,6000,Jodhpur,M,Orange,Spring,2.6,No,2-Day Shipping,No,No,36,Paytm,Weekly
2152,70,Male,Jeans,Clothing,2,2900,5800,Rajkot,L,Brown,Fall,2.6,No,2-Day Shipping,No,No,28,Credit Card,Monthly
2153,38,Male,Shorts,Clothing,1,2400,2400,Vadodara,L,Magenta,Summer,4.5,No,Next Day Air,No,No,7,Debit Card,Bi-Weekly
2154,35,Male,Shirt,Clothing,1,4700,4700,Siliguri,M,Violet,Fall,4.2,No,Free Shipping,No,No,18,Net Banking,Annually
2155,46,Male,Scarf,Accessories,3,3700,11100,Guwahati,M,Violet,Spring,3.4,No,Store Pickup,No,No,48,Amazon Pay,Every 3 Months
2156,32,Male,Handbag,Accessories,3,2550,7650,Imphal,L,Yellow,Fall,3.7,No,Store Pickup,No,No,48,EMI,Monthly
2157,38,Male,Skirt,Clothing,2,4150,8300,Aizawl,M,Maroon,Winter,3.6,No,Next Day Air,No,No,5,Credit Card,Bi-Weekly
2158,41,Male,Handbag,Accessories,2,3400,6800,Shillong,L,Turquoise,Winter,4,No,Next Day Air,No,No,40,Cash,Fortnightly
2159,19,Male,Gloves,Accessories,3,4200,12600,Mumbai,XL,Olive,Spring,4.6,No,Standard,No,No,47,UPI,Fortnightly
2160,18,Male,Shirt,Clothing,1,2900,2900,Pune,M,Peach,Fall,3,No,Free Shipping,No,No,36,PhonePe,Annually
2161,45,Male,Blouse,Clothing,2,4600,9200,Delhi,L,Charcoal,Winter,3.3,No,Express,No,No,39,Google Pay,Annually
2162,23,Male,Dress,Clothing,1,3450,3450,Bengaluru,S,Peach,Summer,3.8,No,Express,No,No,25,Paytm,Fortnightly
2163,60,Male,Shorts,Clothing,1,2400,2400,Hyderabad,S,Black,Summer,2.7,No,Free Shipping,No,No,11,Credit Card,Weekly
2164,52,Male,Shoes,Footwear,2,3000,6000,Chennai,L,Gray,Spring,4.5,No,Express,No,No,7,Debit Card,Monthly
2165,42,Male,Sandals,Footwear,2,1000,2000,Kolkata,S,Olive,Winter,4.8,No,Next Day Air,No,No,49,Net Banking,Bi-Weekly
2166,29,Male,Pants,Clothing,3,2750,8250,Ahmedabad,M,Turquoise,Summer,4.2,No,Express,No,No,13,Amazon Pay,Every 3 Months
2167,31,Male,Jacket,Outerwear,1,4400,4400,Surat,S,Purple,Spring,3.5,No,Express,No,No,10,EMI,Bi-Weekly
2168,30,Male,Skirt,Clothing,2,2400,4800,Jaipur,L,Green,Winter,4.9,No,Standard,No,No,48,Cash,Fortnightly
2169,23,Male,Handbag,Accessories,3,3700,11100,Lucknow,M,Beige,Spring,4.1,No,Next Day Air,No,No,17,UPI,Quarterly
2170,31,Male,Coat,Outerwear,2,2100,4200,Kanpur,M,Brown,Fall,2.9,No,Next Day Air,No,No,48,PhonePe,Bi-Weekly
2171,40,Male,Sweater,Clothing,2,1600,3200,Nagpur,M,Turquoise,Fall,4,No,Next Day Air,No,No,27,Google Pay,Every 3 Months
2172,39,Male,Shorts,Clothing,1,4900,4900,Indore,M,Yellow,Summer,4.6,No,Store Pickup,No,No,3,Paytm,Fortnightly
2173,28,Male,Skirt,Clothing,2,4450,8900,Bhopal,S,Lavender,Fall,2.8,No,Store Pickup,No,No,14,Credit Card,Fortnightly
2174,23,Male,Gloves,Accessories,1,4850,4850,Patna,S,Cyan,Summer,5,No,2-Day Shipping,No,No,8,Debit Card,Quarterly
2175,42,Male,Backpack,Accessories,3,2450,7350,Ranchi,S,Olive,Spring,2.9,No,Store Pickup,No,No,12,Net Banking,Annually
2176,68,Male,Dress,Clothing,1,2500,2500,Bhubaneswar,M,Silver,Spring,3.3,No,Free Shipping,No,No,50,Amazon Pay,Fortnightly
2177,24,Male,Belt,Accessories,3,4550,13650,Visakhapatnam,S,Red,Winter,3.4,No,2-Day Shipping,No,No,8,EMI,Quarterly
2178,24,Male,Gloves,Accessories,3,4650,13950,Vijayawada,XL,Green,Winter,3,No,Express,No,No,10,Cash,Bi-Weekly
2179,21,Male,Jewelry,Accessories,2,4900,9800,Kochi,M,Gold,Summer,4.7,No,Standard,No,No,31,Cash,Annually
2180,49,Male,Socks,Clothing,2,4100,8200,Thiruvananthapuram,L,Lavender,Fall,2.9,No,Next Day Air,No,No,14,UPI,Monthly
2181,41,Male,Coat,Outerwear,1,1850,1850,Coimbatore,M,Yellow,Summer,4.1,No,Store Pickup,No,No,43,PhonePe,Quarterly
2182,22,Male,Handbag,Accessories,2,3150,6300,Madurai,M,Black,Fall,3.2,No,Free Shipping,No,No,4,Google Pay,Bi-Weekly
2183,42,Male,Blouse,Clothing,1,4950,4950,Mysuru,M,Maroon,Winter,2.7,No,Store Pickup,No,No,11,Paytm,Bi-Weekly
2184,30,Male,Shorts,Clothing,3,1850,5550,Mangaluru,M,Maroon,Spring,4.7,No,Store Pickup,No,No,12,Credit Card,Monthly
2185,38,Male,Shoes,Footwear,2,1700,3400,Nashik,S,Gold,Spring,3.2,No,Free Shipping,No,No,19,Debit Card,Every 3 Months
2186,40,Male,Shorts,Clothing,3,1600,4800,Aurangabad,M,Violet,Winter,2.5,No,Express,No,No,35,Net Banking,Every 3 Months
2187,55,Male,Sandals,Footwear,1,1150,1150,Kolhapur,XL,Teal,Winter,4.3,No,Next Day Air,No,No,36,Amazon Pay,Every 3 Months
2188,37,Male,Blouse,Clothing,2,3900,7800,Thane,M,Violet,Spring,4.4,No,Free Shipping,No,No,45,EMI,Annually
2189,41,Male,Coat,Outerwear,2,2700,5400,Navi Mumbai,M,Brown,Winter,4.7,No,Next Day Air,No,No,27,Cash,Weekly
2190,38,Male,Blouse,Clothing,2,4700,9400,Vasai-Virar,XL,Brown,Fall,4,No,Express,No,No,37,Cash,Bi-Weekly
2191,42,Male,Belt,Accessories,1,3750,3750,Kalyan-Dombivli,S,Maroon,Spring,4.6,No,Express,No,No,25,UPI,Annually
2192,26,Male,Blouse,Clothing,2,3450,6900,Noida,S,Maroon,Summer,3.8,No,Next Day Air,No,No,22,PhonePe,Bi-Weekly
2193,41,Male,Scarf,Accessories,3,1750,5250,Gurugram,L,Yellow,Winter,3.2,No,Next Day Air,No,No,21,Google Pay,Monthly
2194,27,Male,Shirt,Clothing,2,3900,7800,Faridabad,L,Turquoise,Spring,5,No,Express,No,No,21,Paytm,Monthly
2195,61,Male,Socks,Clothing,1,1450,1450,Ghaziabad,M,Silver,Summer,3.5,No,Standard,No,No,25,Credit Card,Quarterly
2196,58,Male,Jeans,Clothing,3,3100,9300,Chandigarh,M,Brown,Fall,3.7,No,Next Day Air,No,No,18,Debit Card,Monthly
2197,25,Male,Dress,Clothing,1,2900,2900,Ludhiana,M,Gray,Spring,4.8,No,Next Day Air,No,No,31,Net Banking,Weekly
2198,33,Male,Boots,Footwear,2,4400,8800,Amritsar,M,Indigo,Summer,3.7,No,2-Day Shipping,No,No,31,Amazon Pay,Monthly
2199,57,Male,Scarf,Accessories,3,4000,12000,Jammu,L,Turquoise,Summer,3.5,No,Free Shipping,No,No,35,EMI,Monthly
2200,39,Male,Scarf,Accessories,2,2350,4700,Srinagar,M,Maroon,Summer,4.9,No,Store Pickup,No,No,45,Debit Card,Monthly
2201,60,Male,Gloves,Accessories,3,2550,7650,Shimla,L,Charcoal,Summer,4.7,No,Next Day Air,No,No,43,Google Pay,Every 3 Months
2202,39,Male,Pants,Clothing,2,1250,2500,Dehradun,L,Peach,Spring,4.9,No,2-Day Shipping,No,No,7,Bank Transfer,Annually
2203,42,Male,Dress,Clothing,2,1800,3600,Agra,M,Red,Summer,4.3,No,Next Day Air,No,No,5,Debit Card,Weekly
2204,53,Male,Dress,Clothing,2,3950,7900,Varanasi,M,Indigo,Winter,3.1,No,Free Shipping,No,No,45,Cash,Quarterly
2205,20,Male,Jeans,Clothing,1,2050,2050,Prayagraj,S,Lavender,Winter,3.4,No,2-Day Shipping,No,No,12,UPI,Monthly
2206,46,Male,Sweater,Clothing,2,3400,6800,Gwalior,XL,Red,Fall,2.7,No,Express,No,No,45,PhonePe,Weekly
2207,46,Male,Sandals,Footwear,3,2550,7650,Jabalpur,L,Green,Spring,2.6,No,Store Pickup,No,No,22,Google Pay,Fortnightly
2208,69,Male,Handbag,Accessories,3,1900,5700,Raipur,M,Gray,Fall,2.9,No,Next Day Air,No,No,38,Paytm,Annually
2209,28,Male,Scarf,Accessories,3,2300,6900,Goa,XL,Violet,Summer,2.7,No,2-Day Shipping,No,No,2,Credit Card,Monthly
2210,42,Male,Sandals,Footwear,3,1000,3000,Udaipur,XL,Beige,Summer,4.5,No,2-Day Shipping,No,No,20,Debit Card,Quarterly
2211,30,Male,Sunglasses,Accessories,1,1250,1250,Jodhpur,M,Orange,Summer,3.1,No,Store Pickup,No,No,10,Net Banking,Fortnightly
2212,50,Male,Sweater,Clothing,3,4450,13350,Rajkot,L,Purple,Winter,3.2,No,Free Shipping,No,No,16,Amazon Pay,Every 3 Months
2213,59,Male,Pants,Clothing,3,3850,11550,Vadodara,M,Brown,Winter,3.3,No,Next Day Air,No,No,12,EMI,Quarterly
2214,54,Male,Hat,Accessories,3,4700,14100,Siliguri,M,Maroon,Fall,2.9,No,Express,No,No,28,Bank Transfer,Quarterly
2215,50,Male,Belt,Accessories,2,5000,10000,Guwahati,L,Gold,Fall,4.1,No,Standard,No,No,45,Cash,Weekly
2216,25,Male,Sandals,Footwear,2,4800,9600,Imphal,M,Indigo,Winter,2.7,No,Express,No,No,13,UPI,Fortnightly
2217,41,Male,Pants,Clothing,1,1800,1800,Aizawl,XL,Silver,Winter,4,No,Store Pickup,No,No,3,PhonePe,Bi-Weekly
2218,35,Male,Jewelry,Accessories,1,1350,1350,Shillong,XL,Red,Fall,2.6,No,Store Pickup,No,No,47,Google Pay,Fortnightly
2219,67,Male,Sunglasses,Accessories,3,3350,10050,Nagpur,M,Magenta,Winter,3.5,No,Store Pickup,No,No,44,Paytm,Quarterly
2220,33,Male,Blouse,Clothing,1,4550,4550,Delhi,S,Purple,Fall,2.8,No,Store Pickup,No,No,20,Credit Card,Fortnightly
2221,19,Male,Belt,Accessories,1,3100,3100,Kochi,XL,Beige,Fall,4.5,No,Store Pickup,No,No,11,Debit Card,Annually
2222,25,Male,Shorts,Clothing,3,4400,13200,Surat,XL,White,Fall,3,No,Free Shipping,No,No,15,Net Banking,Annually
2223,32,Male,Pants,Clothing,1,3300,3300,Bhopal,M,Teal,Summer,4.4,No,Store Pickup,No,No,43,Amazon Pay,Weekly
2224,30,Male,Sandals,Footwear,1,3250,3250,Mumbai,M,Gray,Fall,4.7,No,Next Day Air,No,No,22,EMI,Quarterly
2225,18,Male,Gloves,Accessories,2,1250,2500,Noida,L,Charcoal,Winter,4.3,No,Standard,No,No,42,EMI,Quarterly
2226,38,Male,Belt,Accessories,2,3200,6400,Rajkot,S,Olive,Spring,4.8,No,Free Shipping,No,No,2,Credit Card,Annually
2227,22,Male,Shirt,Clothing,3,3600,10800,Hyderabad,L,Blue,Spring,4.8,No,Store Pickup,No,No,12,Credit Card,Annually
2228,40,Male,Scarf,Accessories,3,3700,11100,Kolhapur,S,Gray,Summer,4.4,No,Next Day Air,No,No,35,Cash,Fortnightly
2229,54,Male,Gloves,Accessories,3,2500,7500,Lucknow,M,Green,Fall,3.7,No,Free Shipping,No,No,38,Cash,Weekly
2230,70,Male,Pants,Clothing,1,4850,4850,Vijayawada,M,Silver,Fall,3.9,No,Express,No,No,41,UPI,Monthly
2231,52,Male,Sneakers,Footwear,2,1800,3600,Pune,S,Teal,Spring,3.8,No,Express,No,No,20,PhonePe,Fortnightly
2232,34,Male,Jacket,Outerwear,3,2450,7350,Amritsar,M,Beige,Fall,4.1,No,Store Pickup,No,No,7,Google Pay,Weekly
2233,65,Male,Shoes,Footwear,2,3200,6400,Mysuru,L,Lavender,Spring,4,No,Store Pickup,No,No,10,Paytm,Fortnightly
2234,38,Male,Blouse,Clothing,2,1550,3100,Ghaziabad,XL,Gray,Summer,4.5,No,Express,No,No,24,Credit Card,Monthly
2235,35,Male,Boots,Footwear,2,3300,6600,Chennai,S,Yellow,Winter,4,No,Express,No,No,15,Debit Card,Weekly
2236,40,Male,Socks,Clothing,1,4100,4100,Raipur,M,Gray,Spring,4.5,No,2-Day Shipping,No,No,23,Net Banking,Annually
2237,23,Male,T-shirt,Clothing,2,4400,8800,Guwahati,M,Yellow,Winter,2.7,No,Standard,No,No,24,Amazon Pay,Fortnightly
2238,45,Male,Sandals,Footwear,2,1700,3400,Navi Mumbai,S,Black,Summer,3.8,No,Next Day Air,No,No,25,EMI,Every 3 Months
2239,40,Male,Sneakers,Footwear,3,4200,12600,Ahmedabad,L,Beige,Winter,3.8,No,Standard,No,No,15,Cash,Weekly
2240,42,Male,Jewelry,Accessories,3,4800,14400,Patna,L,Indigo,Summer,3.8,No,2-Day Shipping,No,No,43,Bank Transfer,Every 3 Months
2241,57,Male,Sandals,Footwear,1,3550,3550,Aurangabad,L,Green,Winter,4.3,No,Next Day Air,No,No,11,Debit Card,Every 3 Months
2242,18,Male,Jacket,Outerwear,1,3850,3850,Shimla,M,Purple,Summer,3.5,No,Free Shipping,No,No,34,Bank Transfer,Bi-Weekly
2243,18,Male,Skirt,Clothing,1,3300,3300,Jabalpur,M,Orange,Spring,3.8,No,Next Day Air,No,No,29,Bank Transfer,Bi-Weekly
2244,56,Male,Shirt,Clothing,1,1050,1050,Coimbatore,M,Teal,Winter,3.7,No,2-Day Shipping,No,No,42,Credit Card,Annually
2245,35,Male,Shorts,Clothing,1,1850,1850,Vadodara,M,Gold,Summer,4.8,No,2-Day Shipping,No,No,2,Cash,Annually
2246,49,Male,Socks,Clothing,2,4500,9000,Srinagar,L,Gray,Fall,4.9,No,Free Shipping,No,No,45,UPI,Fortnightly
2247,49,Male,Jacket,Outerwear,1,4800,4800,Mangaluru,M,Cyan,Fall,4.3,No,Store Pickup,No,No,12,PhonePe,Every 3 Months
2248,34,Male,Jewelry,Accessories,3,1850,5550,Indore,L,Teal,Summer,4.4,No,Next Day Air,No,No,5,Google Pay,Annually
2249,63,Male,T-shirt,Clothing,2,3300,6600,Jaipur,M,Violet,Winter,3.4,No,Free Shipping,No,No,22,Paytm,Fortnightly
2250,42,Male,Gloves,Accessories,2,2250,4500,Vasai-Virar,XL,Indigo,Spring,4.3,No,Next Day Air,No,No,10,Credit Card,Weekly
2251,41,Male,Shoes,Footwear,1,4450,4450,Visakhapatnam,L,Pink,Summer,4.6,No,Store Pickup,No,No,2,Debit Card,Weekly
2252,26,Male,Shoes,Footwear,2,4700,9400,Goa,L,Gold,Fall,3.8,No,Free Shipping,No,No,2,Net Banking,Monthly
2253,48,Male,Shoes,Footwear,3,4800,14400,Faridabad,S,Maroon,Summer,3.9,No,Express,No,No,33,Amazon Pay,Annually
2254,62,Male,Hoodie,Clothing,3,1550,4650,Ranchi,M,Brown,Spring,2.6,No,Store Pickup,No,No,25,Amazon Pay,Monthly
2255,24,Male,Belt,Accessories,1,3950,3950,Bengaluru,M,Gold,Winter,4.2,No,Store Pickup,No,No,1,Amazon Pay,Every 3 Months
2256,48,Male,Coat,Outerwear,1,1950,1950,Madurai,L,Teal,Spring,4.6,No,Store Pickup,No,No,36,Amazon Pay,Quarterly
2257,31,Male,Blouse,Clothing,2,1100,2200,Kalyan-Dombivli,M,Turquoise,Fall,5,No,Standard,No,No,3,Amazon Pay,Quarterly
2258,41,Male,Skirt,Clothing,3,1600,4800,Kanpur,L,Olive,Fall,4.2,No,Standard,No,No,40,Bank Transfer,Annually
2259,24,Male,T-shirt,Clothing,1,3550,3550,Udaipur,L,Cyan,Winter,4.3,No,Store Pickup,No,No,9,Cash,Every 3 Months
2260,60,Male,Jeans,Clothing,1,4800,4800,Bhubaneswar,XL,Beige,Spring,3.3,No,Free Shipping,No,No,26,Cash,Annually
2261,38,Male,Scarf,Accessories,3,4100,12300,Kolkata,M,Blue,Fall,4.9,No,Express,No,No,43,UPI,Quarterly
2262,58,Male,Backpack,Accessories,2,3800,7600,Agra,L,Gold,Spring,4.4,No,Standard,No,No,50,PhonePe,Fortnightly
2263,53,Male,Backpack,Accessories,1,1100,1100,Siliguri,M,Green,Winter,3.1,No,2-Day Shipping,No,No,46,Google Pay,Monthly
2264,44,Male,Scarf,Accessories,3,2000,6000,Thiruvananthapuram,XL,Green,Winter,3.5,No,Store Pickup,No,No,32,Paytm,Quarterly
2265,51,Male,Hat,Accessories,1,4600,4600,Nashik,M,Turquoise,Summer,3.9,No,2-Day Shipping,No,No,23,Credit Card,Monthly
2266,36,Male,Coat,Outerwear,2,4700,9400,Ludhiana,XL,Yellow,Fall,3.9,No,Store Pickup,No,No,50,Debit Card,Quarterly
2267,20,Male,Dress,Clothing,2,2200,4400,Dehradun,M,Yellow,Fall,4.3,No,Store Pickup,No,No,35,Net Banking,Weekly
2268,32,Male,Gloves,Accessories,3,2450,7350,Chandigarh,S,Blue,Spring,3.8,No,Express,No,No,17,Amazon Pay,Weekly
2269,66,Male,Sweater,Clothing,1,1300,1300,Prayagraj,L,Charcoal,Spring,2.7,No,2-Day Shipping,No,No,48,EMI,Monthly
2270,49,Male,Skirt,Clothing,3,1900,5700,Shillong,M,Yellow,Fall,4.4,No,Store Pickup,No,No,31,Cash,Annually
2271,27,Male,Blouse,Clothing,3,3600,10800,Jammu,L,Purple,Spring,3.5,No,Express,No,No,30,UPI,Weekly
2272,29,Male,Dress,Clothing,1,4950,4950,Gurugram,M,Green,Summer,3.4,No,Free Shipping,No,No,46,PhonePe,Quarterly
2273,29,Male,Jacket,Outerwear,1,1900,1900,Imphal,L,Charcoal,Spring,4,No,Standard,No,No,18,Google Pay,Monthly
2274,55,Male,Coat,Outerwear,2,4800,9600,Varanasi,L,Silver,Winter,4.8,No,Express,No,No,30,Paytm,Bi-Weekly
2275,57,Male,Dress,Clothing,3,1350,4050,Jodhpur,L,Turquoise,Spring,4.5,No,Next Day Air,No,No,1,Credit Card,Fortnightly
2276,29,Male,Shorts,Clothing,2,1200,2400,Aizawl,M,Gray,Winter,4.4,No,Standard,No,No,50,Debit Card,Weekly
2277,31,Male,Jeans,Clothing,1,4100,4100,Thane,L,Red,Summer,4.1,No,2-Day Shipping,No,No,36,Net Banking,Weekly
2278,25,Male,Hat,Accessories,1,2800,2800,Mumbai,M,Beige,Summer,4.6,No,Next Day Air,No,No,29,Amazon Pay,Quarterly
2279,61,Male,Gloves,Accessories,1,1250,1250,Pune,M,Maroon,Fall,3.8,No,Store Pickup,No,No,12,EMI,Every 3 Months
2280,53,Male,Sneakers,Footwear,2,3350,6700,Delhi,L,Indigo,Spring,2.9,No,Free Shipping,No,No,6,Bank Transfer,Quarterly
2281,22,Male,Shoes,Footwear,2,1050,2100,Bengaluru,M,Red,Summer,2.8,No,Standard,No,No,44,Google Pay,Fortnightly
2282,28,Male,Hoodie,Clothing,3,1350,4050,Hyderabad,XL,Maroon,Summer,3,No,Store Pickup,No,No,42,Cash,Annually
2283,18,Male,Sneakers,Footwear,3,4850,14550,Chennai,S,Red,Fall,4.2,No,2-Day Shipping,No,No,50,EMI,Annually
2284,44,Male,Handbag,Accessories,3,2250,6750,Kolkata,S,Black,Winter,4.1,No,Free Shipping,No,No,42,Debit Card,Fortnightly
2285,32,Male,Blouse,Clothing,3,3150,9450,Ahmedabad,XL,Black,Fall,4.1,No,Express,No,No,14,Paytm,Annually
2286,34,Male,Belt,Accessories,1,5000,5000,Surat,L,Pink,Summer,4.6,No,2-Day Shipping,No,No,34,Net Banking,Every 3 Months
2287,67,Male,Socks,Clothing,1,1900,1900,Jaipur,L,Blue,Spring,2.5,No,Store Pickup,No,No,16,UPI,Quarterly
2288,66,Male,Blouse,Clothing,3,2250,6750,Lucknow,L,Green,Summer,3,No,Store Pickup,No,No,5,Amazon Pay,Annually
2289,28,Male,Jewelry,Accessories,3,4550,13650,Kanpur,M,Orange,Fall,3.8,No,Next Day Air,No,No,38,Credit Card,Weekly
2290,70,Male,Shorts,Clothing,1,4100,4100,Nagpur,M,Orange,Fall,4.1,No,Free Shipping,No,No,3,PhonePe,Weekly
2291,37,Male,Boots,Footwear,1,2400,2400,Indore,L,Magenta,Winter,3.3,No,Standard,No,No,49,Google Pay,Quarterly
2292,28,Male,Coat,Outerwear,1,1500,1500,Bhopal,M,Indigo,Spring,5,No,2-Day Shipping,No,No,41,Cash,Quarterly
2293,43,Male,T-shirt,Clothing,2,1700,3400,Patna,S,Beige,Spring,3.8,No,Next Day Air,No,No,33,EMI,Monthly
2294,37,Male,Sweater,Clothing,1,3400,3400,Ranchi,L,Green,Fall,3.3,No,Express,No,No,13,Debit Card,Every 3 Months
2295,54,Male,Sunglasses,Accessories,1,4750,4750,Bhubaneswar,M,Red,Winter,5,No,Express,No,No,9,Paytm,Annually
2296,50,Male,Hat,Accessories,2,1100,2200,Visakhapatnam,L,Beige,Spring,2.9,No,2-Day Shipping,No,No,50,Net Banking,Quarterly
2297,46,Male,Gloves,Accessories,2,4400,8800,Vijayawada,M,Green,Fall,2.5,No,Next Day Air,No,No,5,UPI,Every 3 Months
2298,60,Male,Socks,Clothing,2,4150,8300,Kochi,M,Orange,Summer,4.7,No,Standard,No,No,27,Amazon Pay,Quarterly
2299,40,Male,Handbag,Accessories,2,4350,8700,Thiruvananthapuram,L,Cyan,Spring,2.9,No,2-Day Shipping,No,No,46,Credit Card,Every 3 Months
2300,64,Male,Coat,Outerwear,1,2850,2850,Coimbatore,M,Violet,Summer,3.7,No,Store Pickup,No,No,7,PhonePe,Every 3 Months
2301,18,Male,Coat,Outerwear,1,4400,4400,Madurai,XL,Lavender,Summer,4.4,No,2-Day Shipping,No,No,27,Credit Card,Monthly
2302,37,Male,Pants,Clothing,3,1000,3000,Mysuru,L,Turquoise,Winter,2.9,No,Next Day Air,No,No,39,UPI,Annually
2303,36,Male,Belt,Accessories,1,1950,1950,Mangaluru,L,Pink,Summer,3.6,No,Store Pickup,No,No,47,Paytm,Monthly
2304,51,Male,Sunglasses,Accessories,3,3550,10650,Nashik,S,Beige,Spring,4.8,No,2-Day Shipping,No,No,25,Cash,Fortnightly
2305,26,Male,Hoodie,Clothing,1,3650,3650,Aurangabad,L,Silver,Winter,4.7,No,Free Shipping,No,No,21,Amazon Pay,Fortnightly
2306,68,Male,Handbag,Accessories,3,3150,9450,Kolhapur,M,Gold,Summer,2.6,No,Free Shipping,No,No,47,PhonePe,Weekly
2307,27,Male,Gloves,Accessories,2,3900,7800,Thane,L,Silver,Winter,3.4,No,Standard,No,No,43,Net Banking,Bi-Weekly
2308,28,Male,Skirt,Clothing,3,4800,14400,Navi Mumbai,L,Green,Fall,3.5,No,Next Day Air,No,No,17,EMI,Annually
2309,49,Male,Sunglasses,Accessories,1,4050,4050,Vasai-Virar,M,Teal,Winter,3.4,No,2-Day Shipping,No,No,31,Google Pay,Quarterly
2310,70,Male,Dress,Clothing,3,4750,14250,Kalyan-Dombivli,S,Gold,Fall,5,No,2-Day Shipping,No,No,42,Debit Card,Quarterly
2311,30,Male,Gloves,Accessories,2,3400,6800,Noida,M,Cyan,Spring,4.6,No,Standard,No,No,3,UPI,Monthly
2312,27,Male,Sneakers,Footwear,3,1400,4200,Gurugram,L,Gold,Spring,4.8,No,2-Day Shipping,No,No,33,PhonePe,Every 3 Months
2313,19,Male,T-shirt,Clothing,1,1500,1500,Faridabad,L,Violet,Summer,3.7,No,Free Shipping,No,No,22,Google Pay,Every 3 Months
2314,64,Male,Dress,Clothing,1,1550,1550,Ghaziabad,M,Black,Summer,4.7,No,Next Day Air,No,No,6,Paytm,Fortnightly
2315,42,Male,Handbag,Accessories,1,4750,4750,Chandigarh,XL,Brown,Winter,4.4,No,Express,No,No,8,Credit Card,Every 3 Months
2316,69,Male,Socks,Clothing,3,3950,11850,Ludhiana,M,Indigo,Winter,3.5,No,2-Day Shipping,No,No,21,Debit Card,Quarterly
2317,28,Male,Sneakers,Footwear,1,1950,1950,Amritsar,L,Yellow,Winter,3.8,No,Standard,No,No,2,Cash,Annually
2318,47,Male,Jacket,Outerwear,2,1700,3400,Jammu,M,Purple,Summer,4.7,No,Next Day Air,No,No,5,Net Banking,Monthly
2319,69,Male,Hoodie,Clothing,2,1400,2800,Srinagar,L,White,Spring,3.1,No,Store Pickup,No,No,41,Amazon Pay,Annually
2320,56,Male,Sandals,Footwear,1,1900,1900,Shimla,XL,Turquoise,Winter,5,No,Free Shipping,No,No,6,EMI,Monthly
2321,28,Male,Shoes,Footwear,1,2750,2750,Dehradun,M,Olive,Spring,3.7,No,Free Shipping,No,No,31,UPI,Every 3 Months
2322,50,Male,Sandals,Footwear,3,1550,4650,Agra,M,Beige,Winter,3,No,Next Day Air,No,No,26,PhonePe,Fortnightly
2323,39,Male,Coat,Outerwear,1,4200,4200,Varanasi,S,Lavender,Spring,4.5,No,Store Pickup,No,No,47,Google Pay,Fortnightly
2324,35,Male,Gloves,Accessories,3,4650,13950,Prayagraj,L,White,Winter,4.7,No,Express,No,No,12,Paytm,Monthly
2325,59,Male,Coat,Outerwear,1,1400,1400,Gwalior,L,Brown,Winter,3.5,No,Free Shipping,No,No,2,Credit Card,Annually
2326,44,Male,Boots,Footwear,1,2750,2750,Jabalpur,M,Charcoal,Summer,4.4,No,2-Day Shipping,No,No,30,Debit Card,Weekly
2327,66,Male,Skirt,Clothing,3,3150,9450,Raipur,L,Maroon,Winter,2.6,No,Standard,No,No,31,Cash,Annually
2328,20,Male,Skirt,Clothing,2,4700,9400,Goa,M,Red,Winter,4.2,No,2-Day Shipping,No,No,38,Net Banking,Bi-Weekly
2329,45,Male,Pants,Clothing,1,1800,1800,Udaipur,M,Maroon,Fall,2.6,No,Express,No,No,20,Amazon Pay,Bi-Weekly
2330,49,Male,Hat,Accessories,3,4850,14550,Jodhpur,S,Teal,Spring,4.8,No,Free Shipping,No,No,49,EMI,Annually
2331,60,Male,Backpack,Accessories,2,3150,6300,Rajkot,L,Orange,Summer,2.9,No,Store Pickup,No,No,23,Cash,Every 3 Months
2332,61,Male,Scarf,Accessories,1,3850,3850,Vadodara,S,Olive,Spring,4.3,No,2-Day Shipping,No,No,45,Debit Card,Bi-Weekly
2333,36,Male,Scarf,Accessories,2,2650,5300,Siliguri,XL,Olive,Fall,2.6,No,Store Pickup,No,No,43,Debit Card,Monthly
2334,33,Male,Shirt,Clothing,3,3850,11550,Guwahati,M,Beige,Spring,3.8,No,Next Day Air,No,No,34,Credit Card,Every 3 Months
2335,49,Male,Boots,Footwear,2,3950,7900,Imphal,L,Green,Summer,4.2,No,Standard,No,No,25,Debit Card,Monthly
2336,31,Male,Coat,Outerwear,3,1850,5550,Aizawl,M,Black,Summer,3.9,No,Store Pickup,No,No,33,Paytm,Fortnightly
2337,19,Male,Belt,Accessories,1,4700,4700,Shillong,M,Green,Winter,3.1,No,Free Shipping,No,No,10,Credit Card,Weekly
2338,39,Male,Boots,Footwear,3,3800,11400,Nagpur,S,Violet,Fall,3.6,No,Store Pickup,No,No,49,Debit Card,Annually
2339,66,Male,Sneakers,Footwear,2,3400,6800,Mumbai,S,Silver,Fall,4,No,Express,No,No,7,Cash on Delivery,Quarterly
2340,25,Male,Shirt,Clothing,2,3250,6500,Pune,L,Maroon,Spring,3.4,No,Next Day Air,No,No,36,Net Banking,Quarterly
2341,63,Male,Blouse,Clothing,3,1200,3600,Delhi,M,Cyan,Summer,2.6,No,Standard,No,No,4,Amazon Pay,Fortnightly
2342,56,Male,Jacket,Outerwear,1,1550,1550,Bengaluru,L,Teal,Summer,4.5,No,Express,No,No,41,EMI,Every 3 Months
2343,20,Male,Skirt,Clothing,1,4450,4450,Hyderabad,M,Olive,Fall,4.9,No,Standard,No,No,12,UPI,Fortnightly
2344,58,Male,Socks,Clothing,2,2450,4900,Chennai,M,Red,Summer,4.4,No,2-Day Shipping,No,No,34,PhonePe,Monthly
2345,34,Male,Sandals,Footwear,3,4600,13800,Kolkata,XL,Lavender,Fall,3.5,No,Express,No,No,19,Google Pay,Bi-Weekly
2346,28,Male,T-shirt,Clothing,2,1600,3200,Ahmedabad,S,Orange,Winter,3.3,No,Express,No,No,21,Paytm,Every 3 Months
2347,22,Male,Jacket,Outerwear,1,3350,3350,Surat,L,Brown,Winter,3.1,No,Standard,No,No,50,Credit Card,Fortnightly
2348,37,Male,Belt,Accessories,3,3200,9600,Jaipur,S,Gray,Fall,4.2,No,Express,No,No,50,Debit Card,Every 3 Months
2349,54,Male,Shoes,Footwear,3,4200,12600,Lucknow,M,Orange,Spring,4.9,No,Next Day Air,No,No,13,Cash,Every 3 Months
2350,65,Male,Blouse,Clothing,1,1700,1700,Kanpur,M,Orange,Fall,3.9,No,Standard,No,No,19,UPI,Every 3 Months
2351,57,Male,Shoes,Footwear,2,1300,2600,Nagpur,M,Turquoise,Winter,4.2,No,Free Shipping,No,No,24,PhonePe,Annually
2352,38,Male,Sweater,Clothing,2,2500,5000,Indore,S,Cyan,Fall,4.9,No,Store Pickup,No,No,29,Google Pay,Bi-Weekly
2353,70,Male,Boots,Footwear,2,2300,4600,Bhopal,M,Yellow,Fall,2.8,No,Store Pickup,No,No,19,Paytm,Quarterly
2354,56,Male,Handbag,Accessories,3,3550,10650,Patna,M,White,Fall,4.1,No,Standard,No,No,15,Credit Card,Every 3 Months
2355,56,Male,Blouse,Clothing,3,3900,11700,Ranchi,M,Blue,Summer,4.8,No,Next Day Air,No,No,37,Debit Card,Monthly
2356,22,Male,Skirt,Clothing,3,1750,5250,Bhubaneswar,S,Purple,Winter,4.1,No,Next Day Air,No,No,46,Net Banking,Monthly
2357,57,Male,Backpack,Accessories,3,2900,8700,Visakhapatnam,M,Gray,Summer,3,No,Free Shipping,No,No,25,Amazon Pay,Quarterly
2358,53,Male,Shirt,Clothing,2,3350,6700,Vijayawada,L,Cyan,Fall,4.2,No,2-Day Shipping,No,No,19,EMI,Bi-Weekly
2359,53,Male,Sweater,Clothing,1,4650,4650,Kochi,L,Pink,Spring,3.8,No,Standard,No,No,11,Cash,Quarterly
2360,19,Male,Scarf,Accessories,1,4050,4050,Thiruvananthapuram,S,Gold,Spring,3.3,No,2-Day Shipping,No,No,36,Debit Card,Every 3 Months
2361,49,Male,Handbag,Accessories,2,4000,8000,Coimbatore,L,Silver,Fall,4.7,No,2-Day Shipping,No,No,17,Debit Card,Every 3 Months
2362,44,Male,Scarf,Accessories,2,3200,6400,Madurai,M,Gray,Spring,4.3,No,2-Day Shipping,No,No,16,Credit Card,Every 3 Months
2363,27,Male,Jeans,Clothing,1,2050,2050,Mysuru,M,Brown,Fall,2.7,No,Standard,No,No,50,Credit Card,Monthly
2364,60,Male,Socks,Clothing,2,3950,7900,Mangaluru,XL,Pink,Winter,4.2,No,Express,No,No,45,Credit Card,Bi-Weekly
2365,62,Male,Sunglasses,Accessories,1,3000,3000,Nashik,L,Maroon,Winter,4.2,No,Free Shipping,No,No,13,Debit Card,Quarterly
2366,52,Male,Sneakers,Footwear,1,4550,4550,Aurangabad,S,Peach,Winter,2.5,No,Next Day Air,No,No,29,Credit Card,Monthly
2367,30,Male,Shoes,Footwear,1,3300,3300,Kolhapur,L,Brown,Winter,3.6,No,Express,No,No,5,Credit Card,Fortnightly
2368,66,Male,Socks,Clothing,3,4250,12750,Thane,L,Green,Winter,3.4,No,Standard,No,No,30,Debit Card,Bi-Weekly
2369,29,Male,Sunglasses,Accessories,3,1900,5700,Navi Mumbai,M,Lavender,Summer,3.3,No,Standard,No,No,21,Cash,Every 3 Months
2370,24,Male,Sweater,Clothing,2,1150,2300,Vasai-Virar,M,Cyan,Winter,4.6,No,Standard,No,No,28,UPI,Monthly
2371,51,Male,Shoes,Footwear,3,3550,10650,Kalyan-Dombivli,M,Black,Spring,3.9,No,Store Pickup,No,No,37,PhonePe,Weekly
2372,67,Male,Socks,Clothing,1,1250,1250,Noida,M,Charcoal,Winter,3.7,No,Next Day Air,No,No,1,Google Pay,Annually
2373,50,Male,Boots,Footwear,2,1950,3900,Gurugram,XL,Silver,Spring,3.1,No,Express,No,No,2,Paytm,Fortnightly
2374,37,Male,Hoodie,Clothing,1,1000,1000,Faridabad,M,Gray,Spring,4.9,No,Express,No,No,11,Credit Card,Every 3 Months
2375,69,Male,Gloves,Accessories,2,3650,7300,Ghaziabad,L,Peach,Winter,4.7,No,Standard,No,No,43,Debit Card,Monthly
2376,60,Male,Backpack,Accessories,1,3150,3150,Chandigarh,L,Peach,Fall,2.9,No,Next Day Air,No,No,36,Net Banking,Quarterly
2377,21,Male,Gloves,Accessories,2,4700,9400,Ludhiana,XL,Cyan,Spring,4.1,No,Express,No,No,1,Amazon Pay,Weekly
2378,44,Male,Blouse,Clothing,3,4700,14100,Amritsar,L,Magenta,Fall,4,No,Next Day Air,No,No,48,EMI,Annually
2379,26,Male,Scarf,Accessories,1,3550,3550,Jammu,L,Teal,Summer,2.7,No,Store Pickup,No,No,34,Cash,Bi-Weekly
2380,40,Male,Hat,Accessories,1,3850,3850,Srinagar,M,Peach,Spring,4,No,2-Day Shipping,No,No,44,Cash,Monthly
2381,41,Male,Scarf,Accessories,2,3300,6600,Shimla,M,Black,Fall,2.5,No,Next Day Air,No,No,33,Debit Card,Fortnightly
2382,62,Male,Sandals,Footwear,1,1150,1150,Dehradun,M,Teal,Summer,4.5,No,Free Shipping,No,No,7,Cash,Annually
2383,39,Male,Sweater,Clothing,3,3000,9000,Agra,M,Turquoise,Spring,3.9,No,Express,No,No,7,UPI,Weekly
2384,53,Male,Backpack,Accessories,3,3600,10800,Varanasi,L,Gold,Spring,4.9,No,2-Day Shipping,No,No,4,PhonePe,Annually
2385,24,Male,Blouse,Clothing,3,1750,5250,Prayagraj,L,Green,Winter,3.3,No,2-Day Shipping,No,No,35,Google Pay,Quarterly
2386,41,Male,Scarf,Accessories,3,1550,4650,Gwalior,M,Brown,Fall,3.8,No,Express,No,No,34,Paytm,Weekly
2387,19,Male,Socks,Clothing,1,1650,1650,Jabalpur,L,Blue,Summer,2.9,No,Standard,No,No,17,Credit Card,Monthly
2388,36,Male,Hat,Accessories,2,4750,9500,Raipur,M,Gold,Summer,4,No,2-Day Shipping,No,No,31,Debit Card,Monthly
2389,21,Male,Dress,Clothing,2,3400,6800,Goa,M,Peach,Fall,4.1,No,Store Pickup,No,No,4,Net Banking,Annually
2390,25,Male,Coat,Outerwear,1,4350,4350,Udaipur,M,Violet,Spring,3.1,No,Store Pickup,No,No,9,Amazon Pay,Every 3 Months
2391,65,Male,Shirt,Clothing,2,3200,6400,Jodhpur,XL,Yellow,Winter,4.6,No,Express,No,No,37,EMI,Fortnightly
2392,42,Male,Shirt,Clothing,3,3700,11100,Rajkot,M,Black,Winter,4.6,No,Next Day Air,No,No,40,Credit Card,Quarterly
2393,40,Male,Jeans,Clothing,1,3100,3100,Vadodara,L,Silver,Spring,2.6,No,2-Day Shipping,No,No,30,Credit Card,Annually
2394,58,Male,Socks,Clothing,2,4850,9700,Siliguri,M,Brown,Winter,5,No,2-Day Shipping,No,No,13,Bank Transfer,Every 3 Months
2395,40,Male,Sandals,Footwear,3,2350,7050,Guwahati,L,Peach,Fall,2.9,No,2-Day Shipping,No,No,5,Bank Transfer,Fortnightly
2396,62,Male,Blouse,Clothing,1,4150,4150,Imphal,M,Cyan,Winter,3.5,No,2-Day Shipping,No,No,17,Debit Card,Bi-Weekly
2397,38,Male,Shirt,Clothing,3,4100,12300,Aizawl,M,Olive,Spring,3.7,No,2-Day Shipping,No,No,38,Cash,Weekly
2398,37,Male,Sunglasses,Accessories,2,1300,2600,Shillong,L,Black,Fall,2.9,No,Store Pickup,No,No,48,Debit Card,Monthly
2399,65,Male,Jacket,Outerwear,2,4050,8100,Mumbai,M,Orange,Winter,4.3,No,Free Shipping,No,No,23,Credit Card,Fortnightly
2400,55,Male,Dress,Clothing,2,2200,4400,Pune,L,Beige,Spring,3.2,No,Store Pickup,No,No,47,Cash,Monthly
2401,43,Male,Sunglasses,Accessories,1,4400,4400,Delhi,M,Peach,Winter,4.2,No,Next Day Air,No,No,49,Credit Card,Bi-Weekly
2402,43,Male,Boots,Footwear,1,3800,3800,Bengaluru,M,Pink,Winter,4.2,No,Standard,No,No,14,Credit Card,Bi-Weekly
2403,45,Male,Scarf,Accessories,1,4450,4450,Hyderabad,M,Brown,Winter,3.8,No,Free Shipping,No,No,1,Cash,Weekly
2404,64,Male,Shorts,Clothing,3,1100,3300,Chennai,M,Magenta,Fall,4.4,No,Standard,No,No,35,UPI,Weekly
2405,28,Male,Shorts,Clothing,3,1650,4950,Kolkata,L,Cyan,Winter,3.1,No,2-Day Shipping,No,No,11,PhonePe,Bi-Weekly
2406,69,Male,Jeans,Clothing,2,4850,9700,Ahmedabad,XL,Silver,Fall,5,No,Standard,No,No,30,Google Pay,Quarterly
2407,54,Male,Scarf,Accessories,1,2850,2850,Surat,M,Indigo,Winter,4.7,No,Standard,No,No,48,Paytm,Weekly
2408,52,Male,Shorts,Clothing,2,1900,3800,Jaipur,M,Beige,Summer,3,No,Express,No,No,37,Credit Card,Bi-Weekly
2409,23,Male,Sneakers,Footwear,3,2750,8250,Lucknow,XL,Black,Fall,4.2,No,Next Day Air,No,No,41,Debit Card,Every 3 Months
2410,26,Male,Jewelry,Accessories,3,1850,5550,Kanpur,L,Yellow,Spring,3,No,Store Pickup,No,No,29,Net Banking,Every 3 Months
2411,48,Male,Shoes,Footwear,1,2150,2150,Nagpur,M,Maroon,Summer,3.7,No,Free Shipping,No,No,4,Amazon Pay,Monthly
2412,49,Male,Hoodie,Clothing,1,4800,4800,Indore,M,Cyan,Summer,2.7,No,Free Shipping,No,No,15,EMI,Every 3 Months
2413,53,Male,Jacket,Outerwear,3,2550,7650,Bhopal,M,Pink,Winter,4.3,No,2-Day Shipping,No,No,9,Credit Card,Bi-Weekly
2414,69,Male,Shorts,Clothing,1,4750,4750,Patna,XL,Violet,Fall,2.7,No,2-Day Shipping,No,No,25,Cash,Weekly
2415,26,Male,Socks,Clothing,1,1300,1300,Ranchi,M,Lavender,Summer,3.7,No,Next Day Air,No,No,35,UPI,Bi-Weekly
2416,21,Male,Coat,Outerwear,2,1700,3400,Bhubaneswar,XL,Lavender,Fall,4.3,No,Standard,No,No,31,PhonePe,Weekly
2417,59,Male,Sandals,Footwear,2,4150,8300,Visakhapatnam,S,Black,Summer,4,No,Next Day Air,No,No,4,Google Pay,Every 3 Months
2418,21,Male,Backpack,Accessories,3,1200,3600,Vijayawada,M,Olive,Fall,3.3,No,Standard,No,No,46,Paytm,Fortnightly
2419,22,Male,Pants,Clothing,1,3450,3450,Kochi,S,Indigo,Fall,4,No,Next Day Air,No,No,41,Credit Card,Every 3 Months
2420,26,Male,Sweater,Clothing,3,2000,6000,Thiruvananthapuram,M,Blue,Fall,2.7,No,Next Day Air,No,No,39,Debit Card,Every 3 Months
2421,41,Male,Jacket,Outerwear,3,4350,13050,Coimbatore,S,Green,Winter,4.2,No,Free Shipping,No,No,9,Net Banking,Annually
2422,37,Male,Sneakers,Footwear,3,2300,6900,Madurai,L,Pink,Spring,4.6,No,Standard,No,No,46,Amazon Pay,Every 3 Months
2423,30,Male,Jewelry,Accessories,2,4100,8200,Mysuru,M,Peach,Winter,4.8,No,Store Pickup,No,No,28,EMI,Weekly
2424,49,Male,Backpack,Accessories,1,4050,4050,Mangaluru,M,Purple,Summer,2.8,No,Free Shipping,No,No,36,Cash,Every 3 Months
2425,49,Male,Jewelry,Accessories,3,2850,8550,Nashik,M,Peach,Winter,4.5,No,Next Day Air,No,No,16,UPI,Bi-Weekly
2426,58,Male,Shoes,Footwear,1,2450,2450,Aurangabad,S,Olive,Summer,3,No,2-Day Shipping,No,No,2,PhonePe,Quarterly
2427,70,Male,Jacket,Outerwear,2,2100,4200,Kolhapur,M,Olive,Fall,4.6,No,Free Shipping,No,No,16,Google Pay,Every 3 Months
2428,27,Male,Jacket,Outerwear,3,1300,3900,Thane,M,Purple,Spring,3.3,No,Standard,No,No,13,Paytm,Quarterly
2429,65,Male,T-shirt,Clothing,3,1900,5700,Navi Mumbai,M,Violet,Spring,4.4,No,Next Day Air,No,No,16,Credit Card,Annually
2430,57,Male,Sneakers,Footwear,1,2850,2850,Vasai-Virar,XL,Maroon,Summer,4.4,No,Standard,No,No,41,Debit Card,Fortnightly
2431,20,Male,Jacket,Outerwear,2,5000,10000,Kalyan-Dombivli,XL,White,Summer,4.3,No,Express,No,No,8,Net Banking,Quarterly
2432,34,Male,Hoodie,Clothing,1,3650,3650,Noida,S,Olive,Fall,3.4,No,Express,No,No,13,Amazon Pay,Every 3 Months
2433,59,Male,Jacket,Outerwear,2,3300,6600,Gurugram,M,Peach,Winter,2.8,No,Store Pickup,No,No,19,EMI,Monthly
2434,54,Male,T-shirt,Clothing,3,3650,10950,Faridabad,M,Blue,Spring,3.4,No,Standard,No,No,7,Cash,Bi-Weekly
2435,36,Male,Gloves,Accessories,1,2250,2250,Ghaziabad,M,Brown,Spring,5,No,Store Pickup,No,No,25,Cash,Monthly
2436,21,Male,Sneakers,Footwear,3,1350,4050,Chandigarh,S,Black,Fall,4.5,No,Free Shipping,No,No,13,UPI,Bi-Weekly
2437,52,Male,T-shirt,Clothing,2,1200,2400,Ludhiana,M,Yellow,Fall,2.7,No,Store Pickup,No,No,1,PhonePe,Quarterly
2438,43,Male,Sneakers,Footwear,1,2950,2950,Amritsar,XL,Magenta,Winter,3.4,No,Store Pickup,No,No,14,Google Pay,Weekly
2439,32,Male,Jeans,Clothing,1,1000,1000,Jammu,S,Cyan,Winter,3.4,No,Express,No,No,47,Paytm,Weekly
2440,55,Male,Handbag,Accessories,1,2200,2200,Srinagar,M,Maroon,Summer,2.8,No,Standard,No,No,6,Credit Card,Annually
2441,31,Male,Socks,Clothing,3,4500,13500,Shimla,M,Red,Spring,4.7,No,Standard,No,No,44,Debit Card,Annually
2442,45,Male,Jewelry,Accessories,3,1800,5400,Dehradun,M,Black,Fall,4.7,No,Free Shipping,No,No,32,Net Banking,Monthly
2443,53,Male,Blouse,Clothing,2,4750,9500,Agra,L,Violet,Winter,4.7,No,Free Shipping,No,No,8,Amazon Pay,Bi-Weekly
2444,24,Male,Backpack,Accessories,2,1500,3000,Varanasi,M,Green,Spring,3.4,No,2-Day Shipping,No,No,26,EMI,Bi-Weekly
2445,47,Male,Scarf,Accessories,2,3250,6500,Prayagraj,S,Gold,Fall,3.7,No,Express,No,No,48,Cash,Bi-Weekly
2446,63,Male,Scarf,Accessories,3,4800,14400,Gwalior,M,Brown,Summer,4.1,No,Store Pickup,No,No,25,Cash,Weekly
2447,38,Male,Shirt,Clothing,1,3250,3250,Jabalpur,L,Peach,Spring,2.9,No,2-Day Shipping,No,No,40,UPI,Monthly
2448,59,Male,Pants,Clothing,3,2350,7050,Raipur,L,Peach,Fall,3.2,No,Store Pickup,No,No,47,PhonePe,Fortnightly
2449,54,Male,Hat,Accessories,2,1250,2500,Goa,S,Violet,Fall,3,No,Free Shipping,No,No,38,Google Pay,Bi-Weekly
2450,26,Male,Coat,Outerwear,1,2800,2800,Udaipur,S,Violet,Fall,4.1,No,Express,No,No,38,Paytm,Fortnightly
2451,68,Male,T-shirt,Clothing,3,3800,11400,Jodhpur,M,Magenta,Fall,4.5,No,Standard,No,No,29,Credit Card,Quarterly
2452,41,Male,Socks,Clothing,2,3000,6000,Rajkot,M,Purple,Fall,3.4,No,Store Pickup,No,No,28,Debit Card,Monthly
2453,68,Male,Shirt,Clothing,3,3350,10050,Vadodara,L,Purple,Winter,4.1,No,Express,No,No,43,Net Banking,Every 3 Months
2454,21,Male,Sweater,Clothing,2,4750,9500,Siliguri,XL,Cyan,Spring,4.6,No,Store Pickup,No,No,36,Amazon Pay,Annually
2455,32,Male,Gloves,Accessories,2,3600,7200,Guwahati,M,Magenta,Winter,4.6,No,Express,No,No,44,EMI,Annually
2456,20,Male,Belt,Accessories,2,4900,9800,Imphal,L,Lavender,Spring,3.4,No,Express,No,No,24,Debit Card,Every 3 Months
2457,59,Male,Jeans,Clothing,3,4150,12450,Aizawl,M,Green,Winter,3.3,No,2-Day Shipping,No,No,45,Google Pay,Monthly
2458,53,Male,Handbag,Accessories,3,1850,5550,Shillong,M,Maroon,Fall,3.6,No,2-Day Shipping,No,No,9,Bank Transfer,Quarterly
2459,66,Male,T-shirt,Clothing,2,4250,8500,Mumbai,L,Turquoise,Fall,4.6,No,Free Shipping,No,No,50,Debit Card,Weekly
2460,47,Male,Socks,Clothing,2,1800,3600,Pune,L,Violet,Fall,4.3,No,2-Day Shipping,No,No,36,Cash,Weekly
2461,58,Male,Jeans,Clothing,2,1800,3600,Delhi,S,Lavender,Winter,4,No,Store Pickup,No,No,31,UPI,Annually
2462,28,Male,Scarf,Accessories,2,4300,8600,Bengaluru,L,Red,Summer,4.8,No,Next Day Air,No,No,31,PhonePe,Weekly
2463,68,Male,Pants,Clothing,3,4950,14850,Hyderabad,XL,Orange,Spring,4.3,No,Standard,No,No,50,Google Pay,Bi-Weekly
2464,60,Male,Blouse,Clothing,2,1050,2100,Chennai,XL,Indigo,Summer,3.3,No,Standard,No,No,30,Paytm,Bi-Weekly
2465,47,Male,Jacket,Outerwear,1,4200,4200,Kolkata,L,Teal,Winter,2.8,No,Express,No,No,40,Credit Card,Bi-Weekly
2466,18,Male,Sandals,Footwear,2,3150,6300,Ahmedabad,M,Brown,Spring,4.4,No,Free Shipping,No,No,49,Debit Card,Weekly
2467,32,Male,Shorts,Clothing,1,4200,4200,Surat,S,Pink,Summer,3.7,No,Express,No,No,10,Net Banking,Annually
2468,27,Male,Shorts,Clothing,3,3600,10800,Jaipur,M,Lavender,Spring,3.6,No,Express,No,No,50,Amazon Pay,Annually
2469,65,Male,Skirt,Clothing,2,1050,2100,Lucknow,L,Cyan,Winter,3.7,No,2-Day Shipping,No,No,44,EMI,Weekly
2470,68,Male,Sandals,Footwear,3,4600,13800,Kanpur,M,Yellow,Fall,5,No,Standard,No,No,39,Bank Transfer,Annually
2471,55,Male,Blouse,Clothing,1,3600,3600,Nagpur,XL,Pink,Fall,2.7,No,Next Day Air,No,No,24,Cash,Fortnightly
2472,30,Male,Sandals,Footwear,3,4150,12450,Indore,M,Gray,Spring,4.3,No,Store Pickup,No,No,40,UPI,Annually
2473,24,Male,Shirt,Clothing,3,3650,10950,Bhopal,M,Peach,Summer,4.1,No,Standard,No,No,45,PhonePe,Annually
2474,57,Male,Socks,Clothing,2,4900,9800,Patna,M,Red,Winter,2.6,No,Next Day Air,No,No,8,Google Pay,Quarterly
2475,23,Male,T-shirt,Clothing,1,3800,3800,Ranchi,M,Olive,Fall,3.2,No,Store Pickup,No,No,18,Paytm,Quarterly
2476,69,Male,Dress,Clothing,2,2150,4300,Bhubaneswar,S,Lavender,Summer,3.5,No,Next Day Air,No,No,16,Credit Card,Monthly
2477,60,Male,Hat,Accessories,2,3000,6000,Visakhapatnam,M,Turquoise,Summer,3.7,No,Next Day Air,No,No,2,Debit Card,Monthly
2478,25,Male,Gloves,Accessories,2,2000,4000,Vijayawada,L,Turquoise,Spring,3.8,No,2-Day Shipping,No,No,17,Net Banking,Weekly
2479,18,Male,Socks,Clothing,3,4650,13950,Kochi,S,Maroon,Winter,4.8,No,2-Day Shipping,No,No,13,Amazon Pay,Every 3 Months
2480,37,Male,Dress,Clothing,1,4900,4900,Thiruvananthapuram,S,Olive,Fall,4.2,No,Standard,No,No,47,EMI,Every 3 Months
2481,61,Male,Socks,Clothing,2,4550,9100,Coimbatore,XL,Maroon,Summer,2.9,No,Next Day Air,No,No,1,EMI,Fortnightly
2482,41,Male,Belt,Accessories,3,4600,13800,Madurai,XL,Cyan,Fall,2.9,No,Free Shipping,No,No,45,Credit Card,Weekly
2483,69,Male,Handbag,Accessories,2,4350,8700,Mysuru,S,Peach,Winter,4.8,No,Next Day Air,No,No,37,Credit Card,Every 3 Months
2484,32,Male,Skirt,Clothing,2,4800,9600,Mangaluru,S,Teal,Fall,2.9,No,Standard,No,No,35,Cash,Monthly
2485,60,Male,Hoodie,Clothing,1,4850,4850,Nashik,M,Green,Summer,4.8,No,2-Day Shipping,No,No,41,Cash,Every 3 Months
2486,43,Male,Blouse,Clothing,3,2750,8250,Aurangabad,M,Beige,Spring,4.6,No,2-Day Shipping,No,No,30,UPI,Annually
2487,61,Male,Jeans,Clothing,2,2900,5800,Kolhapur,L,Magenta,Spring,4.4,No,Store Pickup,No,No,30,PhonePe,Fortnightly
2488,57,Male,Boots,Footwear,1,1050,1050,Thane,L,Violet,Spring,3,No,Next Day Air,No,No,18,Google Pay,Bi-Weekly
2489,56,Male,Handbag,Accessories,2,4100,8200,Navi Mumbai,XL,Charcoal,Summer,4.4,No,Express,No,No,4,Paytm,Monthly
2490,66,Male,Coat,Outerwear,3,1700,5100,Vasai-Virar,M,Green,Winter,3.9,No,Express,No,No,14,Credit Card,Quarterly
2491,52,Male,Blouse,Clothing,3,3900,11700,Kalyan-Dombivli,M,Gray,Spring,4,No,Free Shipping,No,No,44,Debit Card,Every 3 Months
2492,63,Male,Handbag,Accessories,3,2350,7050,Noida,M,Magenta,Spring,2.5,No,Express,No,No,14,Net Banking,Monthly
2493,50,Male,Sunglasses,Accessories,3,4800,14400,Gurugram,S,Silver,Summer,4.1,No,Next Day Air,No,No,29,Amazon Pay,Bi-Weekly
2494,21,Male,Socks,Clothing,1,1150,1150,Faridabad,S,Beige,Fall,4.8,No,2-Day Shipping,No,No,3,EMI,Every 3 Months
2495,42,Male,Shoes,Footwear,1,1350,1350,Ghaziabad,S,Peach,Winter,2.6,No,Store Pickup,No,No,40,Cash,Annually
2496,40,Male,Backpack,Accessories,2,1850,3700,Chandigarh,XL,Orange,Spring,3.1,No,Free Shipping,No,No,15,Bank Transfer,Every 3 Months
2497,67,Male,Scarf,Accessories,1,3950,3950,Ludhiana,S,Yellow,Summer,3.2,No,Store Pickup,No,No,23,Debit Card,Weekly
2498,35,Male,Backpack,Accessories,2,2000,4000,Amritsar,M,Violet,Summer,4.2,No,Standard,No,No,43,Bank Transfer,Annually
2499,18,Male,Coat,Outerwear,2,1950,3900,Jammu,S,Green,Fall,2.6,No,Next Day Air,No,No,23,Bank Transfer,Fortnightly
2500,52,Male,Hoodie,Clothing,2,3650,7300,Srinagar,L,Pink,Summer,3.1,No,Next Day Air,No,No,38,Credit Card,Quarterly
2501,59,Male,Gloves,Accessories,1,4200,4200,Shimla,M,Violet,Fall,2.9,No,Store Pickup,No,No,15,Cash,Bi-Weekly
2502,49,Male,Shorts,Clothing,2,4700,9400,Dehradun,M,Violet,Fall,4.6,No,Free Shipping,No,No,13,UPI,Bi-Weekly
2503,46,Male,Skirt,Clothing,2,2350,4700,Agra,L,Pink,Spring,4.1,No,Standard,No,No,48,PhonePe,Every 3 Months
2504,69,Male,Boots,Footwear,1,3850,3850,Varanasi,M,Violet,Summer,2.5,No,Store Pickup,No,No,30,Google Pay,Bi-Weekly
2505,56,Male,Shorts,Clothing,1,4700,4700,Prayagraj,M,Turquoise,Winter,4,No,Store Pickup,No,No,27,Paytm,Bi-Weekly
2506,27,Male,Handbag,Accessories,2,3750,7500,Gwalior,M,Cyan,Summer,3.5,No,Express,No,No,35,Credit Card,Quarterly
2507,57,Male,Dress,Clothing,2,4100,8200,Jabalpur,XL,Orange,Spring,4.4,No,Free Shipping,No,No,33,Debit Card,Annually
2508,58,Male,Shoes,Footwear,3,1800,5400,Raipur,M,Cyan,Fall,2.9,No,Store Pickup,No,No,20,Net Banking,Every 3 Months
2509,23,Male,Sneakers,Footwear,3,4500,13500,Goa,XL,Indigo,Spring,3.1,No,2-Day Shipping,No,No,17,Amazon Pay,Bi-Weekly
2510,19,Male,Socks,Clothing,3,2400,7200,Udaipur,M,Black,Spring,4.4,No,Free Shipping,No,No,14,Amazon Pay,Quarterly
2511,40,Male,Jacket,Outerwear,3,2100,6300,Jodhpur,L,Purple,Winter,4.4,No,Standard,No,No,19,Amazon Pay,Weekly
2512,54,Male,Backpack,Accessories,3,1650,4950,Rajkot,M,Cyan,Summer,2.7,No,Store Pickup,No,No,49,Amazon Pay,Quarterly
2513,50,Male,Socks,Clothing,1,3150,3150,Vadodara,M,Green,Summer,4.9,No,Free Shipping,No,No,34,Amazon Pay,Monthly
2514,69,Male,Handbag,Accessories,3,2650,7950,Siliguri,L,Teal,Winter,3.5,No,2-Day Shipping,No,No,28,Bank Transfer,Annually
2515,42,Male,Hat,Accessories,3,1850,5550,Guwahati,L,Teal,Spring,4.8,No,Free Shipping,No,No,16,Cash,Bi-Weekly
2516,37,Male,Blouse,Clothing,2,4600,9200,Imphal,M,Magenta,Summer,4.2,No,2-Day Shipping,No,No,45,Cash,Monthly
2517,46,Male,Shorts,Clothing,3,3650,10950,Aizawl,XL,Brown,Spring,4.6,No,Standard,No,No,28,UPI,Quarterly
2518,64,Male,Shirt,Clothing,2,1900,3800,Shillong,L,Orange,Spring,2.9,No,Standard,No,No,35,PhonePe,Annually
2519,20,Male,Boots,Footwear,2,2550,5100,Patna,XL,Blue,Fall,4,No,Store Pickup,No,No,41,Google Pay,Annually
2520,40,Male,Jacket,Outerwear,1,4500,4500,Ranchi,L,Magenta,Spring,4.9,No,Standard,No,No,36,Paytm,Quarterly
2521,64,Male,Jacket,Outerwear,1,2800,2800,Bhubaneswar,L,Magenta,Summer,3.1,No,Next Day Air,No,No,27,Credit Card,Every 3 Months
2522,29,Male,Handbag,Accessories,1,1650,1650,Visakhapatnam,M,Magenta,Fall,4.4,No,Standard,No,No,48,Debit Card,Every 3 Months
2523,20,Male,Belt,Accessories,1,2650,2650,Vijayawada,S,Olive,Winter,2.5,No,2-Day Shipping,No,No,33,Net Banking,Weekly
2524,43,Male,Handbag,Accessories,3,1200,3600,Kochi,S,Cyan,Spring,3.4,No,Express,No,No,42,Amazon Pay,Annually
2525,60,Male,Coat,Outerwear,3,2950,8850,Thiruvananthapuram,M,Purple,Spring,3.7,No,Express,No,No,3,EMI,Quarterly
2526,39,Male,Sweater,Clothing,2,3600,7200,Coimbatore,M,Purple,Winter,4.2,No,Standard,No,No,48,Cash,Weekly
2527,47,Male,Shorts,Clothing,2,1400,2800,Madurai,S,Peach,Spring,3.4,No,Express,No,No,1,UPI,Bi-Weekly
2528,19,Male,Pants,Clothing,2,1800,3600,Mysuru,M,Gold,Fall,3.6,No,Express,No,No,1,PhonePe,Every 3 Months
2529,52,Male,Jewelry,Accessories,3,2350,7050,Mangaluru,S,Peach,Fall,4.7,No,2-Day Shipping,No,No,45,Google Pay,Monthly
2530,34,Male,Gloves,Accessories,3,3100,9300,Nashik,M,Magenta,Spring,4.7,No,Next Day Air,No,No,1,Paytm,Monthly
2531,25,Male,Skirt,Clothing,2,4900,9800,Aurangabad,S,Cyan,Spring,3.6,No,Free Shipping,No,No,20,Credit Card,Weekly
2532,43,Male,Sandals,Footwear,3,1400,4200,Kolhapur,M,Violet,Summer,4.6,No,Free Shipping,No,No,22,Debit Card,Every 3 Months
2533,55,Male,Socks,Clothing,3,4300,12900,Thane,S,Charcoal,Summer,2.6,No,Next Day Air,No,No,47,Net Banking,Weekly
2534,66,Male,Jewelry,Accessories,3,2300,6900,Navi Mumbai,S,Blue,Summer,3.1,No,Standard,No,No,38,Amazon Pay,Bi-Weekly
2535,41,Male,Sunglasses,Accessories,1,2100,2100,Vasai-Virar,XL,Red,Fall,3.2,No,Free Shipping,No,No,23,EMI,Weekly
2536,47,Male,Coat,Outerwear,1,4000,4000,Kalyan-Dombivli,S,Purple,Winter,3.9,No,Express,No,No,14,Bank Transfer,Fortnightly
2537,51,Male,Belt,Accessories,2,1950,3900,Noida,L,Gray,Spring,4.9,No,Express,No,No,18,Google Pay,Every 3 Months
2538,44,Male,Coat,Outerwear,2,2450,4900,Gurugram,M,Purple,Summer,4.1,No,2-Day Shipping,No,No,42,Cash,Fortnightly
2539,18,Male,Scarf,Accessories,3,1600,4800,Faridabad,M,Silver,Summer,4.2,No,Next Day Air,No,No,18,EMI,Bi-Weekly
2540,33,Male,Sandals,Footwear,3,3650,10950,Ghaziabad,M,Purple,Fall,4.1,No,Next Day Air,No,No,28,Debit Card,Bi-Weekly
2541,24,Male,Belt,Accessories,2,2100,4200,Chandigarh,M,Charcoal,Summer,3.9,No,Free Shipping,No,No,44,Paytm,Quarterly
2542,33,Male,Scarf,Accessories,1,2900,2900,Ludhiana,M,Silver,Spring,2.7,No,Next Day Air,No,No,20,Net Banking,Every 3 Months
2543,61,Male,Jewelry,Accessories,1,1100,1100,Amritsar,M,White,Winter,3.7,No,Express,No,No,26,UPI,Annually
2544,27,Male,Scarf,Accessories,2,2800,5600,Jammu,L,Peach,Spring,2.7,No,Next Day Air,No,No,13,Amazon Pay,Bi-Weekly
2545,46,Male,Pants,Clothing,2,3500,7000,Srinagar,M,Red,Spring,2.5,No,Next Day Air,No,No,6,Credit Card,Quarterly
2546,38,Male,Shoes,Footwear,3,2500,7500,Shimla,L,Olive,Spring,3.9,No,Free Shipping,No,No,23,PhonePe,Annually
2547,63,Male,Boots,Footwear,3,1050,3150,Dehradun,L,Gray,Summer,3,No,Express,No,No,13,Google Pay,Quarterly
2548,47,Male,Jacket,Outerwear,3,4850,14550,Agra,M,Beige,Summer,3.2,No,2-Day Shipping,No,No,16,Cash,Weekly
2549,42,Male,Backpack,Accessories,3,3150,9450,Varanasi,L,Pink,Winter,3.8,No,Standard,No,No,45,EMI,Monthly
2550,41,Male,Jacket,Outerwear,2,3000,6000,Prayagraj,M,Red,Fall,2.7,No,Standard,No,No,1,Debit Card,Every 3 Months
2551,53,Male,Boots,Footwear,2,2600,5200,Gwalior,XL,Peach,Fall,3,No,Store Pickup,No,No,6,Paytm,Fortnightly
2552,29,Male,Shoes,Footwear,2,1600,3200,Jabalpur,M,Maroon,Winter,4.1,No,Next Day Air,No,No,2,Net Banking,Annually
2553,61,Male,Belt,Accessories,3,2400,7200,Raipur,XL,Purple,Spring,3.2,No,2-Day Shipping,No,No,25,UPI,Annually
2554,69,Male,Jewelry,Accessories,1,1250,1250,Goa,M,Maroon,Summer,4.5,No,Store Pickup,No,No,40,Amazon Pay,Every 3 Months
2555,51,Male,Jewelry,Accessories,3,3400,10200,Udaipur,M,Gray,Summer,4.3,No,Store Pickup,No,No,33,Credit Card,Bi-Weekly
2556,24,Male,Pants,Clothing,2,3700,7400,Jodhpur,M,Gray,Fall,3.5,No,Standard,No,No,28,PhonePe,Weekly
2557,24,Male,T-shirt,Clothing,2,4400,8800,Rajkot,XL,Magenta,Fall,3.1,No,Standard,No,No,45,Credit Card,Quarterly
2558,70,Male,Shorts,Clothing,3,1150,3450,Vadodara,L,Cyan,Spring,3.9,No,Standard,No,No,17,UPI,Fortnightly
2559,49,Male,Hoodie,Clothing,3,1600,4800,Siliguri,M,Silver,Fall,2.7,No,Express,No,No,39,Paytm,Fortnightly
2560,48,Male,Belt,Accessories,3,3550,10650,Guwahati,S,Green,Winter,4,No,Free Shipping,No,No,8,Cash,Every 3 Months
2561,58,Male,Boots,Footwear,3,3100,9300,Imphal,M,Violet,Spring,2.7,No,Next Day Air,No,No,5,Amazon Pay,Bi-Weekly
2562,32,Male,Hoodie,Clothing,1,1000,1000,Aizawl,L,Magenta,Spring,2.7,No,Free Shipping,No,No,22,PhonePe,Quarterly
2563,57,Male,Shorts,Clothing,3,3100,9300,Shillong,XL,Yellow,Spring,4.7,No,Standard,No,No,47,Net Banking,Fortnightly
2564,69,Male,Backpack,Accessories,3,4050,12150,Mumbai,XL,Gray,Winter,4.5,No,Standard,No,No,12,EMI,Every 3 Months
2565,42,Male,Scarf,Accessories,3,4500,13500,Pune,L,Indigo,Winter,3,No,2-Day Shipping,No,No,11,Google Pay,Weekly
2566,30,Male,Socks,Clothing,3,2150,6450,Delhi,S,Indigo,Fall,3.6,No,Store Pickup,No,No,17,Debit Card,Quarterly
2567,35,Male,Handbag,Accessories,2,1900,3800,Bengaluru,S,Yellow,Fall,3.3,No,Standard,No,No,6,Bank Transfer,Quarterly
2568,19,Male,Sunglasses,Accessories,1,1250,1250,Hyderabad,XL,Gold,Spring,4.3,No,Store Pickup,No,No,10,UPI,Fortnightly
2569,52,Male,T-shirt,Clothing,2,4900,9800,Chennai,XL,Green,Winter,4.3,No,Express,No,No,22,PhonePe,Fortnightly
2570,42,Male,Dress,Clothing,2,3750,7500,Kolkata,M,Charcoal,Spring,4.8,No,Free Shipping,No,No,27,Google Pay,Bi-Weekly
2571,36,Male,Sneakers,Footwear,2,1350,2700,Ahmedabad,XL,Olive,Spring,4,No,Store Pickup,No,No,1,Paytm,Fortnightly
2572,45,Male,Sunglasses,Accessories,2,1350,2700,Surat,L,Black,Winter,3.5,No,Standard,No,No,26,Credit Card,Fortnightly
2573,54,Male,Blouse,Clothing,2,2100,4200,Jaipur,M,Silver,Fall,3.9,No,Next Day Air,No,No,20,Debit Card,Quarterly
2574,54,Male,T-shirt,Clothing,1,4500,4500,Lucknow,M,Red,Summer,4.4,No,Store Pickup,No,No,18,Cash,Annually
2575,27,Male,Hat,Accessories,1,3150,3150,Kanpur,M,Brown,Summer,4.6,No,2-Day Shipping,No,No,1,Net Banking,Fortnightly
2576,53,Male,Shorts,Clothing,1,4800,4800,Nagpur,M,Silver,Fall,4,No,Express,No,No,6,Amazon Pay,Annually
2577,20,Male,Hoodie,Clothing,3,2000,6000,Indore,M,Silver,Winter,4.2,No,Free Shipping,No,No,13,EMI,Quarterly
2578,52,Male,Socks,Clothing,3,1950,5850,Bhopal,L,Black,Fall,4.5,No,Next Day Air,No,No,32,UPI,Monthly
2579,54,Male,Sunglasses,Accessories,3,2400,7200,Patna,M,Purple,Fall,3.9,No,Free Shipping,No,No,19,PhonePe,Quarterly
2580,65,Male,Blouse,Clothing,3,1000,3000,Ranchi,M,Purple,Summer,3.7,No,Express,No,No,29,Google Pay,Weekly
2581,43,Male,Jeans,Clothing,1,1450,1450,Bhubaneswar,S,Turquoise,Summer,3.6,No,Store Pickup,No,No,11,Paytm,Quarterly
2582,57,Male,Dress,Clothing,2,4050,8100,Visakhapatnam,M,Gold,Winter,4.7,No,Express,No,No,41,Credit Card,Monthly
2583,19,Male,Dress,Clothing,1,4900,4900,Vijayawada,S,Indigo,Fall,3.6,No,2-Day Shipping,No,No,47,Debit Card,Every 3 Months
2584,69,Male,Jeans,Clothing,3,4650,13950,Kochi,M,Lavender,Fall,2.5,No,Next Day Air,No,No,9,Cash,Weekly
2585,26,Male,Socks,Clothing,2,1500,3000,Thiruvananthapuram,L,Blue,Summer,2.9,No,Store Pickup,No,No,37,Net Banking,Bi-Weekly
2586,57,Male,Sunglasses,Accessories,2,1850,3700,Coimbatore,L,Maroon,Fall,4.4,No,Free Shipping,No,No,12,Amazon Pay,Weekly
2587,20,Male,Coat,Outerwear,2,1400,2800,Madurai,L,Yellow,Winter,4.6,No,Express,No,No,42,EMI,Every 3 Months
2588,55,Male,Scarf,Accessories,2,1450,2900,Mysuru,M,Purple,Winter,3.7,No,Express,No,No,43,Cash,Every 3 Months
2589,44,Male,Backpack,Accessories,3,2450,7350,Mangaluru,M,Peach,Summer,3.2,No,Free Shipping,No,No,18,Debit Card,Bi-Weekly
2590,52,Male,Pants,Clothing,1,2650,2650,Nashik,M,Silver,Winter,4.9,No,2-Day Shipping,No,No,16,Debit Card,Annually
2591,57,Male,Gloves,Accessories,1,3300,3300,Aurangabad,M,Turquoise,Summer,5,No,Free Shipping,No,No,33,Credit Card,Annually
2592,40,Male,Jacket,Outerwear,1,3050,3050,Kolhapur,S,Olive,Spring,3.3,No,Express,No,No,19,Debit Card,Quarterly
2593,23,Male,Shorts,Clothing,1,1150,1150,Thane,XL,Peach,Summer,4.4,No,Store Pickup,No,No,2,Paytm,Quarterly
2594,36,Male,Pants,Clothing,1,1800,1800,Navi Mumbai,S,Indigo,Fall,4.7,No,Store Pickup,No,No,49,Credit Card,Every 3 Months
2595,59,Male,Skirt,Clothing,3,4050,12150,Vasai-Virar,L,Indigo,Fall,3.6,No,Free Shipping,No,No,14,Debit Card,Every 3 Months
2596,29,Male,Blouse,Clothing,3,2800,8400,Kalyan-Dombivli,XL,Maroon,Summer,3.2,No,Free Shipping,No,No,31,Cash on Delivery,Bi-Weekly
2597,63,Male,Shirt,Clothing,1,3900,3900,Noida,L,Black,Spring,3,No,Next Day Air,No,No,39,Net Banking,Monthly
2598,60,Male,Jewelry,Accessories,3,1250,3750,Gurugram,XL,Teal,Summer,4.4,No,Store Pickup,No,No,8,Amazon Pay,Bi-Weekly
2599,64,Male,Backpack,Accessories,3,4300,12900,Faridabad,XL,Olive,Fall,3.3,No,Express,No,No,6,EMI,Annually
2600,63,Male,Jewelry,Accessories,2,4950,9900,Ghaziabad,M,Gold,Winter,3.4,No,Express,No,No,34,UPI,Monthly
2601,21,Male,Belt,Accessories,3,4150,12450,Chandigarh,M,Gray,Fall,3.9,No,Express,No,No,32,PhonePe,Bi-Weekly
2602,61,Male,Dress,Clothing,2,1650,3300,Ludhiana,L,Orange,Winter,2.9,No,Store Pickup,No,No,8,Google Pay,Monthly
2603,65,Male,Coat,Outerwear,3,2200,6600,Amritsar,M,Black,Fall,2.9,No,Free Shipping,No,No,8,Paytm,Quarterly
2604,69,Male,Dress,Clothing,1,2900,2900,Jammu,M,Teal,Spring,2.7,No,2-Day Shipping,No,No,27,Credit Card,Annually
2605,47,Male,Sweater,Clothing,2,2700,5400,Srinagar,M,Beige,Spring,3.4,No,Store Pickup,No,No,32,Debit Card,Weekly
2606,41,Male,Hoodie,Clothing,2,4650,9300,Shimla,M,White,Spring,3.7,No,2-Day Shipping,No,No,4,Cash,Fortnightly
2607,68,Male,Shoes,Footwear,3,4900,14700,Dehradun,L,Turquoise,Spring,4.7,No,Standard,No,No,45,UPI,Bi-Weekly
2608,41,Male,Shoes,Footwear,1,1800,1800,Agra,XL,Teal,Spring,3.1,No,Express,No,No,44,PhonePe,Every 3 Months
2609,42,Male,Jacket,Outerwear,3,3400,10200,Varanasi,L,Orange,Fall,4.2,No,2-Day Shipping,No,No,18,Google Pay,Fortnightly
2610,66,Male,Backpack,Accessories,2,4750,9500,Prayagraj,M,Black,Summer,3,No,Store Pickup,No,No,22,Paytm,Bi-Weekly
2611,66,Male,Jeans,Clothing,3,4650,13950,Gwalior,M,Violet,Spring,3.1,No,Express,No,No,43,Credit Card,Quarterly
2612,33,Male,Jacket,Outerwear,2,4950,9900,Jabalpur,L,Maroon,Fall,4.2,No,2-Day Shipping,No,No,12,Debit Card,Fortnightly
2613,55,Male,Sunglasses,Accessories,3,1100,3300,Raipur,M,Turquoise,Winter,3.8,No,Next Day Air,No,No,3,Net Banking,Quarterly
2614,58,Male,Gloves,Accessories,1,4400,4400,Goa,M,Gold,Fall,2.9,No,Express,No,No,1,Amazon Pay,Monthly
2615,18,Male,Jacket,Outerwear,1,3250,3250,Udaipur,M,Turquoise,Spring,4.2,No,Express,No,No,36,EMI,Fortnightly
2616,49,Male,T-shirt,Clothing,3,3100,9300,Jodhpur,M,Maroon,Fall,3.1,No,2-Day Shipping,No,No,12,Cash,Quarterly
2617,61,Male,Sandals,Footwear,1,2750,2750,Rajkot,XL,Purple,Spring,3.6,No,Express,No,No,49,Debit Card,Annually
2618,31,Male,Shorts,Clothing,2,4850,9700,Vadodara,S,Maroon,Spring,4.8,No,Standard,No,No,14,Debit Card,Annually
2619,70,Male,Handbag,Accessories,1,3850,3850,Siliguri,L,Brown,Fall,4.1,No,Express,No,No,6,Credit Card,Monthly
2620,68,Male,Pants,Clothing,3,2000,6000,Guwahati,L,Indigo,Winter,3.9,No,Free Shipping,No,No,6,Credit Card,Weekly
2621,27,Male,Blouse,Clothing,1,1150,1150,Imphal,S,Lavender,Winter,3,No,Standard,No,No,11,Credit Card,Annually
2622,48,Male,Shoes,Footwear,3,2300,6900,Aizawl,M,Beige,Winter,3,No,Express,No,No,44,Debit Card,Annually
2623,63,Male,Backpack,Accessories,1,3750,3750,Shillong,M,Yellow,Spring,4.9,No,2-Day Shipping,No,No,33,Credit Card,Annually
2624,49,Male,Shoes,Footwear,3,3800,11400,Patna,M,Gold,Fall,4.8,No,Next Day Air,No,No,9,Credit Card,Annually
2625,19,Male,Dress,Clothing,2,2950,5900,Ranchi,M,Indigo,Summer,3.3,No,Standard,No,No,41,Debit Card,Annually
2626,30,Male,Skirt,Clothing,3,2550,7650,Bhubaneswar,L,Cyan,Summer,2.7,No,Standard,No,No,21,Cash,Weekly
2627,50,Male,Jacket,Outerwear,1,2300,2300,Visakhapatnam,XL,Silver,Fall,4.2,No,Express,No,No,41,UPI,Every 3 Months
2628,66,Male,Shirt,Clothing,1,1300,1300,Vijayawada,L,Silver,Fall,3.6,No,Next Day Air,No,No,37,PhonePe,Quarterly
2629,25,Male,Hoodie,Clothing,2,2550,5100,Kochi,M,Silver,Summer,3.8,No,Next Day Air,No,No,37,Google Pay,Bi-Weekly
2630,61,Male,Scarf,Accessories,2,2200,4400,Thiruvananthapuram,M,Peach,Winter,3.8,No,Free Shipping,No,No,43,Paytm,Annually
2631,29,Male,Skirt,Clothing,3,4100,12300,Coimbatore,S,Pink,Spring,4.2,No,Free Shipping,No,No,48,Credit Card,Quarterly
2632,53,Male,Skirt,Clothing,2,2200,4400,Madurai,S,Violet,Summer,2.7,No,Express,No,No,19,Debit Card,Weekly
2633,24,Male,Scarf,Accessories,2,1350,2700,Mysuru,M,Black,Fall,5,No,Next Day Air,No,No,20,Net Banking,Annually
2634,51,Male,Sunglasses,Accessories,2,4500,9000,Mangaluru,M,Purple,Fall,4.7,No,Next Day Air,No,No,47,Amazon Pay,Fortnightly
2635,26,Male,Sandals,Footwear,2,2900,5800,Nashik,S,Black,Summer,3.2,No,Store Pickup,No,No,24,EMI,Every 3 Months
2636,59,Male,Hoodie,Clothing,2,4000,8000,Aurangabad,XL,Peach,Spring,2.9,No,2-Day Shipping,No,No,48,Cash,Fortnightly
2637,41,Male,Jacket,Outerwear,1,2000,2000,Kolhapur,S,Magenta,Winter,4.2,No,Store Pickup,No,No,15,Cash,Annually
2638,20,Male,Pants,Clothing,2,1150,2300,Thane,M,Magenta,Spring,3.7,No,Store Pickup,No,No,39,Debit Card,Annually
2639,22,Male,Shirt,Clothing,2,1700,3400,Navi Mumbai,S,Black,Spring,4.2,No,Store Pickup,No,No,22,Cash,Annually
2640,18,Male,Blouse,Clothing,1,1750,1750,Vasai-Virar,XL,Pink,Winter,2.6,No,Free Shipping,No,No,11,UPI,Quarterly
2641,30,Male,Skirt,Clothing,2,3750,7500,Kalyan-Dombivli,L,Olive,Summer,4,No,Store Pickup,No,No,50,PhonePe,Bi-Weekly
2642,25,Male,Sunglasses,Accessories,1,3000,3000,Noida,XL,Olive,Winter,2.7,No,Next Day Air,No,No,14,Google Pay,Every 3 Months
2643,39,Male,Belt,Accessories,1,4350,4350,Gurugram,L,Peach,Summer,4,No,Store Pickup,No,No,39,Paytm,Annually
2644,49,Male,Gloves,Accessories,1,2050,2050,Faridabad,S,Silver,Spring,2.9,No,Next Day Air,No,No,45,Credit Card,Monthly
2645,25,Male,Pants,Clothing,3,4150,12450,Ghaziabad,M,Turquoise,Spring,3.3,No,Standard,No,No,6,Debit Card,Every 3 Months
2646,23,Male,Scarf,Accessories,2,4050,8100,Chandigarh,L,Olive,Spring,4,No,Store Pickup,No,No,21,Net Banking,Bi-Weekly
2647,33,Male,T-shirt,Clothing,3,2800,8400,Ludhiana,S,Lavender,Summer,3.9,No,Next Day Air,No,No,40,Amazon Pay,Every 3 Months
2648,60,Male,Shoes,Footwear,3,2900,8700,Amritsar,M,Red,Summer,3.3,No,2-Day Shipping,No,No,12,EMI,Annually
2649,51,Male,Pants,Clothing,2,4200,8400,Jammu,M,Gray,Spring,3.9,No,Next Day Air,No,No,49,Credit Card,Bi-Weekly
2650,23,Male,Gloves,Accessories,3,1050,3150,Srinagar,M,Magenta,Fall,3.9,No,Store Pickup,No,No,36,Credit Card,Fortnightly
2651,20,Male,Socks,Clothing,1,1750,1750,Shimla,L,Maroon,Summer,4.2,No,Standard,No,No,20,Bank Transfer,Every 3 Months
2652,51,Male,Sneakers,Footwear,3,2150,6450,Dehradun,M,Cyan,Summer,4.6,No,Store Pickup,No,No,9,Bank Transfer,Quarterly
2653,23,Female,Shorts,Clothing,3,1000,3000,Agra,L,Cyan,Summer,3.3,No,2-Day Shipping,No,No,31,Debit Card,Monthly
2654,67,Female,Blouse,Clothing,2,1800,3600,Varanasi,L,Lavender,Fall,4.8,No,Express,No,No,1,Cash,Every 3 Months
2655,23,Female,Coat,Outerwear,1,3500,3500,Prayagraj,S,Pink,Fall,4.1,No,Next Day Air,No,No,36,Debit Card,Annually
2656,26,Female,Sunglasses,Accessories,3,4150,12450,Gwalior,M,Gray,Summer,3.4,No,Standard,No,No,2,Credit Card,Fortnightly
2657,52,Female,Shorts,Clothing,3,3800,11400,Jabalpur,L,Yellow,Winter,3.6,No,Express,No,No,21,Cash,Fortnightly
2658,52,Female,Dress,Clothing,2,4050,8100,Raipur,M,Pink,Summer,2.7,No,Express,No,No,28,Credit Card,Fortnightly
2659,52,Female,Handbag,Accessories,2,2350,4700,Goa,XL,Indigo,Summer,3.2,No,Next Day Air,No,No,39,Credit Card,Monthly
2660,35,Female,Boots,Footwear,2,1750,3500,Udaipur,L,Gray,Summer,4.4,No,2-Day Shipping,No,No,22,Cash,Fortnightly
2661,24,Female,Pants,Clothing,2,4250,8500,Jodhpur,L,Yellow,Spring,4.9,No,Express,No,No,6,UPI,Annually
2662,43,Female,Boots,Footwear,1,4800,4800,Rajkot,XL,Olive,Fall,4.8,No,Express,No,No,41,PhonePe,Annually
2663,25,Female,Skirt,Clothing,2,4900,9800,Vadodara,M,Cyan,Summer,2.8,No,2-Day Shipping,No,No,32,Google Pay,Fortnightly
2664,46,Female,Sneakers,Footwear,3,2600,7800,Siliguri,L,Silver,Fall,2.9,No,Free Shipping,No,No,33,Paytm,Annually
2665,22,Female,Jewelry,Accessories,1,4200,4200,Guwahati,L,Silver,Winter,3.2,No,Store Pickup,No,No,27,Credit Card,Weekly
2666,70,Female,T-shirt,Clothing,1,3550,3550,Imphal,L,Red,Winter,3.5,No,Store Pickup,No,No,3,Debit Card,Weekly
2667,49,Female,Sandals,Footwear,2,4750,9500,Aizawl,S,Brown,Winter,4.1,No,Store Pickup,No,No,4,Net Banking,Fortnightly
2668,48,Female,Boots,Footwear,2,2350,4700,Shillong,M,Orange,Summer,4.1,No,Free Shipping,No,No,41,Amazon Pay,Fortnightly
2669,59,Female,Coat,Outerwear,3,3750,11250,Mumbai,M,Black,Summer,4.8,No,Next Day Air,No,No,37,EMI,Quarterly
2670,39,Female,Belt,Accessories,3,1400,4200,Pune,L,Teal,Spring,2.8,No,Free Shipping,No,No,48,Credit Card,Weekly
2671,30,Female,Sunglasses,Accessories,3,2200,6600,Delhi,M,Yellow,Fall,4.7,No,Express,No,No,49,Cash,Bi-Weekly
2672,37,Female,Sandals,Footwear,1,3200,3200,Bengaluru,XL,Gray,Winter,4.8,No,2-Day Shipping,No,No,47,UPI,Every 3 Months
2673,56,Female,Boots,Footwear,2,1400,2800,Hyderabad,M,Maroon,Spring,2.9,No,Standard,No,No,8,PhonePe,Annually
2674,67,Female,Hoodie,Clothing,1,1050,1050,Chennai,M,Olive,Summer,2.6,No,2-Day Shipping,No,No,14,Google Pay,Monthly
2675,40,Female,Hat,Accessories,1,2050,2050,Kolkata,S,Charcoal,Fall,3.3,No,Express,No,No,16,Paytm,Every 3 Months
2676,24,Female,Shorts,Clothing,1,1900,1900,Ahmedabad,M,Peach,Winter,3.4,No,Free Shipping,No,No,5,Credit Card,Bi-Weekly
2677,43,Female,Backpack,Accessories,3,3850,11550,Surat,M,Maroon,Spring,3.6,No,Free Shipping,No,No,22,Debit Card,Fortnightly
2678,45,Female,Shorts,Clothing,1,2150,2150,Jaipur,L,Olive,Spring,3.8,No,Next Day Air,No,No,36,Net Banking,Every 3 Months
2679,33,Female,Belt,Accessories,2,4550,9100,Lucknow,M,Magenta,Spring,3.4,No,2-Day Shipping,No,No,17,Amazon Pay,Bi-Weekly
2680,53,Female,Shorts,Clothing,2,3400,6800,Kanpur,S,Yellow,Spring,3.8,No,Express,No,No,28,EMI,Quarterly
2681,44,Female,Socks,Clothing,2,1850,3700,Nagpur,L,Indigo,Fall,3.3,No,Next Day Air,No,No,33,Cash,Annually
2682,23,Female,Shoes,Footwear,2,1150,2300,Indore,L,Olive,Summer,4.8,No,Standard,No,No,7,UPI,Monthly
2683,59,Female,Sneakers,Footwear,1,3250,3250,Bhopal,L,Maroon,Winter,3.9,No,2-Day Shipping,No,No,47,PhonePe,Every 3 Months
2684,68,Female,Backpack,Accessories,2,1500,3000,Patna,M,Indigo,Summer,4.2,No,Next Day Air,No,No,28,Google Pay,Fortnightly
2685,46,Female,Dress,Clothing,3,2250,6750,Ranchi,M,Gray,Summer,4.7,No,Free Shipping,No,No,30,Paytm,Bi-Weekly
2686,56,Female,Boots,Footwear,1,1250,1250,Bhubaneswar,M,Gray,Winter,2.7,No,Express,No,No,40,Credit Card,Quarterly
2687,40,Female,Socks,Clothing,3,3600,10800,Visakhapatnam,M,Black,Winter,3.8,No,2-Day Shipping,No,No,1,Debit Card,Fortnightly
2688,61,Female,Dress,Clothing,1,3750,3750,Vijayawada,M,White,Fall,3.6,No,2-Day Shipping,No,No,33,Net Banking,Bi-Weekly
2689,53,Female,Handbag,Accessories,3,3150,9450,Kochi,XL,Turquoise,Spring,2.9,No,2-Day Shipping,No,No,43,Amazon Pay,Every 3 Months
2690,29,Female,Blouse,Clothing,3,1750,5250,Thiruvananthapuram,M,Orange,Fall,3.9,No,Standard,No,No,10,EMI,Quarterly
2691,44,Female,Belt,Accessories,3,1600,4800,Coimbatore,L,Yellow,Summer,4.7,No,Free Shipping,No,No,27,Cash,Weekly
2692,43,Female,Pants,Clothing,1,1250,1250,Madurai,L,Blue,Winter,3.3,No,2-Day Shipping,No,No,11,Cash,Monthly
2693,40,Female,Sneakers,Footwear,2,4500,9000,Mysuru,XL,Violet,Spring,4.2,No,Free Shipping,No,No,21,UPI,Every 3 Months
2694,55,Female,Boots,Footwear,2,3500,7000,Mangaluru,L,Lavender,Summer,2.6,No,Standard,No,No,41,PhonePe,Quarterly
2695,66,Female,Sunglasses,Accessories,1,1350,1350,Nashik,M,Olive,Spring,4.9,No,Express,No,No,39,Google Pay,Every 3 Months
2696,50,Female,Hat,Accessories,2,4600,9200,Aurangabad,M,Orange,Fall,3.6,No,Standard,No,No,36,Paytm,Bi-Weekly
2697,57,Female,Coat,Outerwear,1,1000,1000,Kolhapur,M,White,Spring,4.7,No,Free Shipping,No,No,13,Credit Card,Monthly
2698,42,Female,Jacket,Outerwear,3,2600,7800,Thane,L,Red,Winter,3.2,No,Standard,No,No,15,Debit Card,Quarterly
2699,55,Female,Hoodie,Clothing,1,2850,2850,Navi Mumbai,M,Magenta,Summer,3.6,No,Store Pickup,No,No,10,Net Banking,Quarterly
2700,25,Female,Boots,Footwear,1,4800,4800,Vasai-Virar,M,Violet,Fall,3.6,No,2-Day Shipping,No,No,30,Amazon Pay,Annually
2701,22,Female,T-shirt,Clothing,1,3400,3400,Kalyan-Dombivli,XL,Olive,Winter,3.2,No,Standard,No,No,13,EMI,Weekly
2702,49,Female,Sweater,Clothing,2,1500,3000,Noida,L,Silver,Summer,2.8,No,Store Pickup,No,No,29,Cash,Fortnightly
2703,70,Female,Shoes,Footwear,2,1850,3700,Gurugram,L,Gray,Fall,4,No,Next Day Air,No,No,31,Cash,Fortnightly
2704,56,Female,Scarf,Accessories,2,2100,4200,Faridabad,XL,Olive,Winter,4.4,No,Free Shipping,No,No,31,UPI,Weekly
2705,52,Female,Dress,Clothing,1,2700,2700,Ghaziabad,L,Beige,Spring,3.4,No,Next Day Air,No,No,44,PhonePe,Weekly
2706,65,Female,Jacket,Outerwear,1,4050,4050,Chandigarh,S,Turquoise,Spring,5,No,Store Pickup,No,No,34,Google Pay,Bi-Weekly
2707,24,Female,Shoes,Footwear,3,2000,6000,Ludhiana,S,Blue,Spring,3.1,No,Express,No,No,14,Paytm,Quarterly
2708,32,Female,Backpack,Accessories,1,4400,4400,Amritsar,M,Pink,Fall,4.2,No,Standard,No,No,3,Credit Card,Weekly
2709,57,Female,Dress,Clothing,1,4700,4700,Jammu,M,Teal,Summer,3.3,No,Store Pickup,No,No,36,Debit Card,Weekly
2710,35,Female,Shirt,Clothing,3,2700,8100,Srinagar,S,Cyan,Winter,2.9,No,Standard,No,No,46,Net Banking,Bi-Weekly
2711,69,Female,Jacket,Outerwear,2,2550,5100,Shimla,L,Purple,Summer,4.7,No,Standard,No,No,21,Amazon Pay,Fortnightly
2712,30,Female,Sunglasses,Accessories,2,1100,2200,Dehradun,L,Red,Spring,4,No,Standard,No,No,10,EMI,Monthly
2713,37,Female,Jacket,Outerwear,3,4750,14250,Agra,L,Brown,Fall,4.6,No,Standard,No,No,21,Debit Card,Quarterly
2714,19,Female,Coat,Outerwear,2,2850,5700,Varanasi,M,Magenta,Fall,3.8,No,2-Day Shipping,No,No,34,Google Pay,Annually
2715,53,Female,Sweater,Clothing,1,2250,2250,Prayagraj,S,Olive,Winter,3.6,No,Store Pickup,No,No,2,Bank Transfer,Bi-Weekly
2716,25,Female,Sneakers,Footwear,1,4600,4600,Gwalior,XL,Pink,Winter,4.1,No,Express,No,No,19,Debit Card,Fortnightly
2717,47,Female,Shoes,Footwear,1,2000,2000,Jabalpur,L,Black,Spring,2.7,No,Store Pickup,No,No,20,Cash,Weekly
2718,18,Female,Sunglasses,Accessories,3,3100,9300,Raipur,XL,Beige,Winter,4.3,No,Free Shipping,No,No,46,UPI,Every 3 Months
2719,22,Female,Shorts,Clothing,1,4500,4500,Goa,M,Peach,Winter,4.9,No,Next Day Air,No,No,16,PhonePe,Bi-Weekly
2720,69,Female,Hoodie,Clothing,1,4100,4100,Udaipur,S,Peach,Fall,4.2,No,Free Shipping,No,No,11,Google Pay,Monthly
2721,55,Female,Scarf,Accessories,2,2600,5200,Jodhpur,M,Peach,Spring,2.8,No,Store Pickup,No,No,12,Paytm,Quarterly
2722,19,Female,Sandals,Footwear,3,3500,10500,Rajkot,S,Teal,Spring,4.9,No,Free Shipping,No,No,48,Credit Card,Fortnightly
2723,23,Female,Hat,Accessories,2,4150,8300,Vadodara,M,Green,Spring,2.8,No,2-Day Shipping,No,No,25,Debit Card,Fortnightly
2724,54,Female,Shoes,Footwear,1,2450,2450,Siliguri,XL,Brown,Summer,2.9,No,Store Pickup,No,No,10,Net Banking,Every 3 Months
2725,52,Female,Sneakers,Footwear,2,4550,9100,Guwahati,M,Brown,Spring,2.5,No,Next Day Air,No,No,35,Amazon Pay,Fortnightly
2726,64,Female,Backpack,Accessories,3,4950,14850,Imphal,S,Violet,Summer,2.7,No,Free Shipping,No,No,25,EMI,Annually
2727,33,Female,Belt,Accessories,2,4600,9200,Aizawl,L,Blue,Winter,3.3,No,Free Shipping,No,No,33,Bank Transfer,Bi-Weekly
2728,40,Female,Shirt,Clothing,1,4350,4350,Shillong,L,Charcoal,Winter,3.7,No,2-Day Shipping,No,No,17,Cash,Fortnightly
2729,26,Female,Skirt,Clothing,3,1400,4200,Mumbai,M,Pink,Winter,4,No,Express,No,No,26,UPI,Weekly
2730,31,Female,Gloves,Accessories,2,3550,7100,Pune,S,Violet,Summer,4.1,No,Free Shipping,No,No,38,PhonePe,Monthly
2731,23,Female,Gloves,Accessories,2,1600,3200,Delhi,M,Teal,Winter,4.1,No,Store Pickup,No,No,6,Google Pay,Annually
2732,52,Female,Handbag,Accessories,1,1650,1650,Bengaluru,M,Red,Summer,2.5,No,2-Day Shipping,No,No,44,Paytm,Quarterly
2733,21,Female,Socks,Clothing,1,3750,3750,Hyderabad,L,Orange,Winter,4.2,No,Store Pickup,No,No,39,Credit Card,Every 3 Months
2734,31,Female,Backpack,Accessories,1,4150,4150,Chennai,M,Magenta,Summer,4.7,No,Express,No,No,23,Debit Card,Annually
2735,63,Female,Jeans,Clothing,2,4650,9300,Kolkata,XL,Yellow,Summer,2.7,No,2-Day Shipping,No,No,26,Net Banking,Bi-Weekly
2736,46,Female,Skirt,Clothing,1,1450,1450,Ahmedabad,M,Yellow,Spring,3,No,Express,No,No,36,Amazon Pay,Bi-Weekly
2737,44,Female,Hoodie,Clothing,1,1250,1250,Surat,M,Pink,Spring,4.8,No,Store Pickup,No,No,38,EMI,Annually
2738,57,Female,Jewelry,Accessories,3,3800,11400,Jaipur,S,Indigo,Spring,4.4,No,Free Shipping,No,No,14,EMI,Every 3 Months
2739,50,Female,Sneakers,Footwear,3,4050,12150,Lucknow,M,Charcoal,Summer,4.3,No,2-Day Shipping,No,No,2,Credit Card,Every 3 Months
2740,33,Female,Shirt,Clothing,3,4000,12000,Kanpur,XL,Blue,Winter,2.5,No,Store Pickup,No,No,8,Credit Card,Every 3 Months
2741,19,Female,Sunglasses,Accessories,1,3500,3500,Nagpur,M,Lavender,Summer,4.9,No,Free Shipping,No,No,39,Cash,Fortnightly
2742,68,Female,Dress,Clothing,3,4050,12150,Indore,L,Yellow,Fall,4.9,No,2-Day Shipping,No,No,44,Cash,Monthly
2743,27,Female,Shoes,Footwear,2,4300,8600,Bhopal,M,Black,Spring,3.9,No,Free Shipping,No,No,31,UPI,Annually
2744,61,Female,Belt,Accessories,1,4700,4700,Patna,S,Beige,Fall,4.1,No,2-Day Shipping,No,No,30,PhonePe,Quarterly
2745,38,Female,Shirt,Clothing,1,3300,3300,Ranchi,M,Silver,Winter,3.3,No,Store Pickup,No,No,9,Google Pay,Monthly
2746,28,Female,Boots,Footwear,2,4900,9800,Bhubaneswar,M,Magenta,Summer,4.1,No,Standard,No,No,3,Paytm,Bi-Weekly
2747,39,Female,Hoodie,Clothing,2,1250,2500,Visakhapatnam,M,Orange,Fall,3.7,No,Standard,No,No,41,Credit Card,Every 3 Months
2748,18,Female,Jeans,Clothing,3,3100,9300,Vijayawada,M,Teal,Winter,3.1,No,Free Shipping,No,No,38,Debit Card,Every 3 Months
2749,24,Female,Jacket,Outerwear,3,4900,14700,Kochi,L,Turquoise,Spring,3,No,Free Shipping,No,No,47,Net Banking,Annually
2750,64,Female,Jacket,Outerwear,2,2650,5300,Thiruvananthapuram,M,Cyan,Spring,3.4,No,Standard,No,No,28,Amazon Pay,Annually
2751,51,Female,Sandals,Footwear,3,3300,9900,Coimbatore,L,Pink,Spring,2.7,No,2-Day Shipping,No,No,43,EMI,Every 3 Months
2752,27,Female,Dress,Clothing,1,2600,2600,Madurai,S,Indigo,Fall,3.1,No,Free Shipping,No,No,5,Cash,Monthly
2753,48,Female,Sweater,Clothing,1,3200,3200,Mysuru,S,Peach,Winter,4,No,Free Shipping,No,No,44,Bank Transfer,Bi-Weekly
2754,69,Female,Gloves,Accessories,1,2950,2950,Mangaluru,M,Beige,Spring,3.6,No,Next Day Air,No,No,45,Debit Card,Quarterly
2755,59,Female,Sunglasses,Accessories,1,3050,3050,Nashik,L,Gold,Summer,3.6,No,Free Shipping,No,No,11,Bank Transfer,Bi-Weekly
2756,59,Female,Belt,Accessories,1,4850,4850,Aurangabad,M,Indigo,Winter,3.3,No,Store Pickup,No,No,21,Bank Transfer,Annually
2757,42,Female,Hat,Accessories,2,1150,2300,Kolhapur,L,Violet,Winter,4.1,No,Free Shipping,No,No,34,Credit Card,Monthly
2758,39,Female,Hat,Accessories,3,4900,14700,Thane,XL,Brown,Fall,4.3,No,Next Day Air,No,No,27,Cash,Monthly
2759,32,Female,Blouse,Clothing,3,4900,14700,Navi Mumbai,M,Purple,Summer,3.2,No,Standard,No,No,30,UPI,Bi-Weekly
2760,68,Female,Shoes,Footwear,1,2950,2950,Vasai-Virar,M,Turquoise,Summer,3.9,No,Free Shipping,No,No,43,PhonePe,Every 3 Months
2761,41,Female,Skirt,Clothing,2,4100,8200,Kalyan-Dombivli,S,Violet,Fall,5,No,Next Day Air,No,No,1,Google Pay,Bi-Weekly
2762,31,Female,Sneakers,Footwear,2,4100,8200,Noida,M,Purple,Fall,3.4,No,Next Day Air,No,No,47,Paytm,Every 3 Months
2763,58,Female,T-shirt,Clothing,1,2050,2050,Gurugram,M,Charcoal,Fall,3.8,No,Store Pickup,No,No,43,Credit Card,Every 3 Months
2764,28,Female,Handbag,Accessories,1,2600,2600,Faridabad,M,Green,Fall,2.9,No,2-Day Shipping,No,No,49,Debit Card,Quarterly
2765,63,Female,Sweater,Clothing,3,2050,6150,Ghaziabad,XL,White,Spring,2.6,No,Next Day Air,No,No,8,Net Banking,Weekly
2766,64,Female,Gloves,Accessories,2,3500,7000,Chandigarh,M,Purple,Summer,4.3,No,2-Day Shipping,No,No,8,Amazon Pay,Quarterly
2767,66,Female,Dress,Clothing,2,4550,9100,Ludhiana,M,Cyan,Winter,2.8,No,Standard,No,No,49,Amazon Pay,Monthly
2768,31,Female,Dress,Clothing,3,4750,14250,Amritsar,M,Green,Spring,4.5,No,Free Shipping,No,No,44,Amazon Pay,Monthly
2769,55,Female,Blouse,Clothing,2,1250,2500,Jammu,M,Beige,Spring,3.8,No,2-Day Shipping,No,No,3,Amazon Pay,Bi-Weekly
2770,32,Female,Shirt,Clothing,1,4450,4450,Srinagar,L,Lavender,Fall,3,No,Standard,No,No,46,Amazon Pay,Weekly
2771,50,Female,Boots,Footwear,2,2200,4400,Shimla,S,Blue,Fall,3.3,No,Express,No,No,10,Bank Transfer,Quarterly
2772,58,Female,Jacket,Outerwear,3,2600,7800,Dehradun,S,Beige,Summer,3.1,No,2-Day Shipping,No,No,1,Cash,Fortnightly
2773,18,Female,Backpack,Accessories,1,4700,4700,Agra,L,Blue,Spring,3.5,No,Store Pickup,No,No,2,Cash,Every 3 Months
2774,39,Female,Pants,Clothing,2,4900,9800,Varanasi,S,Maroon,Spring,4.6,No,Express,No,No,16,UPI,Quarterly
2775,56,Female,Boots,Footwear,2,2000,4000,Prayagraj,L,Yellow,Fall,4.1,No,Standard,No,No,48,PhonePe,Quarterly
2776,37,Female,Socks,Clothing,2,1250,2500,Gwalior,L,Red,Fall,3.6,No,Free Shipping,No,No,30,Google Pay,Weekly
2777,46,Female,Scarf,Accessories,2,3100,6200,Jabalpur,L,Green,Fall,2.9,No,Free Shipping,No,No,15,Paytm,Annually
2778,52,Female,Blouse,Clothing,1,1200,1200,Raipur,M,Magenta,Fall,4.8,No,Standard,No,No,3,Credit Card,Every 3 Months
2779,70,Female,Belt,Accessories,1,2850,2850,Goa,L,Yellow,Spring,3.2,No,Standard,No,No,47,Debit Card,Bi-Weekly
2780,61,Female,Sunglasses,Accessories,3,3300,9900,Udaipur,L,Blue,Winter,4.3,No,Express,No,No,35,Net Banking,Fortnightly
2781,33,Female,Boots,Footwear,2,3500,7000,Jodhpur,M,Charcoal,Winter,4.1,No,Next Day Air,No,No,20,Amazon Pay,Fortnightly
2782,65,Female,Sandals,Footwear,2,1950,3900,Rajkot,M,Blue,Spring,4.6,No,Standard,No,No,29,EMI,Weekly
2783,41,Female,Gloves,Accessories,3,1700,5100,Vadodara,S,Cyan,Spring,3.8,No,Free Shipping,No,No,38,Cash,Annually
2784,19,Female,Skirt,Clothing,3,1900,5700,Siliguri,M,Silver,Spring,4.5,No,Next Day Air,No,No,34,UPI,Quarterly
2785,33,Female,Skirt,Clothing,1,3500,3500,Guwahati,M,Black,Winter,3.1,No,Express,No,No,32,PhonePe,Every 3 Months
2786,53,Female,Blouse,Clothing,2,4000,8000,Imphal,S,Green,Summer,2.9,No,Next Day Air,No,No,15,Google Pay,Monthly
2787,54,Female,Handbag,Accessories,3,2550,7650,Aizawl,M,Violet,Spring,3.8,No,Next Day Air,No,No,41,Paytm,Every 3 Months
2788,36,Female,Boots,Footwear,1,3950,3950,Shillong,XL,Pink,Spring,4.1,No,Next Day Air,No,No,8,Credit Card,Fortnightly
2789,56,Female,Boots,Footwear,2,4600,9200,Nagpur,M,Olive,Summer,3.1,No,Free Shipping,No,No,40,Debit Card,Annually
2790,28,Female,Sweater,Clothing,3,4250,12750,Delhi,L,Orange,Fall,5,No,Express,No,No,17,Net Banking,Bi-Weekly
2791,34,Female,Socks,Clothing,3,3150,9450,Kochi,M,Black,Spring,4.5,No,Free Shipping,No,No,2,Amazon Pay,Annually
2792,43,Female,Gloves,Accessories,3,3000,9000,Surat,M,Yellow,Fall,2.8,No,Express,No,No,38,EMI,Fortnightly
2793,54,Female,Shorts,Clothing,3,2200,6600,Bhopal,L,Violet,Winter,3.2,No,Express,No,No,42,Bank Transfer,Weekly
2794,37,Female,Boots,Footwear,3,2850,8550,Mumbai,M,Silver,Spring,3.1,No,Standard,No,No,32,Google Pay,Bi-Weekly
2795,33,Female,Jacket,Outerwear,3,1200,3600,Noida,M,Gold,Fall,3.3,No,Standard,No,No,35,Cash,Fortnightly
2796,33,Female,Scarf,Accessories,3,1750,5250,Rajkot,M,Magenta,Winter,3.4,No,Store Pickup,No,No,20,EMI,Annually
2797,55,Female,Jacket,Outerwear,3,3650,10950,Hyderabad,M,Red,Winter,3.8,No,Store Pickup,No,No,47,Debit Card,Annually
2798,63,Female,Jewelry,Accessories,2,2100,4200,Kolhapur,M,Green,Winter,3.5,No,Express,No,No,37,Paytm,Every 3 Months
2799,52,Female,Hoodie,Clothing,2,1000,2000,Lucknow,XL,Red,Winter,4.8,No,Store Pickup,No,No,3,Net Banking,Weekly
2800,23,Female,T-shirt,Clothing,1,4450,4450,Vijayawada,L,Pink,Spring,3.9,No,Free Shipping,No,No,28,UPI,Every 3 Months
2801,70,Female,Shirt,Clothing,2,3800,7600,Pune,L,Violet,Fall,3.4,No,Free Shipping,No,No,22,Amazon Pay,Bi-Weekly
2802,64,Female,Shirt,Clothing,1,2800,2800,Amritsar,M,Indigo,Winter,2.6,No,Express,No,No,7,Credit Card,Annually
2803,22,Female,Coat,Outerwear,2,5000,10000,Mysuru,L,Red,Fall,3.1,No,Store Pickup,No,No,34,PhonePe,Fortnightly
2804,46,Female,T-shirt,Clothing,1,2200,2200,Ghaziabad,M,Violet,Winter,3.3,No,Free Shipping,No,No,46,Google Pay,Monthly
2805,65,Female,Hoodie,Clothing,1,3800,3800,Chennai,M,Cyan,Spring,2.8,No,Standard,No,No,8,Cash,Every 3 Months
2806,18,Female,Sunglasses,Accessories,2,4850,9700,Raipur,S,Black,Fall,4.3,No,Standard,No,No,50,EMI,Quarterly
2807,45,Female,Blouse,Clothing,3,1950,5850,Guwahati,L,Purple,Spring,2.7,No,Standard,No,No,11,Debit Card,Annually
2808,56,Female,Hoodie,Clothing,2,5000,10000,Navi Mumbai,M,Charcoal,Spring,4.4,No,2-Day Shipping,No,No,22,Paytm,Fortnightly
2809,49,Female,Skirt,Clothing,2,3100,6200,Ahmedabad,M,Beige,Spring,3.9,No,Free Shipping,No,No,7,Net Banking,Every 3 Months
2810,66,Female,Shorts,Clothing,3,4900,14700,Patna,XL,Teal,Summer,3,No,Standard,No,No,25,UPI,Quarterly
2811,27,Female,Jeans,Clothing,1,1550,1550,Aurangabad,M,Purple,Summer,4,No,Standard,No,No,19,Amazon Pay,Fortnightly
2812,69,Female,Jacket,Outerwear,2,4450,8900,Shimla,M,Blue,Fall,3.7,No,Store Pickup,No,No,38,Credit Card,Quarterly
2813,66,Female,Hoodie,Clothing,3,4550,13650,Jabalpur,XL,Magenta,Fall,3.8,No,Store Pickup,No,No,36,PhonePe,Every 3 Months
2814,45,Female,Shirt,Clothing,1,2500,2500,Coimbatore,S,Maroon,Summer,3.3,No,2-Day Shipping,No,No,29,Credit Card,Quarterly
2815,31,Female,T-shirt,Clothing,2,1600,3200,Vadodara,L,Gold,Winter,3.6,No,Standard,No,No,47,UPI,Monthly
2816,33,Female,Blouse,Clothing,2,3350,6700,Srinagar,L,Black,Fall,3.9,No,Free Shipping,No,No,2,Paytm,Every 3 Months
2817,43,Female,Skirt,Clothing,2,1400,2800,Mangaluru,M,Black,Spring,3.5,No,Free Shipping,No,No,35,Cash,Weekly
2818,25,Female,Backpack,Accessories,3,3250,9750,Indore,XL,Yellow,Winter,3.4,No,Standard,No,No,41,Amazon Pay,Weekly
2819,46,Female,Shorts,Clothing,1,3650,3650,Jaipur,M,Turquoise,Fall,4.7,No,Next Day Air,No,No,32,PhonePe,Annually
2820,67,Female,Shirt,Clothing,3,1350,4050,Vasai-Virar,L,Lavender,Spring,3,No,Free Shipping,No,No,17,Net Banking,Monthly
2821,26,Female,Backpack,Accessories,1,4450,4450,Visakhapatnam,L,Yellow,Summer,3.9,No,Free Shipping,No,No,31,EMI,Bi-Weekly
2822,35,Female,Shoes,Footwear,3,3600,10800,Goa,L,Olive,Summer,4.5,No,Standard,No,No,27,Google Pay,Monthly
2823,61,Female,Skirt,Clothing,1,1850,1850,Faridabad,S,Brown,Fall,4.1,No,Standard,No,No,14,Debit Card,Quarterly
2824,26,Female,Dress,Clothing,1,3150,3150,Ranchi,M,Olive,Summer,4.5,No,Standard,No,No,17,UPI,Bi-Weekly
2825,39,Female,Hat,Accessories,2,4500,9000,Bengaluru,M,Purple,Fall,4,No,Free Shipping,No,No,38,PhonePe,Quarterly
2826,69,Female,Handbag,Accessories,1,3100,3100,Madurai,M,Yellow,Winter,4.3,No,2-Day Shipping,No,No,35,Google Pay,Annually
2827,32,Female,Handbag,Accessories,2,2150,4300,Kalyan-Dombivli,L,Brown,Fall,3.6,No,Express,No,No,40,Paytm,Annually
2828,20,Female,Blouse,Clothing,3,4800,14400,Kanpur,M,Magenta,Fall,3.1,No,Next Day Air,No,No,3,Credit Card,Bi-Weekly
2829,25,Female,Scarf,Accessories,1,4150,4150,Udaipur,L,Lavender,Fall,2.6,No,Standard,No,No,2,Debit Card,Quarterly
2830,56,Female,Jewelry,Accessories,1,3350,3350,Bhubaneswar,XL,Teal,Fall,3.4,No,Next Day Air,No,No,38,Cash,Weekly
2831,63,Female,Skirt,Clothing,2,4500,9000,Kolkata,L,Cyan,Spring,2.9,No,Store Pickup,No,No,39,Net Banking,Every 3 Months
2832,34,Female,Hoodie,Clothing,1,2650,2650,Agra,L,Pink,Winter,5,No,Express,No,No,29,Amazon Pay,Weekly
2833,29,Female,Scarf,Accessories,3,1850,5550,Siliguri,M,Magenta,Summer,4.6,No,Standard,No,No,26,EMI,Quarterly
2834,43,Female,Jeans,Clothing,2,2800,5600,Thiruvananthapuram,M,Teal,Fall,3.3,No,Free Shipping,No,No,2,UPI,Monthly
2835,39,Female,Jacket,Outerwear,2,2150,4300,Nashik,M,Indigo,Fall,2.9,No,2-Day Shipping,No,No,38,PhonePe,Weekly
2836,33,Female,T-shirt,Clothing,1,4200,4200,Ludhiana,S,Pink,Winter,4.9,No,Free Shipping,No,No,21,Google Pay,Annually
2837,51,Female,Pants,Clothing,2,2500,5000,Dehradun,M,Charcoal,Winter,5,No,2-Day Shipping,No,No,19,Paytm,Bi-Weekly
2838,65,Female,Shoes,Footwear,2,4400,8800,Chandigarh,M,Brown,Summer,4.5,No,Express,No,No,20,Credit Card,Weekly
2839,51,Female,Jacket,Outerwear,2,2500,5000,Prayagraj,M,Blue,Fall,3.7,No,Free Shipping,No,No,36,Debit Card,Weekly
2840,70,Female,Scarf,Accessories,1,4000,4000,Shillong,L,Teal,Summer,2.8,No,Store Pickup,No,No,17,Cash,Monthly
2841,40,Female,T-shirt,Clothing,3,2350,7050,Jammu,L,Pink,Spring,3.5,No,Store Pickup,No,No,24,Net Banking,Annually
2842,19,Female,Dress,Clothing,2,1650,3300,Gurugram,XL,Magenta,Winter,3,No,2-Day Shipping,No,No,34,Amazon Pay,Weekly
2843,28,Female,Coat,Outerwear,1,5000,5000,Imphal,L,Green,Fall,4.3,No,Standard,No,No,10,EMI,Quarterly
2844,51,Female,Sweater,Clothing,2,1300,2600,Varanasi,M,White,Summer,3.6,No,Store Pickup,No,No,43,Cash,Weekly
2845,32,Female,Hat,Accessories,3,3950,11850,Jodhpur,M,Indigo,Summer,4.4,No,Standard,No,No,16,Debit Card,Annually
2846,26,Female,Backpack,Accessories,2,3850,7700,Aizawl,L,Lavender,Summer,4.1,No,Express,No,No,2,Debit Card,Every 3 Months
2847,50,Female,Socks,Clothing,2,1800,3600,Thane,XL,Black,Fall,2.8,No,Next Day Air,No,No,47,Credit Card,Bi-Weekly
2848,68,Female,Jewelry,Accessories,3,1050,3150,Mumbai,L,Charcoal,Winter,2.8,No,Free Shipping,No,No,43,Debit Card,Every 3 Months
2849,33,Female,Boots,Footwear,1,3600,3600,Pune,L,Gray,Fall,4.9,No,Store Pickup,No,No,17,Paytm,Quarterly
2850,56,Female,Coat,Outerwear,2,1250,2500,Delhi,M,Gold,Spring,4.1,No,Express,No,No,27,Credit Card,Bi-Weekly
2851,57,Female,Sweater,Clothing,2,3950,7900,Bengaluru,M,Silver,Spring,3,No,Store Pickup,No,No,14,Debit Card,Annually
2852,58,Female,Blouse,Clothing,2,3650,7300,Hyderabad,L,Teal,Summer,3,No,Store Pickup,No,No,44,Cash on Delivery,Monthly
2853,40,Female,Belt,Accessories,3,3550,10650,Chennai,M,Magenta,Spring,3,No,Store Pickup,No,No,34,Net Banking,Weekly
2854,37,Female,Hat,Accessories,1,2400,2400,Kolkata,M,Magenta,Winter,3.2,No,Next Day Air,No,No,18,Amazon Pay,Weekly
2855,36,Female,Sandals,Footwear,1,1400,1400,Ahmedabad,M,Beige,Fall,2.7,No,Store Pickup,No,No,29,EMI,Monthly
2856,29,Female,Boots,Footwear,1,4750,4750,Surat,S,Maroon,Winter,3.8,No,2-Day Shipping,No,No,13,UPI,Quarterly
2857,65,Female,Jacket,Outerwear,1,2400,2400,Jaipur,M,Indigo,Winter,3.5,No,2-Day Shipping,No,No,3,PhonePe,Monthly
2858,44,Female,Dress,Clothing,1,4650,4650,Lucknow,S,Maroon,Spring,3.8,No,Next Day Air,No,No,25,Google Pay,Monthly
2859,34,Female,Jeans,Clothing,3,4350,13050,Kanpur,L,Teal,Summer,3.8,No,2-Day Shipping,No,No,11,Paytm,Monthly
2860,31,Female,Shorts,Clothing,2,1600,3200,Nagpur,L,Yellow,Fall,3.4,No,Express,No,No,23,Credit Card,Annually
2861,28,Female,Shirt,Clothing,2,1900,3800,Indore,M,Gold,Spring,2.9,No,Next Day Air,No,No,49,Debit Card,Weekly
2862,66,Female,Coat,Outerwear,1,2700,2700,Bhopal,M,Teal,Fall,3.4,No,Free Shipping,No,No,17,Cash,Monthly
2863,68,Female,Coat,Outerwear,2,3750,7500,Patna,S,Violet,Summer,4.7,No,Store Pickup,No,No,7,UPI,Every 3 Months
2864,37,Female,T-shirt,Clothing,3,2800,8400,Ranchi,M,Yellow,Fall,3.9,No,2-Day Shipping,No,No,28,PhonePe,Monthly
2865,58,Female,Sweater,Clothing,3,2150,6450,Bhubaneswar,S,Maroon,Fall,3.6,No,Store Pickup,No,No,6,Google Pay,Weekly
2866,28,Female,Skirt,Clothing,2,4850,9700,Visakhapatnam,M,Silver,Fall,3.7,No,Free Shipping,No,No,30,Paytm,Fortnightly
2867,54,Female,Blouse,Clothing,1,3750,3750,Vijayawada,S,Violet,Summer,3.1,No,Free Shipping,No,No,33,Credit Card,Annually
2868,21,Female,Sneakers,Footwear,2,2750,5500,Kochi,L,White,Summer,4.9,No,Next Day Air,No,No,26,Debit Card,Fortnightly
2869,45,Female,Backpack,Accessories,2,2450,4900,Thiruvananthapuram,M,Black,Winter,2.6,No,Next Day Air,No,No,14,Net Banking,Every 3 Months
2870,57,Female,Socks,Clothing,1,2900,2900,Coimbatore,M,White,Summer,4.2,No,Standard,No,No,41,Amazon Pay,Weekly
2871,47,Female,Jewelry,Accessories,3,1700,5100,Madurai,M,Blue,Winter,4.8,No,Free Shipping,No,No,24,EMI,Every 3 Months
2872,46,Female,Shorts,Clothing,3,2150,6450,Mysuru,S,Black,Summer,2.7,No,2-Day Shipping,No,No,1,Cash,Bi-Weekly
2873,63,Female,Jewelry,Accessories,2,2400,4800,Mangaluru,L,Olive,Fall,2.6,No,Next Day Air,No,No,20,Debit Card,Annually
2874,44,Female,Sweater,Clothing,3,2000,6000,Nashik,M,Teal,Spring,2.6,No,Free Shipping,No,No,26,Debit Card,Monthly
2875,36,Female,Shirt,Clothing,1,1450,1450,Aurangabad,L,Silver,Summer,3.1,No,Standard,No,No,27,Credit Card,Annually
2876,24,Female,Pants,Clothing,3,4050,12150,Kolhapur,M,Pink,Fall,2.6,No,Free Shipping,No,No,38,Credit Card,Weekly
2877,65,Female,Hoodie,Clothing,1,4200,4200,Thane,M,Charcoal,Spring,3.4,No,2-Day Shipping,No,No,17,Credit Card,Fortnightly
2878,32,Female,Socks,Clothing,1,2300,2300,Navi Mumbai,M,Silver,Summer,3.6,No,Standard,No,No,40,Debit Card,Monthly
2879,63,Female,Dress,Clothing,1,4300,4300,Vasai-Virar,L,Turquoise,Summer,4.3,No,Next Day Air,No,No,19,Credit Card,Annually
2880,62,Female,Blouse,Clothing,1,2850,2850,Kalyan-Dombivli,XL,Turquoise,Winter,4.9,No,Free Shipping,No,No,42,Credit Card,Annually
2881,19,Female,Skirt,Clothing,1,3050,3050,Noida,L,Beige,Winter,4.8,No,Store Pickup,No,No,28,Debit Card,Quarterly
2882,38,Female,Backpack,Accessories,3,4500,13500,Gurugram,M,Cyan,Winter,4.2,No,Free Shipping,No,No,31,Cash,Annually
2883,59,Female,Blouse,Clothing,1,2550,2550,Faridabad,L,Gold,Winter,2.6,No,Store Pickup,No,No,37,UPI,Bi-Weekly
2884,22,Female,Socks,Clothing,1,2400,2400,Ghaziabad,XL,Silver,Spring,3.2,No,Standard,No,No,9,PhonePe,Weekly
2885,55,Female,Boots,Footwear,3,2500,7500,Chandigarh,M,Purple,Summer,3.4,No,2-Day Shipping,No,No,36,Google Pay,Every 3 Months
2886,29,Female,Backpack,Accessories,3,4100,12300,Ludhiana,M,Yellow,Summer,3.5,No,Next Day Air,No,No,38,Paytm,Bi-Weekly
2887,42,Female,Hat,Accessories,3,1650,4950,Amritsar,L,Blue,Spring,4.2,No,Free Shipping,No,No,35,Credit Card,Weekly
2888,23,Female,Sandals,Footwear,1,1400,1400,Jammu,L,Blue,Winter,2.8,No,Express,No,No,27,Debit Card,Bi-Weekly
2889,70,Female,Hoodie,Clothing,3,2100,6300,Srinagar,L,Green,Spring,5,No,2-Day Shipping,No,No,30,Net Banking,Quarterly
2890,64,Female,Sunglasses,Accessories,2,2150,4300,Shimla,M,Charcoal,Fall,3.3,No,Store Pickup,No,No,30,Amazon Pay,Annually
2891,39,Female,Jeans,Clothing,1,2750,2750,Dehradun,M,Violet,Winter,3.7,No,Free Shipping,No,No,21,EMI,Monthly
2892,47,Female,T-shirt,Clothing,2,3650,7300,Agra,XL,Black,Winter,2.5,No,Free Shipping,No,No,8,Cash,Monthly
2893,22,Female,Dress,Clothing,2,1950,3900,Varanasi,M,Teal,Spring,3.2,No,Standard,No,No,9,Cash,Monthly
2894,69,Female,Belt,Accessories,3,1000,3000,Prayagraj,S,Orange,Spring,3.1,No,Free Shipping,No,No,17,Debit Card,Every 3 Months
2895,35,Female,Jewelry,Accessories,1,1600,1600,Gwalior,S,Brown,Spring,3.5,No,Standard,No,No,2,Cash,Annually
2896,56,Female,Hoodie,Clothing,2,4300,8600,Jabalpur,L,Green,Summer,4.6,No,Standard,No,No,5,UPI,Monthly
2897,30,Female,Blouse,Clothing,3,4550,13650,Raipur,M,Silver,Summer,3.3,No,Free Shipping,No,No,45,PhonePe,Every 3 Months
2898,43,Female,Jacket,Outerwear,1,2950,2950,Goa,L,Violet,Fall,2.5,No,Free Shipping,No,No,41,Google Pay,Fortnightly
2899,23,Female,Sneakers,Footwear,1,1650,1650,Udaipur,XL,Peach,Summer,4.6,No,Express,No,No,46,Paytm,Annually
2900,50,Female,Boots,Footwear,1,3200,3200,Jodhpur,M,Gold,Spring,4.2,No,2-Day Shipping,No,No,44,Credit Card,Fortnightly
2901,41,Female,Blouse,Clothing,1,3350,3350,Rajkot,XL,Violet,Winter,4,No,Standard,No,No,23,Debit Card,Bi-Weekly
2902,41,Female,Blouse,Clothing,2,2150,4300,Vadodara,L,Olive,Winter,2.6,No,Free Shipping,No,No,4,Net Banking,Quarterly
2903,27,Female,Boots,Footwear,1,1600,1600,Siliguri,S,Orange,Spring,4.6,No,Standard,No,No,47,Amazon Pay,Bi-Weekly
2904,38,Female,Scarf,Accessories,3,1950,5850,Guwahati,S,Teal,Spring,3.5,No,2-Day Shipping,No,No,42,EMI,Every 3 Months
2905,41,Female,Sandals,Footwear,2,2050,4100,Imphal,M,Gray,Spring,4,No,2-Day Shipping,No,No,3,Credit Card,Monthly
2906,58,Female,Sunglasses,Accessories,3,2650,7950,Aizawl,L,Black,Winter,4.8,No,Standard,No,No,13,Credit Card,Fortnightly
2907,58,Female,Coat,Outerwear,1,1350,1350,Shillong,M,Indigo,Spring,3.9,No,Standard,No,No,38,Bank Transfer,Annually
2908,19,Female,Sunglasses,Accessories,1,4100,4100,Nagpur,XL,Lavender,Summer,3.7,No,Next Day Air,No,No,38,Bank Transfer,Bi-Weekly
2909,43,Female,Blouse,Clothing,3,4350,13050,Delhi,M,Beige,Winter,3.1,No,Store Pickup,No,No,22,Debit Card,Every 3 Months
2910,27,Female,Backpack,Accessories,3,3900,11700,Kochi,M,Indigo,Winter,3,No,Next Day Air,No,No,47,Cash,Every 3 Months
2911,32,Female,Belt,Accessories,2,1600,3200,Surat,M,Blue,Summer,2.9,No,Store Pickup,No,No,27,Debit Card,Monthly
2912,28,Female,Socks,Clothing,2,1900,3800,Bhopal,XL,Orange,Fall,2.9,No,Next Day Air,No,No,45,Credit Card,Quarterly
2913,48,Female,Shoes,Footwear,1,1850,1850,Mumbai,M,Yellow,Winter,4,No,Standard,No,No,43,Cash,Bi-Weekly
2914,43,Female,Coat,Outerwear,1,4150,4150,Noida,L,Cyan,Winter,3.5,No,Express,No,No,21,Credit Card,Every 3 Months
2915,45,Female,Sweater,Clothing,3,3600,10800,Rajkot,M,Yellow,Fall,3.8,No,Express,No,No,21,Credit Card,Bi-Weekly
2916,26,Female,Shirt,Clothing,3,1500,4500,Hyderabad,M,Cyan,Fall,4.5,No,Express,No,No,45,Cash,Bi-Weekly
2917,62,Female,Shorts,Clothing,1,3300,3300,Kolhapur,M,Green,Winter,2.7,No,Express,No,No,7,UPI,Bi-Weekly
2918,58,Female,Shirt,Clothing,1,2250,2250,Lucknow,XL,White,Winter,2.9,No,Store Pickup,No,No,3,PhonePe,Annually
2919,19,Female,Sunglasses,Accessories,3,3650,10950,Vijayawada,S,Black,Fall,4.9,No,Free Shipping,No,No,10,Google Pay,Weekly
2920,64,Female,Shoes,Footwear,1,3350,3350,Pune,L,Charcoal,Winter,3.8,No,Standard,No,No,10,Paytm,Monthly
2921,33,Female,Sunglasses,Accessories,1,3600,3600,Amritsar,XL,Brown,Spring,4.9,No,Free Shipping,No,No,21,Credit Card,Bi-Weekly
2922,20,Female,Handbag,Accessories,1,1200,1200,Mysuru,M,Cyan,Fall,4.6,No,Standard,No,No,7,Debit Card,Fortnightly
2923,45,Female,Sunglasses,Accessories,3,3400,10200,Ghaziabad,L,Beige,Winter,3.5,No,Express,No,No,40,Net Banking,Quarterly
2924,28,Female,Shirt,Clothing,3,3500,10500,Chennai,M,Magenta,Spring,4.2,No,2-Day Shipping,No,No,49,Amazon Pay,Quarterly
2925,47,Female,Shirt,Clothing,1,3200,3200,Raipur,L,Indigo,Winter,3.7,No,Free Shipping,No,No,24,EMI,Every 3 Months
2926,54,Female,Sweater,Clothing,2,4550,9100,Guwahati,M,Maroon,Spring,2.8,No,Store Pickup,No,No,3,Credit Card,Every 3 Months
2927,64,Female,Handbag,Accessories,2,4100,8200,Navi Mumbai,M,Gray,Winter,4.8,No,2-Day Shipping,No,No,10,Cash,Weekly
2928,45,Female,Shirt,Clothing,2,1200,2400,Ahmedabad,M,Black,Summer,2.7,No,Express,No,No,19,UPI,Bi-Weekly
2929,40,Female,Jewelry,Accessories,1,4000,4000,Patna,L,Yellow,Spring,3.6,No,Store Pickup,No,No,27,PhonePe,Weekly
2930,31,Female,Socks,Clothing,2,2650,5300,Aurangabad,XL,White,Winter,4.5,No,Next Day Air,No,No,44,Google Pay,Fortnightly
2931,38,Female,T-shirt,Clothing,1,2500,2500,Shimla,M,Orange,Spring,4,No,Free Shipping,No,No,35,Paytm,Monthly
2932,36,Female,Jewelry,Accessories,1,1550,1550,Jabalpur,M,Magenta,Fall,4.5,No,2-Day Shipping,No,No,32,Credit Card,Bi-Weekly
2933,65,Female,Backpack,Accessories,2,4400,8800,Coimbatore,L,Black,Spring,3.9,No,Express,No,No,43,Debit Card,Quarterly
2934,27,Female,Hat,Accessories,1,2600,2600,Vadodara,M,Brown,Summer,3.8,No,Standard,No,No,34,Net Banking,Monthly
2935,38,Female,Gloves,Accessories,1,1100,1100,Srinagar,M,Orange,Fall,4.7,No,Next Day Air,No,No,8,Amazon Pay,Quarterly
2936,58,Female,Sneakers,Footwear,3,1350,4050,Mangaluru,XL,Gray,Spring,4.6,No,Standard,No,No,8,EMI,Weekly
2937,31,Female,Skirt,Clothing,1,1700,1700,Indore,M,White,Spring,3.6,No,Express,No,No,47,Cash,Weekly
2938,28,Female,Handbag,Accessories,3,1950,5850,Jaipur,M,White,Spring,4.3,No,2-Day Shipping,No,No,2,UPI,Weekly
2939,28,Female,Sunglasses,Accessories,2,2650,5300,Vasai-Virar,M,Violet,Fall,3,No,Standard,No,No,26,PhonePe,Monthly
2940,32,Female,Sweater,Clothing,2,2300,4600,Visakhapatnam,M,Beige,Winter,4.3,No,Express,No,No,24,Google Pay,Weekly
2941,61,Female,Handbag,Accessories,2,4250,8500,Goa,L,Beige,Summer,4.8,No,Next Day Air,No,No,12,Paytm,Monthly
2942,38,Female,Skirt,Clothing,3,4300,12900,Faridabad,L,Purple,Spring,3.7,No,Free Shipping,No,No,14,Credit Card,Monthly
2943,54,Female,Socks,Clothing,2,3150,6300,Ranchi,M,Brown,Summer,2.6,No,Free Shipping,No,No,4,Debit Card,Weekly
2944,29,Female,Shirt,Clothing,2,2200,4400,Bengaluru,M,Orange,Spring,3.4,No,Standard,No,No,42,Net Banking,Monthly
2945,50,Female,Sneakers,Footwear,2,4750,9500,Madurai,XL,Cyan,Summer,3.9,No,Free Shipping,No,No,22,Amazon Pay,Every 3 Months
2946,32,Female,Belt,Accessories,1,2450,2450,Kalyan-Dombivli,M,Charcoal,Summer,4.8,No,Free Shipping,No,No,33,EMI,Every 3 Months
2947,38,Female,Pants,Clothing,2,3850,7700,Kanpur,L,Purple,Spring,2.8,No,Free Shipping,No,No,3,Cash,Quarterly
2948,52,Female,Jewelry,Accessories,2,3150,6300,Udaipur,L,Peach,Spring,4.4,No,Standard,No,No,3,Cash,Annually
2949,61,Female,Pants,Clothing,3,4150,12450,Bhubaneswar,M,Violet,Winter,3.1,No,Standard,No,No,12,UPI,Bi-Weekly
2950,25,Female,Jewelry,Accessories,1,4650,4650,Kolkata,M,Peach,Spring,3.8,No,Store Pickup,No,No,12,PhonePe,Annually
2951,22,Female,Jeans,Clothing,3,4550,13650,Agra,S,Maroon,Winter,4.1,No,2-Day Shipping,No,No,38,Google Pay,Every 3 Months
2952,47,Female,Scarf,Accessories,2,4950,9900,Siliguri,L,Maroon,Fall,4.6,No,Free Shipping,No,No,18,Paytm,Weekly
2953,50,Female,Belt,Accessories,2,1200,2400,Thiruvananthapuram,M,Peach,Spring,4.9,No,Next Day Air,No,No,29,Credit Card,Monthly
2954,45,Female,Dress,Clothing,3,4100,12300,Nashik,M,Silver,Summer,4.8,No,Next Day Air,No,No,9,Debit Card,Annually
2955,33,Female,T-shirt,Clothing,3,1400,4200,Ludhiana,M,Indigo,Winter,3.9,No,Express,No,No,17,Net Banking,Annually
2956,42,Female,Boots,Footwear,1,3350,3350,Dehradun,M,Silver,Winter,2.6,No,Free Shipping,No,No,46,Amazon Pay,Annually
2957,52,Female,Dress,Clothing,2,4400,8800,Chandigarh,M,Olive,Fall,3.7,No,Standard,No,No,33,EMI,Monthly
2958,69,Female,Jewelry,Accessories,3,3500,10500,Prayagraj,S,Gray,Fall,4.7,No,Standard,No,No,18,Cash,Annually
2959,55,Female,Skirt,Clothing,3,5000,15000,Shillong,M,Black,Summer,4.5,No,Standard,No,No,21,Cash,Monthly
2960,38,Female,Handbag,Accessories,2,1400,2800,Jammu,L,Maroon,Summer,4.7,No,Free Shipping,No,No,26,UPI,Quarterly
2961,57,Female,Coat,Outerwear,2,2400,4800,Gurugram,S,Olive,Spring,3.6,No,Standard,No,No,44,PhonePe,Weekly
2962,33,Female,Hoodie,Clothing,3,2150,6450,Imphal,S,Gold,Fall,2.8,No,Free Shipping,No,No,50,Google Pay,Bi-Weekly
2963,57,Female,Pants,Clothing,2,2000,4000,Varanasi,L,Pink,Fall,4,No,Express,No,No,49,Paytm,Every 3 Months
2964,52,Female,Boots,Footwear,2,4850,9700,Jodhpur,M,Brown,Spring,3.6,No,Free Shipping,No,No,7,Credit Card,Weekly
2965,44,Female,Coat,Outerwear,1,1250,1250,Aizawl,S,White,Fall,3.8,No,2-Day Shipping,No,No,37,Debit Card,Fortnightly
2966,48,Female,Scarf,Accessories,1,2250,2250,Thane,M,Blue,Summer,4.4,No,Standard,No,No,36,Net Banking,Fortnightly
2967,52,Female,Boots,Footwear,2,2450,4900,Mumbai,L,Orange,Fall,2.8,No,Store Pickup,No,No,31,Amazon Pay,Every 3 Months
2968,34,Female,Sneakers,Footwear,2,1800,3600,Pune,L,Silver,Summer,3.4,No,Free Shipping,No,No,17,EMI,Annually
2969,26,Female,Sweater,Clothing,3,2400,7200,Delhi,S,Gray,Fall,4.9,No,Express,No,No,45,Debit Card,Every 3 Months
2970,36,Female,Belt,Accessories,1,3100,3100,Bengaluru,S,Blue,Fall,4.3,No,Next Day Air,No,No,39,Google Pay,Every 3 Months
2971,24,Female,Jewelry,Accessories,1,3700,3700,Hyderabad,M,White,Winter,3.4,No,Free Shipping,No,No,13,Bank Transfer,Bi-Weekly
2972,30,Female,Handbag,Accessories,2,5000,10000,Chennai,L,Yellow,Fall,3.9,No,Next Day Air,No,No,12,Debit Card,Every 3 Months
2973,31,Female,Jacket,Outerwear,1,1950,1950,Kolkata,S,Indigo,Fall,4.2,No,Free Shipping,No,No,43,Cash,Every 3 Months
2974,25,Female,Boots,Footwear,2,3250,6500,Ahmedabad,M,Blue,Summer,2.7,No,Store Pickup,No,No,6,UPI,Fortnightly
2975,57,Female,Sneakers,Footwear,2,4950,9900,Surat,XL,Peach,Summer,4.1,No,Store Pickup,No,No,3,PhonePe,Weekly
2976,61,Female,Scarf,Accessories,2,3400,6800,Jaipur,XL,Lavender,Winter,4.5,No,2-Day Shipping,No,No,3,Google Pay,Every 3 Months
2977,30,Female,Coat,Outerwear,3,4850,14550,Lucknow,M,Silver,Summer,2.8,No,Express,No,No,10,Paytm,Fortnightly
2978,38,Female,Shorts,Clothing,1,2350,2350,Kanpur,L,Gold,Winter,3.4,No,Standard,No,No,4,Credit Card,Annually
2979,53,Female,Shorts,Clothing,2,2800,5600,Nagpur,S,Cyan,Spring,3.9,No,Free Shipping,No,No,2,Debit Card,Fortnightly
2980,31,Female,Jeans,Clothing,3,4550,13650,Indore,L,Olive,Fall,2.6,No,Next Day Air,No,No,7,Net Banking,Weekly
2981,70,Female,Gloves,Accessories,2,4650,9300,Bhopal,L,Teal,Fall,4.4,No,2-Day Shipping,No,No,19,Amazon Pay,Monthly
2982,21,Female,Pants,Clothing,3,1800,5400,Patna,L,Pink,Winter,4.9,No,Standard,No,No,27,EMI,Annually
2983,33,Female,Dress,Clothing,3,2250,6750,Ranchi,M,Orange,Summer,3.6,No,Store Pickup,No,No,46,Bank Transfer,Weekly
2984,60,Female,Pants,Clothing,2,2200,4400,Bhubaneswar,M,Charcoal,Winter,2.8,No,2-Day Shipping,No,No,45,Cash,Quarterly
2985,45,Female,Gloves,Accessories,2,1600,3200,Visakhapatnam,L,Red,Spring,4.3,No,2-Day Shipping,No,No,7,UPI,Bi-Weekly
2986,46,Female,Belt,Accessories,3,1800,5400,Vijayawada,S,Teal,Summer,3,No,Express,No,No,37,PhonePe,Bi-Weekly
2987,62,Female,Belt,Accessories,3,4250,12750,Kochi,S,Silver,Summer,3.3,No,2-Day Shipping,No,No,49,Google Pay,Monthly
2988,63,Female,Skirt,Clothing,3,1800,5400,Thiruvananthapuram,L,Black,Winter,2.5,No,Store Pickup,No,No,10,Paytm,Monthly
2989,69,Female,Socks,Clothing,3,2750,8250,Coimbatore,S,Pink,Spring,5,No,2-Day Shipping,No,No,41,Credit Card,Monthly
2990,46,Female,Belt,Accessories,2,1000,2000,Madurai,XL,Teal,Summer,4.3,No,2-Day Shipping,No,No,33,Debit Card,Weekly
2991,69,Female,Shirt,Clothing,2,4550,9100,Mysuru,M,Teal,Fall,4.2,No,Free Shipping,No,No,7,Net Banking,Monthly
2992,66,Female,Dress,Clothing,1,3550,3550,Mangaluru,L,Green,Summer,3.9,No,Standard,No,No,46,Amazon Pay,Bi-Weekly
2993,41,Female,Socks,Clothing,3,3200,9600,Nashik,M,Charcoal,Spring,3.9,No,Store Pickup,No,No,17,EMI,Weekly
2994,32,Female,Jacket,Outerwear,2,1050,2100,Aurangabad,L,Indigo,Spring,4.2,No,Free Shipping,No,No,13,EMI,Bi-Weekly
2995,69,Female,Sweater,Clothing,3,5000,15000,Kolhapur,S,White,Winter,3.5,No,Store Pickup,No,No,9,Credit Card,Quarterly
2996,29,Female,Jeans,Clothing,1,4800,4800,Thane,M,Orange,Summer,2.5,No,Standard,No,No,43,Credit Card,Bi-Weekly
2997,70,Female,Jewelry,Accessories,2,4550,9100,Navi Mumbai,M,White,Spring,2.9,No,Express,No,No,43,Cash,Every 3 Months
2998,41,Female,Sweater,Clothing,3,2000,6000,Vasai-Virar,S,Yellow,Spring,2.7,No,Next Day Air,No,No,43,Cash,Every 3 Months
2999,31,Female,Hoodie,Clothing,2,2650,5300,Kalyan-Dombivli,M,Red,Summer,4.7,No,Express,No,No,30,UPI,Quarterly
3000,31,Female,Sunglasses,Accessories,3,2400,7200,Noida,S,Charcoal,Winter,3.8,No,Standard,No,No,48,PhonePe,Monthly
3001,57,Female,Sandals,Footwear,3,3500,10500,Gurugram,M,Lavender,Winter,3.7,No,Express,No,No,35,Google Pay,Weekly
3002,29,Female,Coat,Outerwear,3,1450,4350,Faridabad,L,Charcoal,Summer,4.7,No,Express,No,No,47,Paytm,Quarterly
3003,70,Female,Belt,Accessories,2,1450,2900,Ghaziabad,M,Maroon,Fall,3.6,No,Next Day Air,No,No,47,Credit Card,Quarterly
3004,51,Female,Blouse,Clothing,1,2650,2650,Chandigarh,M,Brown,Fall,2.8,No,Express,No,No,18,Debit Card,Every 3 Months
3005,45,Female,Skirt,Clothing,2,3950,7900,Ludhiana,M,Lavender,Winter,3.7,No,Store Pickup,No,No,38,Net Banking,Fortnightly
3006,18,Female,Shorts,Clothing,3,3250,9750,Amritsar,XL,Brown,Spring,3.5,No,Express,No,No,29,Amazon Pay,Weekly
3007,37,Female,Dress,Clothing,3,4950,14850,Jammu,M,Olive,Summer,3.7,No,Store Pickup,No,No,47,EMI,Bi-Weekly
3008,23,Female,Sunglasses,Accessories,3,3000,9000,Srinagar,L,Lavender,Winter,3,No,Next Day Air,No,No,35,Cash,Weekly
3009,39,Female,Shoes,Footwear,3,4300,12900,Shimla,M,Gold,Winter,4.9,No,Free Shipping,No,No,28,Bank Transfer,Weekly
3010,62,Female,Belt,Accessories,3,3650,10950,Dehradun,M,Silver,Winter,4.6,No,Free Shipping,No,No,36,Debit Card,Fortnightly
3011,70,Female,Belt,Accessories,2,2250,4500,Agra,M,Violet,Winter,3.3,No,Free Shipping,No,No,4,Bank Transfer,Annually
3012,20,Female,Belt,Accessories,2,3500,7000,Varanasi,S,Brown,Summer,3,No,Next Day Air,No,No,4,Bank Transfer,Every 3 Months
3013,42,Female,Belt,Accessories,3,3250,9750,Prayagraj,M,Teal,Fall,3.5,No,Standard,No,No,28,Credit Card,Annually
3014,41,Female,Skirt,Clothing,2,2750,5500,Gwalior,L,Peach,Summer,4.2,No,Store Pickup,No,No,24,Cash,Monthly
3015,24,Female,T-shirt,Clothing,3,3250,9750,Jabalpur,M,Maroon,Spring,4.5,No,Express,No,No,23,UPI,Every 3 Months
3016,37,Female,Scarf,Accessories,3,1050,3150,Raipur,XL,Lavender,Spring,2.8,No,Express,No,No,47,PhonePe,Bi-Weekly
3017,30,Female,Blouse,Clothing,2,1300,2600,Goa,L,Lavender,Summer,4.9,No,Store Pickup,No,No,20,Google Pay,Quarterly
3018,58,Female,Sunglasses,Accessories,1,3550,3550,Udaipur,S,Purple,Summer,3.3,No,Next Day Air,No,No,7,Paytm,Bi-Weekly
3019,43,Female,Boots,Footwear,3,2050,6150,Jodhpur,M,Green,Summer,3,No,Free Shipping,No,No,47,Credit Card,Bi-Weekly
3020,19,Female,Jacket,Outerwear,3,2200,6600,Rajkot,M,Yellow,Winter,3.9,No,2-Day Shipping,No,No,30,Debit Card,Annually
3021,23,Female,Jeans,Clothing,1,4050,4050,Vadodara,S,Charcoal,Fall,2.8,No,Store Pickup,No,No,7,Net Banking,Every 3 Months
3022,65,Female,Sunglasses,Accessories,1,3850,3850,Siliguri,S,Blue,Summer,4.5,No,2-Day Shipping,No,No,5,Amazon Pay,Quarterly
3023,58,Female,Sandals,Footwear,3,1300,3900,Guwahati,M,Lavender,Fall,4,No,Free Shipping,No,No,20,Amazon Pay,Weekly
3024,50,Female,Backpack,Accessories,3,1550,4650,Imphal,M,Brown,Summer,2.9,No,Express,No,No,21,Amazon Pay,Quarterly
3025,67,Female,Blouse,Clothing,1,4100,4100,Aizawl,S,White,Spring,4,No,Free Shipping,No,No,45,Amazon Pay,Every 3 Months
3026,40,Female,Shoes,Footwear,2,3000,6000,Shillong,XL,Green,Summer,3.4,No,Store Pickup,No,No,29,Amazon Pay,Monthly
3027,55,Female,Shirt,Clothing,3,3500,10500,Mumbai,L,Magenta,Fall,2.5,No,Free Shipping,No,No,30,Bank Transfer,Annually
3028,52,Female,Hoodie,Clothing,1,1300,1300,Pune,XL,Peach,Winter,2.8,No,2-Day Shipping,No,No,29,Cash,Quarterly
3029,62,Female,Dress,Clothing,1,5000,5000,Delhi,L,Charcoal,Summer,3,No,Free Shipping,No,No,44,Cash,Every 3 Months
3030,64,Female,Dress,Clothing,1,4100,4100,Bengaluru,M,Gold,Summer,3.1,No,Free Shipping,No,No,44,UPI,Quarterly
3031,43,Female,Sneakers,Footwear,3,1200,3600,Hyderabad,XL,Purple,Spring,2.6,No,2-Day Shipping,No,No,41,PhonePe,Weekly
3032,61,Female,Blouse,Clothing,1,3700,3700,Chennai,L,Teal,Summer,4.9,No,2-Day Shipping,No,No,24,Google Pay,Monthly
3033,26,Female,Backpack,Accessories,2,2900,5800,Kolkata,XL,Green,Summer,3.5,No,Next Day Air,No,No,31,Paytm,Quarterly
3034,22,Female,Sweater,Clothing,1,2800,2800,Ahmedabad,L,Orange,Spring,2.6,No,Store Pickup,No,No,29,Credit Card,Weekly
3035,51,Female,Boots,Footwear,2,1850,3700,Surat,L,Peach,Spring,3.5,No,2-Day Shipping,No,No,27,Debit Card,Quarterly
3036,69,Female,Handbag,Accessories,1,3200,3200,Jaipur,M,Gold,Spring,4.5,No,Free Shipping,No,No,48,Net Banking,Bi-Weekly
3037,50,Female,Hoodie,Clothing,3,2900,8700,Lucknow,S,Violet,Spring,4.3,No,Next Day Air,No,No,4,Amazon Pay,Fortnightly
3038,51,Female,Belt,Accessories,1,2200,2200,Kanpur,L,Charcoal,Summer,4.8,No,Next Day Air,No,No,29,EMI,Annually
3039,56,Female,Jewelry,Accessories,3,1950,5850,Nagpur,M,Brown,Summer,4.2,No,Free Shipping,No,No,8,Cash,Annually
3040,59,Female,Blouse,Clothing,3,2400,7200,Indore,L,Blue,Spring,3.2,No,Next Day Air,No,No,13,UPI,Bi-Weekly
3041,18,Female,Handbag,Accessories,2,1600,3200,Bhopal,M,Gold,Fall,4.1,No,Express,No,No,37,PhonePe,Fortnightly
3042,48,Female,Handbag,Accessories,3,3950,11850,Patna,M,Orange,Winter,4,No,Express,No,No,26,Google Pay,Monthly
3043,53,Female,Coat,Outerwear,2,1350,2700,Ranchi,L,Turquoise,Winter,2.9,No,Next Day Air,No,No,8,Paytm,Every 3 Months
3044,45,Female,Belt,Accessories,2,4900,9800,Bhubaneswar,S,Peach,Fall,2.6,No,Store Pickup,No,No,47,Credit Card,Monthly
3045,21,Female,Boots,Footwear,1,3350,3350,Visakhapatnam,M,Magenta,Winter,2.7,No,Free Shipping,No,No,7,Debit Card,Quarterly
3046,42,Female,Socks,Clothing,2,1850,3700,Vijayawada,L,Black,Winter,4.6,No,2-Day Shipping,No,No,27,Net Banking,Bi-Weekly
3047,60,Female,Shoes,Footwear,1,2450,2450,Kochi,M,White,Spring,3.2,No,Store Pickup,No,No,33,Amazon Pay,Every 3 Months
3048,21,Female,Sneakers,Footwear,1,3700,3700,Thiruvananthapuram,M,Violet,Fall,4.1,No,2-Day Shipping,No,No,14,EMI,Bi-Weekly
3049,69,Female,Jewelry,Accessories,1,4650,4650,Coimbatore,M,Olive,Summer,3.9,No,Standard,No,No,35,Bank Transfer,Fortnightly
3050,40,Female,Handbag,Accessories,1,3000,3000,Madurai,L,Red,Summer,3,No,Next Day Air,No,No,37,Google Pay,Bi-Weekly
3051,31,Female,Coat,Outerwear,2,3800,7600,Mysuru,S,Green,Spring,3.6,No,Standard,No,No,30,Cash,Every 3 Months
3052,44,Female,Sunglasses,Accessories,3,3200,9600,Mangaluru,L,Gold,Summer,4.6,No,Express,No,No,42,EMI,Every 3 Months
3053,48,Female,Shoes,Footwear,2,1900,3800,Nashik,XL,Olive,Spring,4.5,No,Store Pickup,No,No,37,Debit Card,Fortnightly
3054,32,Female,Shoes,Footwear,3,4550,13650,Aurangabad,L,Brown,Winter,3.2,No,Next Day Air,No,No,39,Paytm,Monthly
3055,42,Female,Boots,Footwear,1,3500,3500,Kolhapur,S,Magenta,Summer,4.9,No,2-Day Shipping,No,No,39,Net Banking,Monthly
3056,27,Female,Sandals,Footwear,1,1100,1100,Thane,M,Violet,Fall,5,No,Standard,No,No,7,UPI,Bi-Weekly
3057,69,Female,Gloves,Accessories,1,2950,2950,Navi Mumbai,M,Beige,Spring,3.8,No,Standard,No,No,47,Amazon Pay,Bi-Weekly
3058,67,Female,Backpack,Accessories,2,1100,2200,Vasai-Virar,M,Blue,Spring,3.4,No,Next Day Air,No,No,7,Credit Card,Weekly
3059,41,Female,Handbag,Accessories,2,3700,7400,Kalyan-Dombivli,S,Orange,Winter,3.8,No,Store Pickup,No,No,23,PhonePe,Fortnightly
3060,46,Female,Sweater,Clothing,2,3550,7100,Noida,L,Maroon,Spring,3.2,No,Express,No,No,18,Google Pay,Quarterly
3061,47,Female,Coat,Outerwear,3,4000,12000,Gurugram,S,Charcoal,Summer,4.7,No,Store Pickup,No,No,7,Cash,Monthly
3062,33,Female,T-shirt,Clothing,2,2950,5900,Faridabad,L,Olive,Fall,4.5,No,Express,No,No,15,EMI,Every 3 Months
3063,51,Female,Backpack,Accessories,3,4800,14400,Ghaziabad,L,Green,Fall,3.3,No,Standard,No,No,29,Debit Card,Monthly
3064,26,Female,Sunglasses,Accessories,1,2150,2150,Chandigarh,L,Brown,Winter,3.9,No,Store Pickup,No,No,47,Paytm,Fortnightly
3065,22,Female,Belt,Accessories,1,3800,3800,Ludhiana,S,Cyan,Winter,3.6,No,Express,No,No,27,Net Banking,Quarterly
3066,49,Female,Jacket,Outerwear,1,2950,2950,Amritsar,M,Beige,Fall,2.8,No,Store Pickup,No,No,49,UPI,Bi-Weekly
3067,58,Female,Skirt,Clothing,2,2400,4800,Jammu,L,Teal,Summer,4.3,No,Free Shipping,No,No,23,Amazon Pay,Every 3 Months
3068,70,Female,Belt,Accessories,2,1100,2200,Srinagar,S,Gray,Spring,3.5,No,Free Shipping,No,No,2,Credit Card,Weekly
3069,32,Female,Boots,Footwear,2,2000,4000,Shimla,M,Indigo,Winter,4.2,No,Express,No,No,26,PhonePe,Weekly
3070,62,Female,Jeans,Clothing,3,3650,10950,Dehradun,L,Magenta,Spring,4.6,No,Express,No,No,12,Credit Card,Quarterly
3071,52,Female,Shoes,Footwear,2,1300,2600,Agra,XL,Red,Fall,2.6,No,Free Shipping,No,No,31,UPI,Bi-Weekly
3072,23,Female,Sweater,Clothing,2,2050,4100,Varanasi,L,Turquoise,Spring,3.4,No,Next Day Air,No,No,8,Paytm,Monthly
3073,26,Female,Jewelry,Accessories,3,4900,14700,Prayagraj,L,Peach,Spring,3.1,No,Standard,No,No,6,Cash,Quarterly
3074,58,Female,Shirt,Clothing,2,3150,6300,Gwalior,L,White,Winter,3.6,No,Free Shipping,No,No,33,Amazon Pay,Bi-Weekly
3075,26,Female,Boots,Footwear,1,2750,2750,Jabalpur,L,Maroon,Winter,4.2,No,Next Day Air,No,No,20,PhonePe,Fortnightly
3076,54,Female,Shorts,Clothing,2,4500,9000,Raipur,XL,Beige,Winter,3.6,No,Standard,No,No,18,Net Banking,Every 3 Months
3077,66,Female,Handbag,Accessories,2,2300,4600,Goa,M,Blue,Summer,3.6,No,Express,No,No,33,EMI,Bi-Weekly
3078,60,Female,Sweater,Clothing,3,4400,13200,Udaipur,S,Red,Spring,3,No,Store Pickup,No,No,14,Google Pay,Bi-Weekly
3079,32,Female,Belt,Accessories,2,4750,9500,Jodhpur,M,Blue,Spring,2.5,No,2-Day Shipping,No,No,18,Debit Card,Bi-Weekly
3080,48,Female,Belt,Accessories,2,1550,3100,Rajkot,M,Maroon,Fall,4,No,Store Pickup,No,No,2,Bank Transfer,Annually
3081,69,Female,Hoodie,Clothing,2,2100,4200,Vadodara,L,Yellow,Spring,4.1,No,Next Day Air,No,No,41,Cash,Bi-Weekly
3082,64,Female,Sneakers,Footwear,1,2200,2200,Siliguri,L,Pink,Winter,4.9,No,Next Day Air,No,No,31,Credit Card,Weekly
3083,56,Female,T-shirt,Clothing,2,4950,9900,Guwahati,M,Maroon,Spring,4,No,Next Day Air,No,No,27,Bank Transfer,Annually
3084,22,Female,Pants,Clothing,2,1000,2000,Imphal,S,Purple,Summer,3.5,No,Store Pickup,No,No,26,UPI,Quarterly
3085,46,Female,Scarf,Accessories,1,1850,1850,Aizawl,S,Indigo,Spring,3.2,No,Store Pickup,No,No,35,PhonePe,Monthly
3086,24,Female,Sweater,Clothing,2,2500,5000,Shillong,L,Gray,Winter,2.8,No,Store Pickup,No,No,1,Google Pay,Every 3 Months
3087,47,Female,Handbag,Accessories,1,3650,3650,Mumbai,M,Lavender,Summer,3.5,No,Next Day Air,No,No,19,Paytm,Every 3 Months
3088,62,Female,Shirt,Clothing,3,4200,12600,Pune,M,Charcoal,Spring,3.1,No,Free Shipping,No,No,39,Credit Card,Monthly
3089,34,Female,Dress,Clothing,1,3200,3200,Delhi,M,Teal,Spring,3.3,No,Store Pickup,No,No,43,Debit Card,Quarterly
3090,50,Female,Sandals,Footwear,3,1050,3150,Bengaluru,L,Blue,Fall,4.6,No,Free Shipping,No,No,7,Cash,Bi-Weekly
3091,29,Female,Shirt,Clothing,1,1800,1800,Hyderabad,M,Peach,Summer,4.9,No,Store Pickup,No,No,34,Net Banking,Quarterly
3092,68,Female,Dress,Clothing,2,4050,8100,Chennai,L,Orange,Winter,3.4,No,2-Day Shipping,No,No,22,Amazon Pay,Annually
3093,52,Female,Sunglasses,Accessories,3,2700,8100,Kolkata,L,Silver,Fall,3.5,No,Next Day Air,No,No,3,EMI,Bi-Weekly
3094,29,Female,Socks,Clothing,2,3150,6300,Ahmedabad,L,Red,Summer,4.8,No,Store Pickup,No,No,17,UPI,Every 3 Months
3095,22,Female,Sandals,Footwear,1,2950,2950,Surat,M,Gray,Summer,2.7,No,Store Pickup,No,No,5,PhonePe,Weekly
3096,62,Female,Hat,Accessories,1,2650,2650,Jaipur,S,Beige,Fall,3.4,No,Standard,No,No,7,Google Pay,Fortnightly
3097,69,Female,Shirt,Clothing,2,3150,6300,Lucknow,L,White,Winter,3.5,No,Next Day Air,No,No,21,Paytm,Monthly
3098,48,Female,Shoes,Footwear,1,1650,1650,Kanpur,M,Silver,Fall,3.7,No,Free Shipping,No,No,8,Credit Card,Quarterly
3099,66,Female,Pants,Clothing,2,3200,6400,Nagpur,L,Cyan,Summer,3.3,No,Next Day Air,No,No,18,Debit Card,Quarterly
3100,42,Female,Shirt,Clothing,1,4900,4900,Indore,S,Maroon,Fall,2.9,No,Free Shipping,No,No,43,Cash,Bi-Weekly
3101,50,Female,Hat,Accessories,2,4250,8500,Bhopal,L,Purple,Winter,3.9,No,Express,No,No,1,Net Banking,Weekly
3102,32,Female,Jewelry,Accessories,2,4100,8200,Patna,S,Brown,Summer,2.7,No,Express,No,No,17,Amazon Pay,Fortnightly
3103,51,Female,Jacket,Outerwear,3,4250,12750,Ranchi,M,Green,Summer,4.3,No,Standard,No,No,20,EMI,Bi-Weekly
3104,27,Female,Shirt,Clothing,2,1850,3700,Bhubaneswar,S,Peach,Winter,3,No,2-Day Shipping,No,No,45,Cash,Weekly
3105,43,Female,Pants,Clothing,6,2800,16800,Visakhapatnam,S,Turquoise,Summer,5,No,2-Day Shipping,No,No,11,Debit Card,Fortnightly
3106,48,Female,Skirt,Clothing,1,1650,1650,Vijayawada,M,Olive,Fall,2.7,No,Express,No,No,39,Debit Card,Monthly
3107,62,Female,Sandals,Footwear,2,2850,5700,Kochi,M,Yellow,Winter,4.7,No,Next Day Air,No,No,33,Credit Card,Annually
3108,65,Female,Blouse,Clothing,3,1550,4650,Thiruvananthapuram,L,Gray,Winter,4.6,No,Standard,No,No,9,Debit Card,Bi-Weekly
3109,50,Female,Socks,Clothing,3,3450,10350,Coimbatore,M,Purple,Fall,3.2,No,2-Day Shipping,No,No,17,Paytm,Monthly
3110,60,Female,Jacket,Outerwear,3,4600,13800,Madurai,M,Gray,Winter,4.3,No,Free Shipping,No,No,31,Credit Card,Fortnightly
3111,19,Female,Handbag,Accessories,1,2300,2300,Mysuru,L,Lavender,Fall,4.6,No,Next Day Air,No,No,1,Debit Card,Bi-Weekly
3112,21,Female,Belt,Accessories,5,4050,20250,Mangaluru,XL,Indigo,Spring,4.9,No,Free Shipping,No,No,19,Cash on Delivery,Quarterly
3113,19,Female,Blouse,Clothing,2,4850,9700,Nashik,S,Green,Fall,3.8,No,Express,No,No,30,Net Banking,Annually
3114,46,Female,Shirt,Clothing,2,4650,9300,Aurangabad,L,Green,Summer,2.6,No,Express,No,No,1,Amazon Pay,Weekly
3115,21,Female,Handbag,Accessories,3,2800,8400,Kolhapur,M,Olive,Spring,4.7,No,Store Pickup,No,No,16,EMI,Bi-Weekly
3116,26,Female,Scarf,Accessories,3,2650,7950,Thane,M,Charcoal,Fall,4.1,No,Free Shipping,No,No,15,UPI,Bi-Weekly
3117,50,Female,Coat,Outerwear,4,3300,13200,Navi Mumbai,L,Gray,Spring,3.7,No,Store Pickup,No,No,40,PhonePe,Weekly
3118,43,Female,Hoodie,Clothing,2,2500,5000,Vasai-Virar,M,Olive,Fall,3,No,Free Shipping,No,No,12,Google Pay,Bi-Weekly
3119,61,Female,Shorts,Clothing,2,4850,9700,Kalyan-Dombivli,L,Blue,Summer,4.7,No,Standard,No,No,16,Paytm,Quarterly
3120,63,Female,Sandals,Footwear,2,3950,7900,Noida,XL,Silver,Winter,4.7,No,2-Day Shipping,No,No,29,Credit Card,Every 3 Months
3121,46,Female,Shirt,Clothing,2,3800,7600,Gurugram,M,Magenta,Fall,4,No,Store Pickup,No,No,43,Debit Card,Fortnightly
3122,63,Female,Hoodie,Clothing,1,1900,1900,Faridabad,L,Black,Fall,2.6,No,Standard,No,No,32,Cash,Weekly
3123,23,Female,Socks,Clothing,1,2250,2250,Ghaziabad,M,Pink,Fall,3,No,Express,No,No,48,UPI,Fortnightly
3124,57,Female,Handbag,Accessories,2,3850,7700,Chandigarh,XL,Red,Fall,3.3,No,Next Day Air,No,No,20,PhonePe,Bi-Weekly
3125,57,Female,Jewelry,Accessories,3,2550,7650,Ludhiana,M,Peach,Summer,3.4,No,Standard,No,No,20,Google Pay,Every 3 Months
3126,33,Female,Coat,Outerwear,1,1300,1300,Amritsar,L,Lavender,Spring,4,No,Standard,No,No,50,Paytm,Quarterly
3127,57,Female,Sunglasses,Accessories,2,3800,7600,Jammu,L,Lavender,Winter,2.6,No,Store Pickup,No,No,22,Credit Card,Bi-Weekly
3128,55,Female,Gloves,Accessories,2,4700,9400,Srinagar,M,Beige,Winter,3.4,No,Free Shipping,No,No,24,Debit Card,Every 3 Months
3129,65,Female,Jacket,Outerwear,2,1600,3200,Shimla,S,Indigo,Fall,4.4,No,Standard,No,No,1,Net Banking,Annually
3130,60,Female,Sandals,Footwear,2,1000,2000,Dehradun,S,Cyan,Summer,4.7,No,Express,No,No,2,Amazon Pay,Every 3 Months
3131,52,Female,Pants,Clothing,2,1000,2000,Agra,M,Yellow,Summer,4.5,No,Store Pickup,No,No,37,EMI,Every 3 Months
3132,34,Female,Jacket,Outerwear,2,2950,5900,Varanasi,M,Peach,Fall,2.9,No,Store Pickup,No,No,35,Cash,Every 3 Months
3133,33,Female,Sweater,Clothing,2,4850,9700,Prayagraj,M,Yellow,Summer,4.2,No,Express,No,No,5,Debit Card,Quarterly
3134,58,Female,T-shirt,Clothing,2,3400,6800,Gwalior,M,Orange,Spring,4.1,No,Next Day Air,No,No,39,Debit Card,Bi-Weekly
3135,35,Female,Boots,Footwear,1,3300,3300,Jabalpur,L,Gray,Spring,4.4,No,Store Pickup,No,No,29,Credit Card,Weekly
3136,68,Female,Shoes,Footwear,2,4250,8500,Raipur,L,Yellow,Spring,4.7,No,Free Shipping,No,No,10,Credit Card,Fortnightly
3137,58,Female,Skirt,Clothing,1,1600,1600,Goa,M,Gray,Fall,3.1,No,Next Day Air,No,No,26,Credit Card,Bi-Weekly
3138,34,Female,Coat,Outerwear,3,2200,6600,Udaipur,M,Turquoise,Spring,2.7,No,2-Day Shipping,No,No,13,Debit Card,Monthly
3139,47,Female,Blouse,Clothing,2,4750,9500,Jodhpur,L,Gray,Fall,4.6,No,Next Day Air,No,No,38,Credit Card,Every 3 Months
3140,35,Female,Sunglasses,Accessories,1,4250,4250,Rajkot,M,Olive,Winter,4.4,No,Next Day Air,No,No,11,Credit Card,Weekly
3141,34,Female,Gloves,Accessories,3,2200,6600,Vadodara,XL,Peach,Summer,4.6,No,Free Shipping,No,No,25,Debit Card,Weekly
3142,36,Female,Sunglasses,Accessories,1,1500,1500,Siliguri,S,Peach,Winter,4.9,No,Express,No,No,36,Cash,Bi-Weekly
3143,23,Female,Sneakers,Footwear,2,1050,2100,Guwahati,L,Magenta,Winter,4,No,2-Day Shipping,No,No,45,UPI,Quarterly
3144,68,Female,Hoodie,Clothing,1,1100,1100,Imphal,M,Purple,Summer,2.9,No,Store Pickup,No,No,24,PhonePe,Quarterly
3145,23,Female,Boots,Footwear,2,3500,7000,Aizawl,L,Beige,Spring,2.6,No,Free Shipping,No,No,33,Google Pay,Quarterly
3146,57,Female,Handbag,Accessories,3,1450,4350,Shillong,XL,Purple,Spring,4.6,No,Standard,No,No,32,Paytm,Fortnightly
3147,21,Female,Shirt,Clothing,1,4150,4150,Patna,S,Yellow,Winter,4.9,No,Free Shipping,No,No,41,Credit Card,Annually
3148,45,Female,Sweater,Clothing,2,4950,9900,Ranchi,M,Pink,Winter,4.3,No,Express,No,No,22,Debit Card,Weekly
3149,37,Female,Shorts,Clothing,3,1750,5250,Bhubaneswar,L,Purple,Fall,4.3,No,Free Shipping,No,No,28,Net Banking,Weekly
3150,18,Female,Belt,Accessories,3,2000,6000,Visakhapatnam,M,Lavender,Winter,4.6,No,Free Shipping,No,No,40,Amazon Pay,Annually
3151,55,Female,Blouse,Clothing,3,1250,3750,Vijayawada,M,Peach,Spring,2.6,No,Express,No,No,35,EMI,Bi-Weekly
3152,52,Female,T-shirt,Clothing,3,3200,9600,Kochi,L,Orange,Fall,3.1,No,2-Day Shipping,No,No,18,Cash,Quarterly
3153,49,Female,Belt,Accessories,3,4500,13500,Thiruvananthapuram,M,Red,Fall,3.1,No,Store Pickup,No,No,4,Cash,Monthly
3154,56,Female,Socks,Clothing,1,4400,4400,Coimbatore,L,Red,Fall,3.1,No,Next Day Air,No,No,21,Debit Card,Fortnightly
3155,27,Female,Belt,Accessories,3,2750,8250,Madurai,M,Gold,Winter,4.4,No,Standard,No,No,40,Cash,Quarterly
3156,22,Female,Handbag,Accessories,3,4500,13500,Mysuru,M,Brown,Fall,4.3,No,Free Shipping,No,No,11,UPI,Annually
3157,18,Female,Shirt,Clothing,2,2500,5000,Mangaluru,M,Black,Winter,3.1,No,2-Day Shipping,No,No,16,PhonePe,Monthly
3158,21,Female,Belt,Accessories,2,1700,3400,Nashik,L,Red,Fall,3.1,No,Store Pickup,No,No,37,Google Pay,Fortnightly
3159,30,Female,Jewelry,Accessories,1,3850,3850,Aurangabad,M,Gray,Winter,4.9,No,2-Day Shipping,No,No,30,Paytm,Monthly
3160,62,Female,Hat,Accessories,2,4450,8900,Kolhapur,L,Pink,Winter,2.9,No,Store Pickup,No,No,8,Credit Card,Quarterly
3161,28,Female,Backpack,Accessories,2,4350,8700,Thane,XL,Turquoise,Fall,3.8,No,Next Day Air,No,No,39,Debit Card,Fortnightly
3162,66,Female,Dress,Clothing,2,3850,7700,Navi Mumbai,S,Charcoal,Winter,4.2,No,2-Day Shipping,No,No,10,Net Banking,Monthly
3163,66,Female,Shoes,Footwear,1,4250,4250,Vasai-Virar,L,Blue,Winter,3.9,No,Standard,No,No,42,Amazon Pay,Quarterly
3164,49,Female,Pants,Clothing,2,3300,6600,Kalyan-Dombivli,XL,Turquoise,Summer,2.8,No,Express,No,No,33,EMI,Monthly
3165,40,Female,Dress,Clothing,3,1600,4800,Noida,L,Silver,Winter,2.6,No,Standard,No,No,41,Credit Card,Annually
3166,49,Female,Jacket,Outerwear,3,4600,13800,Gurugram,M,Lavender,Spring,3,No,Store Pickup,No,No,18,Credit Card,Every 3 Months
3167,19,Female,Shirt,Clothing,2,4000,8000,Faridabad,M,Gold,Winter,2.7,No,Next Day Air,No,No,13,Bank Transfer,Fortnightly
3168,24,Female,Dress,Clothing,3,3900,11700,Ghaziabad,M,Blue,Fall,2.8,No,2-Day Shipping,No,No,32,Bank Transfer,Bi-Weekly
3169,31,Female,Jeans,Clothing,1,1200,1200,Chandigarh,M,Orange,Spring,2.9,No,2-Day Shipping,No,No,30,Debit Card,Fortnightly
3170,35,Female,T-shirt,Clothing,2,2950,5900,Ludhiana,M,White,Fall,3.8,No,Free Shipping,No,No,23,Cash,Weekly
3171,65,Female,Sunglasses,Accessories,3,2050,6150,Amritsar,XL,Charcoal,Spring,4.4,No,Express,No,No,5,Debit Card,Fortnightly
3172,68,Female,Jewelry,Accessories,1,1300,1300,Jammu,M,Maroon,Spring,3.1,No,Express,No,No,21,Credit Card,Bi-Weekly
3173,57,Female,Socks,Clothing,1,2600,2600,Srinagar,M,Olive,Fall,3.7,No,Standard,No,No,6,Cash,Bi-Weekly
3174,69,Female,Skirt,Clothing,3,2300,6900,Shimla,L,Teal,Summer,4.9,No,Next Day Air,No,No,31,Credit Card,Fortnightly
3175,45,Female,Pants,Clothing,1,2600,2600,Dehradun,L,Orange,Winter,3.8,No,Store Pickup,No,No,39,Credit Card,Monthly
3176,35,Female,Socks,Clothing,2,2100,4200,Agra,M,Maroon,Fall,3.4,No,Store Pickup,No,No,15,Cash,Every 3 Months
3177,36,Female,Sandals,Footwear,1,1850,1850,Varanasi,XL,Turquoise,Spring,4.6,No,2-Day Shipping,No,No,45,UPI,Monthly
3178,55,Female,Belt,Accessories,3,2600,7800,Prayagraj,L,Beige,Fall,3.2,No,Standard,No,No,30,PhonePe,Monthly
3179,66,Female,Sandals,Footwear,3,1700,5100,Gwalior,L,Beige,Spring,2.7,No,Free Shipping,No,No,16,Google Pay,Annually
3180,57,Female,Shorts,Clothing,3,4400,13200,Jabalpur,M,Olive,Spring,4.3,No,Free Shipping,No,No,3,Paytm,Bi-Weekly
3181,18,Female,Handbag,Accessories,3,4400,13200,Raipur,L,Turquoise,Fall,3.8,No,Standard,No,No,45,Credit Card,Weekly
3182,31,Female,Jacket,Outerwear,2,2550,5100,Goa,M,Charcoal,Summer,4.4,No,Free Shipping,No,No,48,Debit Card,Every 3 Months
3183,50,Female,Sunglasses,Accessories,3,4850,14550,Udaipur,L,Green,Fall,3.6,No,Free Shipping,No,No,44,Net Banking,Annually
3184,50,Female,Sneakers,Footwear,3,2800,8400,Jodhpur,M,Green,Winter,3.5,No,Standard,No,No,39,Amazon Pay,Every 3 Months
3185,61,Female,Sweater,Clothing,1,2650,2650,Rajkot,L,Green,Spring,4.2,No,2-Day Shipping,No,No,5,EMI,Quarterly
3186,52,Female,Skirt,Clothing,2,3550,7100,Vadodara,L,Gold,Fall,4.7,No,Express,No,No,10,Credit Card,Annually
3187,38,Female,Jewelry,Accessories,1,4650,4650,Siliguri,S,Cyan,Winter,4.8,No,Store Pickup,No,No,23,Cash,Annually
3188,67,Female,Blouse,Clothing,1,3600,3600,Guwahati,L,Indigo,Winter,3.2,No,Free Shipping,No,No,40,UPI,Weekly
3189,42,Female,Blouse,Clothing,2,2950,5900,Imphal,M,Lavender,Winter,3.5,No,Standard,No,No,5,PhonePe,Monthly
3190,25,Female,Boots,Footwear,3,4350,13050,Aizawl,M,Beige,Summer,4.2,No,Store Pickup,No,No,14,Google Pay,Bi-Weekly
3191,41,Female,Jeans,Clothing,1,3900,3900,Shillong,S,Purple,Fall,3.4,No,Free Shipping,No,No,36,Paytm,Fortnightly
3192,62,Female,Hoodie,Clothing,2,3400,6800,Mumbai,XL,Maroon,Winter,4.7,No,Store Pickup,No,No,14,Credit Card,Every 3 Months
3193,19,Female,Sweater,Clothing,3,3800,11400,Pune,S,Maroon,Fall,3,No,Free Shipping,No,No,17,Debit Card,Fortnightly
3194,63,Female,Gloves,Accessories,1,4950,4950,Delhi,L,Teal,Winter,4,No,Express,No,No,8,Net Banking,Fortnightly
3195,43,Female,Sneakers,Footwear,3,2600,7800,Bengaluru,L,Gold,Summer,4.6,No,Standard,No,No,40,Amazon Pay,Bi-Weekly
3196,68,Female,Sunglasses,Accessories,2,2900,5800,Hyderabad,S,Red,Spring,4.9,No,Next Day Air,No,No,38,EMI,Quarterly
3197,24,Female,Belt,Accessories,1,2950,2950,Chennai,L,Maroon,Winter,2.8,No,Express,No,No,1,Cash,Fortnightly
3198,27,Female,Sweater,Clothing,2,3550,7100,Kolkata,M,Teal,Spring,3.2,No,Free Shipping,No,No,50,UPI,Every 3 Months
3199,61,Female,Gloves,Accessories,3,4700,14100,Ahmedabad,L,Peach,Winter,2.8,No,Free Shipping,No,No,37,PhonePe,Weekly
3200,59,Female,Handbag,Accessories,3,2000,6000,Surat,XL,Pink,Winter,4.2,No,Express,No,No,25,Google Pay,Monthly
3201,67,Female,Socks,Clothing,1,1200,1200,Jaipur,L,Black,Spring,4.8,No,Free Shipping,No,No,21,Paytm,Monthly
3202,46,Female,Pants,Clothing,2,1900,3800,Lucknow,S,Indigo,Fall,2.8,No,2-Day Shipping,No,No,18,Credit Card,Monthly
3203,65,Female,Scarf,Accessories,2,1850,3700,Kanpur,L,Green,Fall,4.5,No,Standard,No,No,47,Debit Card,Annually
3204,63,Female,Coat,Outerwear,3,1450,4350,Nagpur,L,Teal,Spring,4.1,No,Express,No,No,40,Net Banking,Annually
3205,57,Female,Jacket,Outerwear,2,4600,9200,Indore,XL,Lavender,Fall,4.3,No,Free Shipping,No,No,2,Amazon Pay,Bi-Weekly
3206,40,Female,Hoodie,Clothing,2,1200,2400,Bhopal,XL,Magenta,Fall,4.4,No,2-Day Shipping,No,No,12,EMI,Every 3 Months
3207,36,Female,Boots,Footwear,2,2600,5200,Patna,M,Brown,Winter,3,No,Free Shipping,No,No,42,Cash,Monthly
3208,67,Female,Socks,Clothing,1,1450,1450,Ranchi,XL,Beige,Summer,2.7,No,Next Day Air,No,No,23,Cash,Annually
3209,61,Female,Jewelry,Accessories,2,1500,3000,Bhubaneswar,L,Indigo,Winter,3.3,No,2-Day Shipping,No,No,18,UPI,Weekly
3210,64,Female,Shoes,Footwear,2,1550,3100,Visakhapatnam,L,Peach,Fall,4.3,No,Standard,No,No,17,PhonePe,Annually
3211,30,Female,Socks,Clothing,3,3350,10050,Vijayawada,M,Magenta,Summer,2.9,No,Express,No,No,3,Google Pay,Bi-Weekly
3212,53,Female,Pants,Clothing,2,3250,6500,Kochi,L,Turquoise,Winter,4.9,No,Standard,No,No,16,Paytm,Monthly
3213,27,Female,Sneakers,Footwear,2,1100,2200,Thiruvananthapuram,M,Indigo,Winter,3.6,No,2-Day Shipping,No,No,41,Credit Card,Weekly
3214,27,Female,Sunglasses,Accessories,2,2800,5600,Coimbatore,M,Brown,Winter,3.3,No,Standard,No,No,49,Debit Card,Monthly
3215,53,Female,Skirt,Clothing,3,3900,11700,Madurai,M,Yellow,Spring,3.1,No,Free Shipping,No,No,24,Net Banking,Annually
3216,34,Female,Coat,Outerwear,3,4500,13500,Mysuru,M,Magenta,Summer,2.7,No,Free Shipping,No,No,9,Amazon Pay,Every 3 Months
3217,39,Female,Hoodie,Clothing,1,4250,4250,Mangaluru,S,Olive,Winter,3.4,No,Next Day Air,No,No,44,EMI,Weekly
3218,44,Female,Sunglasses,Accessories,2,2900,5800,Nashik,M,Silver,Fall,3.4,No,Express,No,No,31,Cash,Weekly
3219,37,Female,Skirt,Clothing,1,1700,1700,Aurangabad,M,Teal,Fall,3.9,No,Express,No,No,30,Cash,Monthly
3220,57,Female,Coat,Outerwear,2,2000,4000,Kolhapur,L,White,Summer,,No,2-Day Shipping,No,No,11,UPI,Weekly
3221,38,Female,Handbag,Accessories,1,1450,1450,Thane,M,Blue,Fall,4.1,No,Free Shipping,No,No,36,PhonePe,Monthly
3222,21,Female,T-shirt,Clothing,1,3800,3800,Navi Mumbai,M,Yellow,Winter,3.2,No,Standard,No,No,12,Google Pay,Annually
3223,45,Female,Sunglasses,Accessories,1,4200,4200,Vasai-Virar,S,Maroon,Fall,4.6,No,Store Pickup,No,No,21,Paytm,Quarterly
3224,68,Female,Shirt,Clothing,1,3250,3250,Kalyan-Dombivli,S,Gray,Spring,3.9,No,Standard,No,No,8,Credit Card,Bi-Weekly
3225,37,Female,Hoodie,Clothing,3,4000,12000,Noida,L,Indigo,Winter,2.7,No,Free Shipping,No,No,37,Debit Card,Monthly
3226,53,Female,Blouse,Clothing,2,4900,9800,Gurugram,M,Pink,Fall,3,No,Store Pickup,No,No,9,Net Banking,Weekly
3227,57,Female,Sneakers,Footwear,2,3550,7100,Faridabad,XL,Beige,Spring,3.3,No,Next Day Air,No,No,43,Amazon Pay,Fortnightly
3228,28,Female,Scarf,Accessories,1,3450,3450,Ghaziabad,XL,White,Fall,2.7,No,Free Shipping,No,No,4,EMI,Quarterly
3229,37,Female,Jewelry,Accessories,3,4750,14250,Chandigarh,M,Yellow,Spring,4.6,No,2-Day Shipping,No,No,18,Debit Card,Annually
3230,54,Female,Pants,Clothing,2,3350,6700,Ludhiana,M,Teal,Fall,2.7,No,Express,No,No,4,Google Pay,Monthly
3231,49,Female,Sneakers,Footwear,1,2450,2450,Amritsar,M,Olive,Summer,2.5,No,Next Day Air,No,No,8,Bank Transfer,Annually
3232,62,Female,Shoes,Footwear,2,4850,9700,Jammu,M,Maroon,Winter,4.4,No,Free Shipping,No,No,35,Debit Card,Annually
3233,45,Female,T-shirt,Clothing,3,1700,5100,Srinagar,M,White,Spring,4,No,Next Day Air,No,No,29,Cash,Monthly
3234,45,Female,Belt,Accessories,1,3700,3700,Shimla,M,Lavender,Fall,3.8,No,Express,No,No,20,UPI,Bi-Weekly
3235,49,Female,Jewelry,Accessories,1,4800,4800,Dehradun,M,Black,Winter,2.5,No,2-Day Shipping,No,No,21,PhonePe,Quarterly
3236,27,Female,Belt,Accessories,2,3400,6800,Agra,M,Green,Summer,4,No,Free Shipping,No,No,34,Google Pay,Monthly
3237,63,Female,Belt,Accessories,3,4200,12600,Varanasi,L,Olive,Fall,4.1,No,Next Day Air,No,No,23,Paytm,Monthly
3238,61,Female,T-shirt,Clothing,3,2850,8550,Prayagraj,M,Gray,Summer,2.8,No,Express,No,No,38,Credit Card,Weekly
3239,25,Female,Sneakers,Footwear,3,4200,12600,Gwalior,XL,Teal,Fall,3.4,No,2-Day Shipping,No,No,24,Debit Card,Quarterly
3240,33,Female,Sunglasses,Accessories,3,1600,4800,Jabalpur,M,Charcoal,Fall,2.7,No,2-Day Shipping,No,No,43,Net Banking,Monthly
3241,56,Female,Sandals,Footwear,2,1850,3700,Raipur,M,Violet,Fall,3.8,No,2-Day Shipping,No,No,38,Amazon Pay,Monthly
3242,50,Female,Handbag,Accessories,2,2900,5800,Goa,M,Lavender,Summer,4.4,No,Store Pickup,No,No,38,EMI,Quarterly
3243,45,Female,Socks,Clothing,3,3700,11100,Udaipur,S,Beige,Fall,2.8,No,Express,No,No,36,Bank Transfer,Weekly
3244,45,Female,Hoodie,Clothing,2,4950,9900,Jodhpur,L,Black,Summer,5,No,Store Pickup,No,No,6,Cash,Every 3 Months
3245,65,Female,Sweater,Clothing,3,4050,12150,Rajkot,M,Black,Fall,4.7,No,Express,No,No,26,UPI,Annually
3246,63,Female,Pants,Clothing,3,3800,11400,Vadodara,M,Purple,Fall,3.2,No,Next Day Air,No,No,28,PhonePe,Weekly
3247,70,Female,Sneakers,Footwear,3,4900,14700,Siliguri,M,Magenta,Summer,2.9,No,Store Pickup,No,No,23,Google Pay,Monthly
3248,53,Female,Gloves,Accessories,1,4550,4550,Guwahati,M,Teal,Summer,3.7,No,Express,No,No,38,Paytm,Fortnightly
3249,22,Female,T-shirt,Clothing,1,3950,3950,Imphal,S,Teal,Summer,4.2,No,Free Shipping,No,No,5,Credit Card,Quarterly
3250,26,Female,Backpack,Accessories,1,4150,4150,Aizawl,M,Pink,Summer,3.4,No,Express,No,No,1,Debit Card,Quarterly
3251,23,Female,Coat,Outerwear,1,4500,4500,Shillong,M,Teal,Spring,2.9,No,2-Day Shipping,No,No,50,Net Banking,Weekly
3252,25,Female,Coat,Outerwear,3,1000,3000,Patna,M,Gold,Winter,3.7,No,Standard,No,No,8,Amazon Pay,Quarterly
3253,69,Female,Sandals,Footwear,2,1050,2100,Ranchi,L,Brown,Spring,2.7,No,Store Pickup,No,No,48,EMI,Fortnightly
3254,36,Female,Backpack,Accessories,2,3000,6000,Bhubaneswar,M,Brown,Fall,3.2,No,2-Day Shipping,No,No,45,EMI,Fortnightly
3255,21,Female,Sweater,Clothing,2,1550,3100,Visakhapatnam,S,Magenta,Winter,4.9,No,Store Pickup,No,No,8,Credit Card,Every 3 Months
3256,57,Female,Shorts,Clothing,1,2000,2000,Vijayawada,M,Black,Fall,2.8,No,Next Day Air,No,No,2,Credit Card,Monthly
3257,60,Female,Sunglasses,Accessories,3,1300,3900,Kochi,L,Teal,Winter,4.7,No,Free Shipping,No,No,27,Cash,Every 3 Months
3258,44,Female,Shirt,Clothing,3,4900,14700,Thiruvananthapuram,M,Brown,Fall,3.3,No,Express,No,No,29,Cash,Every 3 Months
3259,31,Female,Shoes,Footwear,1,2550,2550,Coimbatore,M,Magenta,Spring,4.3,No,Express,No,No,23,UPI,Bi-Weekly
3260,57,Female,Hat,Accessories,1,4750,4750,Madurai,XL,Indigo,Fall,3.7,No,2-Day Shipping,No,No,32,PhonePe,Every 3 Months
3261,39,Female,Scarf,Accessories,2,1800,3600,Mysuru,M,Violet,Summer,4.5,No,2-Day Shipping,No,No,3,Google Pay,Annually
3262,48,Female,Belt,Accessories,1,2600,2600,Mangaluru,L,Cyan,Winter,3.4,No,Store Pickup,No,No,42,Paytm,Weekly
3263,42,Female,T-shirt,Clothing,2,1750,3500,Nashik,M,Violet,Spring,2.7,No,Standard,No,No,3,Credit Card,Every 3 Months
3264,56,Female,Shorts,Clothing,1,3400,3400,Aurangabad,S,Black,Fall,4.4,No,Express,No,No,39,Debit Card,Fortnightly
3265,28,Female,Pants,Clothing,1,2500,2500,Kolhapur,S,Charcoal,Winter,4,No,Express,No,No,9,Net Banking,Bi-Weekly
3266,40,Female,Sunglasses,Accessories,3,5000,15000,Thane,M,White,Winter,3.2,No,Express,No,No,26,Amazon Pay,Fortnightly
3267,49,Female,Coat,Outerwear,2,3700,7400,Navi Mumbai,S,Gray,Winter,4.2,No,Next Day Air,No,No,23,EMI,Weekly
3268,37,Female,Hoodie,Clothing,1,2250,2250,Vasai-Virar,L,Pink,Winter,3,No,Store Pickup,No,No,5,Cash,Quarterly
3269,22,Female,Dress,Clothing,2,4850,9700,Kalyan-Dombivli,M,Cyan,Fall,2.8,No,Free Shipping,No,No,44,Bank Transfer,Every 3 Months
3270,27,Female,Blouse,Clothing,2,3000,6000,Noida,M,Blue,Winter,4.9,No,Express,No,No,15,Debit Card,Monthly
3271,59,Female,Socks,Clothing,2,1250,2500,Gurugram,M,Indigo,Winter,4.7,No,Express,No,No,34,Bank Transfer,Annually
3272,35,Female,Socks,Clothing,1,2750,2750,Faridabad,XL,Magenta,Spring,4.4,No,Standard,No,No,19,Bank Transfer,Weekly
3273,58,Female,Shoes,Footwear,2,4950,9900,Ghaziabad,M,Lavender,Winter,3.1,No,Next Day Air,No,No,34,Credit Card,Quarterly
3274,58,Female,Belt,Accessories,1,2250,2250,Chandigarh,S,Orange,Summer,2.6,No,Free Shipping,No,No,12,Cash,Every 3 Months
3275,46,Female,Sweater,Clothing,2,1000,2000,Ludhiana,M,Cyan,Spring,3.9,No,Store Pickup,No,No,3,UPI,Fortnightly
3276,43,Female,Pants,Clothing,3,4400,13200,Amritsar,XL,Green,Summer,2.6,No,2-Day Shipping,No,No,10,PhonePe,Weekly
3277,39,Female,Scarf,Accessories,1,4950,4950,Jammu,M,White,Summer,4,No,Store Pickup,No,No,37,Google Pay,Every 3 Months
3278,59,Female,Skirt,Clothing,1,4300,4300,Srinagar,M,Blue,Spring,4.9,No,Store Pickup,No,No,19,Paytm,Monthly
3279,59,Female,Dress,Clothing,3,3500,10500,Shimla,M,Black,Summer,3.3,No,2-Day Shipping,No,No,37,Credit Card,Weekly
3280,59,Female,Hat,Accessories,3,2500,7500,Dehradun,S,Red,Fall,3,No,Express,No,No,1,Debit Card,Fortnightly
3281,45,Female,Handbag,Accessories,1,2850,2850,Agra,L,Red,Winter,2.7,No,Next Day Air,No,No,22,Net Banking,Monthly
3282,27,Female,Pants,Clothing,1,3450,3450,Varanasi,L,Gold,Winter,3.1,No,Free Shipping,No,No,49,Amazon Pay,Annually
3283,24,Female,T-shirt,Clothing,3,4700,14100,Prayagraj,M,Red,Fall,4.8,No,Next Day Air,No,No,48,Amazon Pay,Monthly
3284,47,Female,Jacket,Outerwear,3,1200,3600,Gwalior,L,Purple,Spring,2.9,No,Express,No,No,13,Amazon Pay,Every 3 Months
3285,70,Female,Scarf,Accessories,2,3950,7900,Jabalpur,L,White,Spring,4.5,No,2-Day Shipping,No,No,31,Amazon Pay,Annually
3286,58,Female,Hat,Accessories,1,1550,1550,Raipur,XL,Magenta,Fall,4.6,No,Free Shipping,No,No,2,Amazon Pay,Weekly
3287,45,Female,Jacket,Outerwear,3,3350,10050,Goa,L,Pink,Winter,5,No,Express,No,No,36,Bank Transfer,Fortnightly
3288,24,Female,Skirt,Clothing,2,3150,6300,Udaipur,L,Black,Spring,4.3,No,2-Day Shipping,No,No,39,Cash,Weekly
3289,67,Female,Handbag,Accessories,2,3050,6100,Jodhpur,XL,White,Spring,4.9,No,Next Day Air,No,No,6,Cash,Bi-Weekly
3290,31,Female,Backpack,Accessories,2,2500,5000,Rajkot,M,Maroon,Summer,4,No,2-Day Shipping,No,No,17,UPI,Every 3 Months
3291,52,Female,Coat,Outerwear,3,4100,12300,Vadodara,L,Black,Spring,3.1,No,Free Shipping,No,No,12,PhonePe,Monthly
3292,29,Female,Belt,Accessories,1,2550,2550,Siliguri,L,Olive,Fall,2.6,No,2-Day Shipping,No,No,16,Google Pay,Monthly
3293,62,Female,Handbag,Accessories,3,1150,3450,Guwahati,L,Gray,Spring,4.9,No,Standard,No,No,14,Paytm,Fortnightly
3294,19,Female,Coat,Outerwear,1,4550,4550,Imphal,M,Gold,Spring,3.5,No,2-Day Shipping,No,No,19,Credit Card,Fortnightly
3295,62,Female,Sweater,Clothing,3,3000,9000,Aizawl,S,Magenta,Spring,4.5,No,Store Pickup,No,No,4,Debit Card,Bi-Weekly
3296,70,Female,Blouse,Clothing,1,1700,1700,Shillong,S,Lavender,Summer,2.8,No,Next Day Air,No,No,30,Net Banking,Weekly
3297,20,Female,Blouse,Clothing,1,1150,1150,Mumbai,M,Green,Spring,4.2,No,Next Day Air,No,No,18,Amazon Pay,Quarterly
3298,67,Female,Belt,Accessories,1,4100,4100,Pune,M,Violet,Fall,4.1,No,Free Shipping,No,No,14,EMI,Monthly
3299,65,Female,Jacket,Outerwear,3,3650,10950,Delhi,M,Brown,Fall,3.5,No,Express,No,No,42,Cash,Every 3 Months
3300,45,Female,Shorts,Clothing,2,1600,3200,Bengaluru,L,Teal,Spring,4,No,2-Day Shipping,No,No,45,UPI,Monthly
3301,26,Female,Hat,Accessories,1,4000,4000,Hyderabad,M,Charcoal,Spring,4,No,Express,No,No,37,PhonePe,Bi-Weekly
3302,36,Female,Pants,Clothing,3,2900,8700,Chennai,XL,Charcoal,Summer,2.5,No,Free Shipping,No,No,6,Google Pay,Fortnightly
3303,36,Female,Blouse,Clothing,1,4100,4100,Kolkata,XL,Beige,Winter,4.2,No,Standard,No,No,27,Paytm,Bi-Weekly
3304,20,Female,Belt,Accessories,3,3000,9000,Ahmedabad,S,Turquoise,Summer,3.4,No,Next Day Air,No,No,46,Credit Card,Fortnightly
3305,30,Female,Handbag,Accessories,2,3950,7900,Surat,XL,Orange,Fall,4.8,No,Next Day Air,No,No,3,Debit Card,Every 3 Months
3306,34,Female,Hoodie,Clothing,2,2050,4100,Jaipur,L,Cyan,Summer,4.9,No,Standard,No,No,42,Net Banking,Bi-Weekly
3307,63,Female,Jacket,Outerwear,1,1950,1950,Lucknow,L,Orange,Summer,3.6,No,Store Pickup,No,No,29,Amazon Pay,Fortnightly
3308,18,Female,Scarf,Accessories,2,1800,3600,Kanpur,S,Green,Winter,4,No,Store Pickup,No,No,31,EMI,Monthly
3309,55,Female,Jeans,Clothing,2,3500,7000,Nagpur,M,Pink,Fall,2.6,No,Express,No,No,37,Bank Transfer,Monthly
3310,48,Female,Handbag,Accessories,2,2350,4700,Indore,M,Blue,Summer,3.1,No,Store Pickup,No,No,10,Google Pay,Monthly
3311,45,Female,Jacket,Outerwear,3,1350,4050,Bhopal,M,Pink,Winter,3.6,No,Free Shipping,No,No,25,Cash,Fortnightly
3312,29,Female,Hat,Accessories,1,2600,2600,Patna,L,Blue,Summer,4,No,Express,No,No,29,EMI,Annually
3313,55,Female,Sneakers,Footwear,2,3750,7500,Ranchi,L,Black,Summer,3.9,No,Next Day Air,No,No,29,Debit Card,Quarterly
3314,55,Female,Hat,Accessories,2,1500,3000,Bhubaneswar,XL,Black,Fall,3.9,No,Express,No,No,28,Paytm,Monthly
3315,55,Female,Socks,Clothing,1,4700,4700,Visakhapatnam,M,Violet,Spring,3.3,No,Standard,No,No,30,Net Banking,Quarterly
3316,48,Female,Scarf,Accessories,2,3400,6800,Vijayawada,S,Gold,Summer,2.9,No,Standard,No,No,44,UPI,Every 3 Months
3317,42,Female,Socks,Clothing,1,2250,2250,Kochi,M,Olive,Summer,3.1,No,Free Shipping,No,No,3,Amazon Pay,Fortnightly
3318,21,Female,Hat,Accessories,3,3350,10050,Thiruvananthapuram,XL,Pink,Summer,4.7,No,Standard,No,No,14,Credit Card,Quarterly
3319,45,Female,Jacket,Outerwear,1,2300,2300,Coimbatore,M,Olive,Summer,3.9,No,Free Shipping,No,No,47,PhonePe,Monthly
3320,23,Female,Shorts,Clothing,3,1550,4650,Madurai,M,Indigo,Summer,4.3,No,Next Day Air,No,No,41,Google Pay,Every 3 Months
3321,66,Female,Blouse,Clothing,2,2200,4400,Mysuru,XL,Silver,Fall,4.2,No,2-Day Shipping,No,No,26,Cash,Every 3 Months
3322,32,Female,Coat,Outerwear,2,5000,10000,Mangaluru,S,Charcoal,Winter,4.3,No,Next Day Air,No,No,24,EMI,Annually
3323,52,Female,Sweater,Clothing,3,4600,13800,Nashik,XL,Orange,Winter,4.6,No,Next Day Air,No,No,13,Debit Card,Weekly
3324,54,Female,Handbag,Accessories,1,3900,3900,Aurangabad,M,Yellow,Winter,3.8,No,Free Shipping,No,No,27,Paytm,Monthly
3325,37,Female,T-shirt,Clothing,3,1600,4800,Kolhapur,S,Red,Fall,3.3,No,Standard,No,No,20,Net Banking,Weekly
3326,29,Female,Sandals,Footwear,3,4850,14550,Thane,M,Maroon,Fall,3.7,No,2-Day Shipping,No,No,50,UPI,Monthly
3327,47,Female,Gloves,Accessories,1,4750,4750,Navi Mumbai,M,Magenta,Summer,4.3,No,Standard,No,No,1,Amazon Pay,Annually
3328,47,Female,Shorts,Clothing,2,3200,6400,Vasai-Virar,M,Black,Spring,4.1,No,Express,No,No,16,Credit Card,Quarterly
3329,42,Female,Sandals,Footwear,2,1750,3500,Kalyan-Dombivli,M,Violet,Spring,3.2,No,Free Shipping,No,No,11,PhonePe,Bi-Weekly
3330,34,Female,Backpack,Accessories,1,2700,2700,Noida,M,Gray,Winter,3.8,No,Express,No,No,43,Credit Card,Bi-Weekly
3331,38,Female,Sneakers,Footwear,3,4800,14400,Gurugram,M,Black,Spring,3.2,No,2-Day Shipping,No,No,20,UPI,Quarterly
3332,55,Female,Sunglasses,Accessories,3,2900,8700,Faridabad,M,Pink,Summer,3.5,No,Free Shipping,No,No,35,Paytm,Quarterly
3333,27,Female,T-shirt,Clothing,1,1150,1150,Ghaziabad,M,Silver,Summer,3.1,No,2-Day Shipping,No,No,30,Cash,Bi-Weekly
3334,55,Female,Jeans,Clothing,3,1750,5250,Chandigarh,M,Violet,Spring,4.2,No,Express,No,No,3,Amazon Pay,Monthly
3335,66,Female,Shirt,Clothing,1,1150,1150,Ludhiana,M,Beige,Summer,3.4,No,Free Shipping,No,No,46,PhonePe,Annually
3336,44,Female,Hat,Accessories,2,4700,9400,Amritsar,XL,Cyan,Winter,3.5,No,Express,No,No,47,Net Banking,Quarterly
3337,39,Female,Blouse,Clothing,1,2250,2250,Jammu,M,Brown,Fall,4,No,Free Shipping,No,No,15,EMI,Annually
3338,23,Female,Jacket,Outerwear,1,1150,1150,Srinagar,L,Blue,Winter,4.4,No,2-Day Shipping,No,No,48,Google Pay,Bi-Weekly
3339,29,Female,Skirt,Clothing,2,4700,9400,Shimla,L,White,Winter,2.9,No,2-Day Shipping,No,No,11,Debit Card,Monthly
3340,20,Female,Gloves,Accessories,2,4950,9900,Dehradun,M,Cyan,Fall,3.6,No,Store Pickup,No,No,16,UPI,Fortnightly
3341,42,Female,T-shirt,Clothing,3,1800,5400,Agra,XL,Maroon,Fall,4.4,No,Free Shipping,No,No,18,PhonePe,Fortnightly
3342,55,Female,Jacket,Outerwear,3,2500,7500,Varanasi,XL,Olive,Summer,4.5,No,Standard,No,No,46,Google Pay,Monthly
3343,66,Female,Jacket,Outerwear,2,4050,8100,Prayagraj,M,Violet,Spring,3.8,No,Free Shipping,No,No,15,Paytm,Weekly
3344,24,Female,Shorts,Clothing,2,1550,3100,Gwalior,XL,Green,Winter,3.6,No,2-Day Shipping,No,No,26,Credit Card,Bi-Weekly
3345,62,Female,Hat,Accessories,3,2400,7200,Jabalpur,XL,Magenta,Fall,4.3,No,Free Shipping,No,No,36,Debit Card,Annually
3346,28,Female,Handbag,Accessories,3,4550,13650,Raipur,M,Turquoise,Summer,4,No,2-Day Shipping,No,No,7,Cash,Bi-Weekly
3347,30,Female,Jeans,Clothing,1,4950,4950,Goa,M,Black,Summer,3.4,No,Express,No,No,2,Net Banking,Quarterly
3348,22,Female,Shoes,Footwear,1,3500,3500,Udaipur,XL,Cyan,Summer,4.4,No,Standard,No,No,23,Amazon Pay,Bi-Weekly
3349,28,Female,T-shirt,Clothing,1,3700,3700,Jodhpur,L,Gray,Winter,2.8,No,Standard,No,No,9,EMI,Every 3 Months
3350,35,Female,Jewelry,Accessories,1,3950,3950,Rajkot,M,Red,Fall,2.8,No,Store Pickup,No,No,25,UPI,Quarterly
3351,45,Female,Handbag,Accessories,1,1650,1650,Vadodara,S,Olive,Fall,4.9,No,2-Day Shipping,No,No,32,PhonePe,Bi-Weekly
3352,43,Female,Shirt,Clothing,3,2450,7350,Siliguri,L,Cyan,Spring,4.2,No,2-Day Shipping,No,No,37,Google Pay,Fortnightly
3353,55,Female,Belt,Accessories,2,4800,9600,Guwahati,M,Teal,Summer,2.9,No,Next Day Air,No,No,13,Paytm,Bi-Weekly
3354,31,Female,Dress,Clothing,3,3300,9900,Imphal,L,Teal,Fall,4.6,No,Free Shipping,No,No,10,Credit Card,Every 3 Months
3355,42,Female,Skirt,Clothing,1,2250,2250,Aizawl,M,Orange,Fall,2.8,No,Next Day Air,No,No,17,Debit Card,Weekly
3356,40,Female,Blouse,Clothing,1,1400,1400,Shillong,M,Peach,Spring,2.6,No,Store Pickup,No,No,16,Cash,Bi-Weekly
3357,39,Female,Jeans,Clothing,3,2400,7200,Mumbai,M,Silver,Summer,3.5,No,Store Pickup,No,No,35,Net Banking,Bi-Weekly
3358,41,Female,Hoodie,Clothing,1,3350,3350,Pune,M,Pink,Winter,3.5,No,Free Shipping,No,No,10,Amazon Pay,Monthly
3359,56,Female,T-shirt,Clothing,3,2950,8850,Delhi,M,Magenta,Fall,3.4,No,2-Day Shipping,No,No,33,EMI,Annually
3360,43,Female,Sunglasses,Accessories,1,3700,3700,Bengaluru,L,Red,Fall,3.9,No,Next Day Air,No,No,6,Cash,Monthly
3361,22,Female,Jacket,Outerwear,1,4050,4050,Hyderabad,M,Maroon,Spring,3.3,No,2-Day Shipping,No,No,45,Debit Card,Every 3 Months
3362,47,Female,Shoes,Footwear,3,1300,3900,Chennai,M,Silver,Spring,4.1,No,Free Shipping,No,No,9,Debit Card,Bi-Weekly
3363,50,Female,Handbag,Accessories,1,3050,3050,Kolkata,M,Gray,Summer,3,No,Next Day Air,No,No,13,Credit Card,Fortnightly
3364,58,Female,Sweater,Clothing,1,1150,1150,Ahmedabad,M,Turquoise,Winter,3,No,Next Day Air,No,No,30,Debit Card,Bi-Weekly
3365,50,Female,Scarf,Accessories,2,1650,3300,Surat,M,Peach,Fall,3.2,No,Standard,No,No,17,Paytm,Monthly
3366,43,Female,Skirt,Clothing,3,2900,8700,Jaipur,L,Teal,Fall,3.9,No,Express,No,No,41,Credit Card,Every 3 Months
3367,38,Female,Gloves,Accessories,1,3250,3250,Lucknow,M,Red,Spring,3.6,No,2-Day Shipping,No,No,26,Debit Card,Quarterly
3368,44,Female,T-shirt,Clothing,3,2400,7200,Kanpur,M,Blue,Summer,3.1,No,Store Pickup,No,No,12,Cash on Delivery,Fortnightly
3369,30,Female,Sandals,Footwear,1,1250,1250,Nagpur,M,Blue,Spring,4.8,No,Express,No,No,21,Net Banking,Every 3 Months
3370,47,Female,Sweater,Clothing,2,2550,5100,Indore,M,Indigo,Winter,3.8,No,2-Day Shipping,No,No,8,Amazon Pay,Monthly
3371,30,Female,Belt,Accessories,1,1550,1550,Bhopal,M,Charcoal,Summer,2.8,No,Store Pickup,No,No,9,EMI,Fortnightly
3372,49,Female,Hoodie,Clothing,2,4950,9900,Patna,S,Turquoise,Winter,4,No,Next Day Air,No,No,44,UPI,Annually
3373,56,Female,Socks,Clothing,3,1250,3750,Ranchi,M,Maroon,Winter,4.6,No,Free Shipping,No,No,41,PhonePe,Every 3 Months
3374,70,Female,Sandals,Footwear,2,2600,5200,Bhubaneswar,M,Purple,Spring,3.5,No,Store Pickup,No,No,28,Google Pay,Every 3 Months
3375,22,Female,Blouse,Clothing,1,2350,2350,Visakhapatnam,S,Lavender,Spring,3.7,No,2-Day Shipping,No,No,19,Paytm,Annually
3376,51,Female,Boots,Footwear,2,4900,9800,Vijayawada,XL,Yellow,Fall,4.9,No,Express,No,No,19,Credit Card,Annually
3377,22,Female,Hat,Accessories,3,2300,6900,Kochi,M,Green,Winter,4.1,No,Store Pickup,No,No,50,Debit Card,Quarterly
3378,37,Female,Shirt,Clothing,3,1600,4800,Thiruvananthapuram,M,Yellow,Winter,4.6,No,Next Day Air,No,No,20,Cash,Fortnightly
3379,49,Female,Shorts,Clothing,3,3750,11250,Coimbatore,L,Gold,Fall,4.5,No,Next Day Air,No,No,18,UPI,Quarterly
3380,61,Female,Handbag,Accessories,1,2550,2550,Madurai,L,Turquoise,Summer,5,No,Store Pickup,No,No,47,PhonePe,Weekly
3381,41,Female,Dress,Clothing,2,2600,5200,Mysuru,L,Blue,Summer,3.8,No,Standard,No,No,35,Google Pay,Every 3 Months
3382,57,Female,Hat,Accessories,1,3300,3300,Mangaluru,L,Turquoise,Winter,4.7,No,Standard,No,No,49,Paytm,Quarterly
3383,34,Female,Sweater,Clothing,1,1750,1750,Nashik,M,Maroon,Spring,2.8,No,Express,No,No,38,Credit Card,Weekly
3384,27,Female,Coat,Outerwear,1,2150,2150,Aurangabad,M,Pink,Fall,2.6,No,Next Day Air,No,No,4,Debit Card,Bi-Weekly
3385,39,Female,Hoodie,Clothing,2,1200,2400,Kolhapur,L,Maroon,Summer,3.8,No,Free Shipping,No,No,48,Net Banking,Quarterly
3386,62,Female,Jewelry,Accessories,3,4150,12450,Thane,M,Olive,Winter,2.8,No,Standard,No,No,26,Amazon Pay,Every 3 Months
3387,34,Female,T-shirt,Clothing,2,3100,6200,Navi Mumbai,M,Lavender,Fall,2.6,No,2-Day Shipping,No,No,2,EMI,Quarterly
3388,53,Female,Pants,Clothing,1,3900,3900,Vasai-Virar,S,Pink,Spring,3.4,No,2-Day Shipping,No,No,33,Cash,Bi-Weekly
3389,35,Female,Sweater,Clothing,2,3050,6100,Kalyan-Dombivli,M,Cyan,Spring,4.5,No,Store Pickup,No,No,7,Debit Card,Weekly
3390,38,Female,Pants,Clothing,3,2850,8550,Noida,L,Maroon,Fall,3.8,No,Free Shipping,No,No,16,Debit Card,Annually
3391,32,Female,Socks,Clothing,3,3500,10500,Gurugram,S,Red,Summer,3,No,Next Day Air,No,No,9,Credit Card,Annually
3392,47,Female,Hoodie,Clothing,3,2850,8550,Faridabad,M,Silver,Fall,3.7,No,2-Day Shipping,No,No,19,Credit Card,Every 3 Months
3393,53,Female,Scarf,Accessories,1,3700,3700,Ghaziabad,XL,Blue,Winter,4.4,No,Free Shipping,No,No,9,Credit Card,Bi-Weekly
3394,60,Female,Dress,Clothing,1,4500,4500,Chandigarh,M,Gold,Fall,3.1,No,Next Day Air,No,No,4,Debit Card,Monthly
3395,31,Female,Sandals,Footwear,2,4900,9800,Ludhiana,S,Yellow,Spring,4.2,No,Store Pickup,No,No,31,Credit Card,Annually
3396,44,Female,Dress,Clothing,3,2150,6450,Amritsar,M,Silver,Winter,3.1,No,Free Shipping,No,No,35,Credit Card,Every 3 Months
3397,29,Female,Pants,Clothing,3,1850,5550,Jammu,XL,Black,Winter,5,No,Next Day Air,No,No,14,Debit Card,Quarterly
3398,19,Female,Blouse,Clothing,2,1900,3800,Srinagar,L,Yellow,Summer,2.7,No,Standard,No,No,23,Cash,Bi-Weekly
3399,54,Female,Jeans,Clothing,2,3000,6000,Shimla,L,Pink,Winter,3.8,No,Standard,No,No,33,UPI,Fortnightly
3400,40,Female,Pants,Clothing,1,2750,2750,Dehradun,XL,Yellow,Winter,3.3,No,Standard,No,No,18,PhonePe,Annually
3401,39,Female,Sunglasses,Accessories,3,2550,7650,Agra,M,Lavender,Fall,4.8,No,Free Shipping,No,No,20,Google Pay,Fortnightly
3402,44,Female,Backpack,Accessories,3,3550,10650,Varanasi,L,Peach,Winter,3.4,No,Standard,No,No,20,Paytm,Weekly
3403,22,Female,Hoodie,Clothing,1,3050,3050,Prayagraj,M,Black,Spring,4.4,No,2-Day Shipping,No,No,36,Credit Card,Every 3 Months
3404,30,Female,Boots,Footwear,1,3250,3250,Gwalior,M,Olive,Summer,3.9,No,Standard,No,No,5,Debit Card,Bi-Weekly
3405,69,Female,Gloves,Accessories,3,1700,5100,Jabalpur,L,Olive,Fall,3.9,No,2-Day Shipping,No,No,48,Net Banking,Annually
3406,28,Female,Blouse,Clothing,2,4350,8700,Raipur,M,White,Summer,4.2,No,Store Pickup,No,No,39,Amazon Pay,Bi-Weekly
3407,57,Female,Sweater,Clothing,2,3950,7900,Goa,M,Red,Spring,4,No,Store Pickup,No,No,4,EMI,Quarterly
3408,46,Female,Dress,Clothing,1,2300,2300,Udaipur,S,Purple,Spring,2.6,No,Store Pickup,No,No,32,Cash,Quarterly
3409,48,Female,Socks,Clothing,1,3600,3600,Jodhpur,L,Purple,Summer,4.4,No,Standard,No,No,44,Cash,Annually
3410,24,Female,Shirt,Clothing,3,4650,13950,Rajkot,M,Teal,Summer,3.2,No,Next Day Air,No,No,32,Debit Card,Every 3 Months
3411,50,Female,Sandals,Footwear,1,3800,3800,Vadodara,L,Teal,Summer,4.3,No,Free Shipping,No,No,32,Cash,Bi-Weekly
3412,29,Female,Shoes,Footwear,3,2800,8400,Siliguri,L,Gray,Winter,4.9,No,2-Day Shipping,No,No,29,UPI,Weekly
3413,61,Female,Sandals,Footwear,3,4150,12450,Guwahati,M,Magenta,Fall,3.8,No,Store Pickup,No,No,36,PhonePe,Quarterly
3414,34,Female,Gloves,Accessories,1,4500,4500,Imphal,XL,Black,Winter,2.5,No,Express,No,No,4,Google Pay,Bi-Weekly
3415,27,Female,Boots,Footwear,1,4700,4700,Aizawl,M,Maroon,Spring,4.9,No,Next Day Air,No,No,10,Paytm,Quarterly
3416,38,Female,Blouse,Clothing,3,3400,10200,Shillong,M,Gold,Fall,3,No,2-Day Shipping,No,No,7,Credit Card,Annually
3417,25,Female,Sandals,Footwear,1,2650,2650,Nagpur,M,Purple,Spring,3.2,No,Store Pickup,No,No,24,Debit Card,Every 3 Months
3418,54,Female,Coat,Outerwear,1,1750,1750,Delhi,M,Blue,Summer,2.9,No,2-Day Shipping,No,No,48,Net Banking,Fortnightly
3419,53,Female,Jacket,Outerwear,2,1500,3000,Kochi,M,Beige,Summer,2.8,No,Free Shipping,No,No,29,Amazon Pay,Annually
3420,23,Female,Jewelry,Accessories,2,1300,2600,Surat,L,Indigo,Winter,3.1,No,Store Pickup,No,No,39,EMI,Bi-Weekly
3421,19,Female,Hat,Accessories,3,3000,9000,Bhopal,M,Purple,Winter,3.4,No,Express,No,No,20,Credit Card,Bi-Weekly
3422,57,Female,Shoes,Footwear,1,1500,1500,Mumbai,M,Maroon,Summer,2.9,No,Free Shipping,No,No,25,Credit Card,Weekly
3423,19,Female,Coat,Outerwear,3,4550,13650,Noida,L,Beige,Winter,3.2,No,Next Day Air,No,No,28,Bank Transfer,Monthly
3424,33,Female,Boots,Footwear,2,3550,7100,Rajkot,M,Brown,Spring,3.8,No,Next Day Air,No,No,27,Bank Transfer,Bi-Weekly
3425,33,Female,Scarf,Accessories,2,3200,6400,Hyderabad,L,Green,Summer,3.6,No,2-Day Shipping,No,No,29,Debit Card,Monthly
3426,38,Female,Hat,Accessories,2,2700,5400,Kolhapur,M,Blue,Summer,4.3,No,Next Day Air,No,No,40,Cash,Bi-Weekly
3427,47,Female,Socks,Clothing,2,1750,3500,Lucknow,XL,Magenta,Fall,4.8,No,2-Day Shipping,No,No,14,Debit Card,Annually
3428,39,Female,T-shirt,Clothing,3,1900,5700,Vijayawada,XL,Turquoise,Winter,2.5,No,Store Pickup,No,No,19,Credit Card,Annually
3429,32,Female,Jewelry,Accessories,2,3450,6900,Pune,M,Gray,Fall,2.5,No,Next Day Air,No,No,10,Cash,Monthly
3430,27,Female,Skirt,Clothing,3,4800,14400,Amritsar,S,Purple,Winter,4.6,No,Express,No,No,47,Credit Card,Weekly
3431,67,Female,Socks,Clothing,3,3650,10950,Mysuru,M,Lavender,Winter,4.2,No,Next Day Air,No,No,8,Credit Card,Every 3 Months
3432,46,Female,Belt,Accessories,3,2450,7350,Ghaziabad,S,Green,Summer,4.2,No,Express,No,No,42,Cash,Annually
3433,36,Female,Boots,Footwear,3,2200,6600,Chennai,M,Gray,Summer,4.8,No,2-Day Shipping,No,No,36,UPI,Every 3 Months
3434,62,Female,Socks,Clothing,2,4650,9300,Raipur,M,Yellow,Spring,4.5,No,Free Shipping,No,No,41,PhonePe,Annually
3435,31,Female,Pants,Clothing,3,3600,10800,Guwahati,S,Orange,Summer,3.3,No,2-Day Shipping,No,No,11,Google Pay,Fortnightly
3436,68,Female,Socks,Clothing,2,4550,9100,Navi Mumbai,M,Beige,Summer,2.7,No,2-Day Shipping,No,No,20,Paytm,Bi-Weekly
3437,57,Female,Belt,Accessories,2,4150,8300,Ahmedabad,L,Peach,Winter,2.8,No,2-Day Shipping,No,No,31,Credit Card,Monthly
3438,22,Female,Jacket,Outerwear,2,3100,6200,Patna,S,Green,Winter,3.5,No,2-Day Shipping,No,No,30,Debit Card,Annually
3439,26,Female,Shirt,Clothing,3,3550,10650,Aurangabad,M,Violet,Fall,3,No,Store Pickup,No,No,14,Net Banking,Monthly
3440,43,Female,Gloves,Accessories,1,4650,4650,Shimla,M,Gray,Summer,4.5,No,Express,No,No,24,Amazon Pay,Quarterly
3441,45,Female,Handbag,Accessories,1,3150,3150,Jabalpur,L,Magenta,Fall,4.3,No,2-Day Shipping,No,No,15,EMI,Weekly
3442,64,Female,Sweater,Clothing,1,4800,4800,Coimbatore,XL,Charcoal,Fall,4.1,No,Standard,No,No,21,Credit Card,Annually
3443,28,Female,Skirt,Clothing,2,3900,7800,Vadodara,M,Violet,Spring,4.3,No,Next Day Air,No,No,50,Cash,Weekly
3444,47,Female,Dress,Clothing,1,1200,1200,Srinagar,L,Silver,Summer,5,No,Free Shipping,No,No,28,UPI,Bi-Weekly
3445,53,Female,Pants,Clothing,3,3150,9450,Mangaluru,S,Green,Summer,3.8,No,2-Day Shipping,No,No,19,PhonePe,Bi-Weekly
3446,42,Female,Hat,Accessories,3,2900,8700,Indore,M,Magenta,Fall,4.9,No,Standard,No,No,18,Google Pay,Annually
3447,51,Female,Boots,Footwear,3,2750,8250,Jaipur,S,Purple,Spring,5,No,2-Day Shipping,No,No,40,Paytm,Weekly
3448,62,Female,Sandals,Footwear,1,2900,2900,Vasai-Virar,M,Blue,Fall,4.3,No,Express,No,No,40,Credit Card,Bi-Weekly
3449,18,Female,Coat,Outerwear,3,1400,4200,Visakhapatnam,S,Yellow,Winter,4.1,No,Express,No,No,48,Debit Card,Fortnightly
3450,48,Female,Blouse,Clothing,3,1850,5550,Goa,M,Brown,Spring,4.5,No,Standard,No,No,12,Net Banking,Monthly
3451,20,Female,Shorts,Clothing,1,3900,3900,Faridabad,M,Pink,Spring,3.6,No,Store Pickup,No,No,32,Amazon Pay,Monthly
3452,32,Female,Blouse,Clothing,1,3650,3650,Ranchi,XL,Silver,Fall,3,No,Free Shipping,No,No,49,EMI,Annually
3453,26,Female,Jacket,Outerwear,3,1000,3000,Bengaluru,M,Indigo,Spring,3.7,No,Next Day Air,No,No,26,Cash,Fortnightly
3454,31,Female,Shirt,Clothing,3,3000,9000,Madurai,L,Pink,Winter,4.3,No,Standard,No,No,29,UPI,Bi-Weekly
3455,55,Female,Handbag,Accessories,3,3550,10650,Kalyan-Dombivli,S,Lavender,Fall,4.6,No,Store Pickup,No,No,41,PhonePe,Bi-Weekly
3456,49,Female,T-shirt,Clothing,1,4450,4450,Kanpur,M,Orange,Fall,4.7,No,Standard,No,No,41,Google Pay,Annually
3457,42,Female,Hoodie,Clothing,1,2650,2650,Udaipur,M,Red,Fall,4.6,No,Express,No,No,47,Paytm,Monthly
3458,64,Female,Jewelry,Accessories,2,4350,8700,Bhubaneswar,M,Gray,Summer,3,No,Express,No,No,15,Credit Card,Fortnightly
3459,68,Female,Jewelry,Accessories,3,1850,5550,Kolkata,L,Violet,Spring,3.4,No,Standard,No,No,25,Debit Card,Quarterly
3460,68,Female,Hoodie,Clothing,3,1850,5550,Agra,L,Green,Fall,3.8,No,Express,No,No,23,Net Banking,Annually
3461,41,Female,Scarf,Accessories,1,3900,3900,Siliguri,M,Gold,Spring,3.1,No,Express,No,No,15,Amazon Pay,Bi-Weekly
3462,51,Female,Shoes,Footwear,2,1150,2300,Thiruvananthapuram,S,Maroon,Spring,4.4,No,Standard,No,No,12,EMI,Quarterly
3463,44,Female,Jeans,Clothing,3,3650,10950,Nashik,L,Olive,Spring,4.5,No,Standard,No,No,35,Cash,Every 3 Months
3464,27,Female,Jewelry,Accessories,1,1350,1350,Ludhiana,M,Yellow,Fall,2.8,No,2-Day Shipping,No,No,22,Cash,Fortnightly
3465,36,Female,Coat,Outerwear,3,2950,8850,Dehradun,S,Peach,Winter,2.7,No,Next Day Air,No,No,46,UPI,Annually
3466,19,Female,Backpack,Accessories,2,2650,5300,Chandigarh,M,Gold,Spring,3.4,No,Standard,No,No,28,PhonePe,Weekly
3467,49,Female,Socks,Clothing,2,2100,4200,Prayagraj,S,Purple,Summer,4.6,No,Standard,No,No,30,Google Pay,Annually
3468,18,Female,Scarf,Accessories,3,2250,6750,Shillong,M,Charcoal,Fall,5,No,Next Day Air,No,No,25,Paytm,Annually
3469,36,Female,Sunglasses,Accessories,2,4450,8900,Jammu,S,Indigo,Winter,3.5,No,Standard,No,No,12,Credit Card,Quarterly
3470,36,Female,Socks,Clothing,3,4250,12750,Gurugram,L,Magenta,Fall,3.3,No,Store Pickup,No,No,3,Debit Card,Annually
3471,19,Female,Coat,Outerwear,1,3450,3450,Imphal,S,Olive,Summer,4.5,No,Free Shipping,No,No,41,Net Banking,Bi-Weekly
3472,43,Female,Sandals,Footwear,1,3300,3300,Varanasi,S,Blue,Spring,3.1,No,Store Pickup,No,No,12,Amazon Pay,Bi-Weekly
3473,31,Female,Blouse,Clothing,3,2100,6300,Jodhpur,S,White,Summer,4,No,Free Shipping,No,No,9,EMI,Weekly
3474,63,Female,Dress,Clothing,1,2000,2000,Aizawl,M,Cyan,Spring,2.5,No,Express,No,No,46,Cash,Weekly
3475,41,Female,Pants,Clothing,1,4100,4100,Thane,M,Cyan,Winter,4.4,No,Store Pickup,No,No,18,Cash,Monthly
3476,48,Female,Sneakers,Footwear,3,4400,13200,Mumbai,M,Orange,Spring,4.4,No,Express,No,No,45,UPI,Quarterly
3477,68,Female,Boots,Footwear,1,4950,4950,Pune,XL,Orange,Summer,3.2,No,Free Shipping,No,No,13,PhonePe,Weekly
3478,53,Female,Handbag,Accessories,3,4250,12750,Delhi,S,Teal,Spring,3.8,No,Store Pickup,No,No,42,Google Pay,Bi-Weekly
3479,36,Female,Handbag,Accessories,1,2850,2850,Bengaluru,M,Magenta,Fall,4.6,No,Store Pickup,No,No,41,Paytm,Quarterly
3480,46,Female,Sweater,Clothing,3,2800,8400,Hyderabad,S,Orange,Summer,4.9,No,Standard,No,No,24,Credit Card,Monthly
3481,21,Female,Sandals,Footwear,3,3950,11850,Chennai,L,Peach,Winter,3.5,No,Free Shipping,No,No,4,Debit Card,Monthly
3482,52,Female,Socks,Clothing,1,3350,3350,Kolkata,S,Maroon,Summer,3.4,No,Store Pickup,No,No,34,Net Banking,Bi-Weekly
3483,66,Female,Gloves,Accessories,2,3050,6100,Ahmedabad,M,Gold,Winter,3.9,No,Next Day Air,No,No,17,Amazon Pay,Weekly
3484,19,Female,Hoodie,Clothing,2,1850,3700,Surat,L,White,Winter,3.9,No,Express,No,No,6,EMI,Every 3 Months
3485,44,Female,Dress,Clothing,1,3750,3750,Jaipur,L,Gray,Fall,4.2,No,Free Shipping,No,No,31,Debit Card,Bi-Weekly
3486,50,Female,Shirt,Clothing,2,1050,2100,Lucknow,XL,Brown,Winter,3.4,No,Standard,No,No,24,Google Pay,Fortnightly
3487,51,Female,Shorts,Clothing,1,4450,4450,Kanpur,L,Charcoal,Winter,4.9,No,Standard,No,No,7,Bank Transfer,Weekly
3488,25,Female,Sandals,Footwear,1,1200,1200,Nagpur,L,Beige,Fall,2.9,No,Store Pickup,No,No,9,Debit Card,Annually
3489,62,Female,Sweater,Clothing,2,1350,2700,Indore,XL,Teal,Spring,4.9,No,Store Pickup,No,No,30,Cash,Quarterly
3490,48,Female,Dress,Clothing,2,1300,2600,Bhopal,L,Black,Summer,4.6,No,2-Day Shipping,No,No,31,UPI,Every 3 Months
3491,62,Female,Boots,Footwear,2,4100,8200,Patna,M,Violet,Spring,3.6,No,Store Pickup,No,No,49,PhonePe,Quarterly
3492,22,Female,Pants,Clothing,2,1400,2800,Ranchi,M,Orange,Winter,4.3,No,Express,No,No,9,Google Pay,Monthly
3493,48,Female,Gloves,Accessories,1,3250,3250,Bhubaneswar,M,Turquoise,Fall,4.6,No,Standard,No,No,18,Paytm,Annually
3494,48,Female,Pants,Clothing,2,4100,8200,Visakhapatnam,XL,Black,Winter,4.7,No,Store Pickup,No,No,12,Credit Card,Weekly
3495,62,Female,Scarf,Accessories,1,1900,1900,Vijayawada,M,Silver,Winter,3.5,No,Free Shipping,No,No,10,Debit Card,Quarterly
3496,24,Female,Shorts,Clothing,1,1650,1650,Kochi,XL,Gray,Spring,2.8,No,Free Shipping,No,No,24,Net Banking,Weekly
3497,39,Female,Shoes,Footwear,2,1900,3800,Thiruvananthapuram,M,Pink,Summer,4,No,Free Shipping,No,No,14,Amazon Pay,Monthly
3498,35,Female,Handbag,Accessories,3,2400,7200,Coimbatore,M,Red,Spring,4.3,No,Store Pickup,No,No,15,EMI,Every 3 Months
3499,47,Female,Sandals,Footwear,3,1750,5250,Madurai,M,Lavender,Summer,3.8,No,Standard,No,No,26,Bank Transfer,Bi-Weekly
3500,22,Female,Socks,Clothing,3,1450,4350,Mysuru,L,Indigo,Fall,3,No,Next Day Air,No,No,6,Cash,Every 3 Months
3501,38,Female,Shirt,Clothing,2,2400,4800,Mangaluru,S,Silver,Fall,4.6,No,Next Day Air,No,No,2,UPI,Fortnightly
3502,53,Female,Shoes,Footwear,2,4350,8700,Nashik,M,Silver,Fall,4.8,No,Standard,No,No,14,PhonePe,Weekly
3503,31,Female,Backpack,Accessories,3,3100,9300,Aurangabad,M,Green,Fall,4.7,No,Next Day Air,No,No,4,Google Pay,Quarterly
3504,31,Female,Shirt,Clothing,1,4800,4800,Kolhapur,M,Pink,Spring,3.9,No,Free Shipping,No,No,1,Paytm,Weekly
3505,65,Female,Handbag,Accessories,1,2050,2050,Thane,S,Violet,Fall,4,No,Next Day Air,No,No,50,Credit Card,Monthly
3506,48,Female,Jewelry,Accessories,1,2100,2100,Navi Mumbai,L,Red,Winter,3.7,No,2-Day Shipping,No,No,34,Debit Card,Every 3 Months
3507,18,Female,Shirt,Clothing,3,2850,8550,Vasai-Virar,L,Olive,Winter,3.7,No,2-Day Shipping,No,No,22,Net Banking,Fortnightly
3508,46,Female,Handbag,Accessories,1,3250,3250,Kalyan-Dombivli,S,Purple,Spring,4.2,No,Store Pickup,No,No,45,Amazon Pay,Every 3 Months
3509,52,Female,Pants,Clothing,3,2700,8100,Noida,M,Gray,Fall,4.7,No,Standard,No,No,32,EMI,Weekly
3510,50,Female,T-shirt,Clothing,1,1100,1100,Gurugram,L,Brown,Winter,4.3,No,Next Day Air,No,No,46,EMI,Bi-Weekly
3511,49,Female,Sneakers,Footwear,3,4800,14400,Faridabad,S,Orange,Fall,4.9,No,2-Day Shipping,No,No,42,Credit Card,Monthly
3512,69,Female,Jewelry,Accessories,2,4050,8100,Ghaziabad,M,Blue,Summer,3.9,No,2-Day Shipping,No,No,33,Credit Card,Every 3 Months
3513,36,Female,Shirt,Clothing,3,2300,6900,Chandigarh,M,White,Fall,3.4,No,Free Shipping,No,No,43,Cash,Quarterly
3514,30,Female,Blouse,Clothing,2,3700,7400,Ludhiana,XL,Charcoal,Spring,4.2,No,Store Pickup,No,No,29,Cash,Fortnightly
3515,25,Female,Sneakers,Footwear,2,2500,5000,Amritsar,XL,Gray,Winter,4.7,No,Express,No,No,27,UPI,Monthly
3516,19,Female,Dress,Clothing,1,4000,4000,Jammu,XL,Charcoal,Winter,4,No,Next Day Air,No,No,24,PhonePe,Bi-Weekly
3517,34,Female,Boots,Footwear,3,2800,8400,Srinagar,S,White,Summer,4,No,Free Shipping,No,No,9,Google Pay,Bi-Weekly
3518,29,Female,Skirt,Clothing,2,3450,6900,Shimla,M,Orange,Winter,3.1,No,Next Day Air,No,No,40,Paytm,Every 3 Months
3519,50,Female,Shirt,Clothing,2,4850,9700,Dehradun,M,Black,Spring,4.2,No,Standard,No,No,3,Credit Card,Quarterly
3520,31,Female,Shorts,Clothing,2,3300,6600,Agra,M,White,Winter,3.7,No,Next Day Air,No,No,18,Debit Card,Fortnightly
3521,41,Female,Hat,Accessories,2,3500,7000,Varanasi,S,Brown,Spring,3.1,No,Express,No,No,24,Net Banking,Monthly
3522,52,Female,Shoes,Footwear,3,2500,7500,Prayagraj,M,Pink,Winter,3.7,No,Store Pickup,No,No,12,Amazon Pay,Weekly
3523,27,Female,Pants,Clothing,1,4250,4250,Gwalior,M,Yellow,Spring,3.2,No,Store Pickup,No,No,28,EMI,Quarterly
3524,49,Female,Backpack,Accessories,3,2950,8850,Jabalpur,M,Cyan,Summer,2.8,No,Standard,No,No,5,Cash,Fortnightly
3525,69,Female,Pants,Clothing,3,3700,11100,Raipur,L,Silver,Summer,2.9,No,Free Shipping,No,No,26,Bank Transfer,Monthly
3526,45,Female,Sunglasses,Accessories,3,1900,5700,Goa,L,Olive,Winter,3.5,No,Standard,No,No,13,Debit Card,Annually
3527,20,Female,Sweater,Clothing,3,4950,14850,Udaipur,M,Olive,Spring,3.8,No,Express,No,No,21,Bank Transfer,Every 3 Months
3528,25,Female,Blouse,Clothing,3,4850,14550,Jodhpur,S,Charcoal,Spring,4.7,No,Free Shipping,No,No,29,Bank Transfer,Weekly
3529,38,Female,Scarf,Accessories,2,3350,6700,Rajkot,L,Gray,Summer,4.5,No,Free Shipping,No,No,13,Credit Card,Annually
3530,55,Female,T-shirt,Clothing,2,1000,2000,Vadodara,S,Maroon,Winter,3.9,No,Next Day Air,No,No,49,Cash,Weekly
3531,62,Female,Sunglasses,Accessories,2,2250,4500,Siliguri,L,Black,Spring,3.4,No,Express,No,No,14,UPI,Weekly
3532,54,Female,Shoes,Footwear,2,2600,5200,Guwahati,XL,Violet,Winter,4.6,No,2-Day Shipping,No,No,19,PhonePe,Quarterly
3533,61,Female,Pants,Clothing,1,3400,3400,Imphal,L,Indigo,Fall,4.6,No,Standard,No,No,45,Google Pay,Annually
3534,50,Female,Sneakers,Footwear,3,4900,14700,Aizawl,L,Yellow,Fall,4.7,No,Standard,No,No,45,Paytm,Fortnightly
3535,65,Female,Shoes,Footwear,2,4150,8300,Shillong,M,Gray,Fall,3.2,No,Express,No,No,39,Credit Card,Weekly
3536,68,Female,Shorts,Clothing,3,2550,7650,Nagpur,M,Red,Summer,5,No,Express,No,No,24,Debit Card,Monthly
3537,55,Female,Handbag,Accessories,3,1050,3150,Mumbai,L,Peach,Spring,4.5,No,Express,No,No,7,Net Banking,Monthly
3538,57,Female,Handbag,Accessories,3,4600,13800,Pune,M,Gray,Spring,3.5,No,Standard,No,No,22,Amazon Pay,Every 3 Months
3539,56,Female,Shoes,Footwear,2,3150,6300,Delhi,S,White,Spring,4.5,No,Store Pickup,No,No,48,Amazon Pay,Monthly
3540,29,Female,Jewelry,Accessories,3,2800,8400,Bengaluru,S,Green,Spring,3.2,No,Express,No,No,49,Amazon Pay,Bi-Weekly
3541,24,Female,Shorts,Clothing,3,4750,14250,Hyderabad,M,Magenta,Spring,4.6,No,Free Shipping,No,No,46,Amazon Pay,Weekly
3542,59,Female,Blouse,Clothing,3,3300,9900,Chennai,M,Olive,Winter,4,No,Next Day Air,No,No,42,Amazon Pay,Annually
3543,62,Female,Coat,Outerwear,2,1400,2800,Kolkata,S,Olive,Spring,4.2,No,Express,No,No,5,Bank Transfer,Weekly
3544,58,Female,Hat,Accessories,2,4150,8300,Ahmedabad,M,Blue,Winter,4.1,No,Standard,No,No,8,Cash,Every 3 Months
3545,64,Female,Socks,Clothing,3,2750,8250,Surat,XL,Charcoal,Fall,3.6,No,2-Day Shipping,No,No,10,Cash,Every 3 Months
3546,48,Female,Sandals,Footwear,1,1400,1400,Jaipur,M,Yellow,Spring,3.7,No,2-Day Shipping,No,No,22,UPI,Annually
3547,60,Female,Scarf,Accessories,1,3950,3950,Lucknow,M,Violet,Summer,3.6,No,Free Shipping,No,No,38,PhonePe,Bi-Weekly
3548,52,Female,Scarf,Accessories,3,1550,4650,Kanpur,L,Magenta,Summer,3.8,No,Standard,No,No,50,Google Pay,Annually
3549,63,Female,Blouse,Clothing,1,1850,1850,Nagpur,M,Red,Fall,3,No,Standard,No,No,12,Paytm,Fortnightly
3550,44,Female,T-shirt,Clothing,1,1700,1700,Indore,M,Cyan,Summer,3.4,No,2-Day Shipping,No,No,40,Credit Card,Fortnightly
3551,63,Female,Shoes,Footwear,2,3700,7400,Bhopal,S,Orange,Winter,4.8,No,Standard,No,No,3,Debit Card,Weekly
3552,66,Female,Gloves,Accessories,2,1550,3100,Patna,L,Black,Spring,2.6,No,Store Pickup,No,No,2,Net Banking,Weekly
3553,22,Female,Sunglasses,Accessories,3,3300,9900,Ranchi,M,Blue,Winter,2.9,No,Next Day Air,No,No,9,Amazon Pay,Quarterly
3554,62,Female,Shoes,Footwear,2,4950,9900,Bhubaneswar,M,Charcoal,Spring,4.9,No,Free Shipping,No,No,7,EMI,Weekly
3555,39,Female,Dress,Clothing,3,2750,8250,Visakhapatnam,M,Indigo,Spring,5,No,Free Shipping,No,No,28,Cash,Fortnightly
3556,25,Female,Blouse,Clothing,2,1150,2300,Vijayawada,L,Silver,Spring,4.6,No,Next Day Air,No,No,3,UPI,Quarterly
3557,70,Female,Sweater,Clothing,1,4400,4400,Kochi,M,Brown,Fall,4.2,No,Express,No,No,35,PhonePe,Bi-Weekly
3558,52,Female,Jacket,Outerwear,1,1300,1300,Thiruvananthapuram,M,Peach,Summer,4.9,No,Next Day Air,No,No,41,Google Pay,Every 3 Months
3559,68,Female,Backpack,Accessories,3,4700,14100,Coimbatore,L,Magenta,Summer,4.8,No,Standard,No,No,8,Paytm,Quarterly
3560,18,Female,Shorts,Clothing,2,1250,2500,Madurai,M,Beige,Fall,3,No,Next Day Air,No,No,11,Credit Card,Every 3 Months
3561,18,Female,Socks,Clothing,2,4800,9600,Mysuru,XL,Violet,Fall,3.5,No,Express,No,No,32,Debit Card,Annually
3562,63,Female,Sneakers,Footwear,1,1450,1450,Mangaluru,L,Black,Spring,3.4,No,Standard,No,No,12,Net Banking,Fortnightly
3563,47,Female,Sneakers,Footwear,1,1800,1800,Nashik,M,Cyan,Winter,3.4,No,Free Shipping,No,No,46,Amazon Pay,Weekly
3564,43,Female,Blouse,Clothing,2,4500,9000,Aurangabad,M,Green,Summer,4.9,No,Standard,No,No,37,EMI,Every 3 Months
3565,60,Female,Gloves,Accessories,1,1900,1900,Kolhapur,S,Brown,Summer,4.4,No,Free Shipping,No,No,41,Bank Transfer,Annually
3566,49,Female,Handbag,Accessories,3,2600,7800,Thane,S,Gray,Spring,4.2,No,Store Pickup,No,No,24,Google Pay,Monthly
3567,28,Female,Jeans,Clothing,2,4400,8800,Navi Mumbai,S,Orange,Spring,3.1,No,Next Day Air,No,No,43,Cash,Monthly
3568,32,Female,Scarf,Accessories,3,2800,8400,Vasai-Virar,S,Silver,Summer,4,No,Next Day Air,No,No,37,EMI,Monthly
3569,29,Female,Sandals,Footwear,3,3550,10650,Kalyan-Dombivli,M,Purple,Spring,4.8,No,Next Day Air,No,No,34,Debit Card,Quarterly
3570,35,Female,Sandals,Footwear,1,4700,4700,Noida,M,Olive,Fall,3.3,No,Express,No,No,47,Paytm,Fortnightly
3571,23,Female,Dress,Clothing,2,4850,9700,Gurugram,XL,Teal,Winter,4.7,No,Standard,No,No,8,Net Banking,Annually
3572,70,Female,Skirt,Clothing,2,1350,2700,Faridabad,M,White,Summer,3.2,No,Standard,No,No,40,UPI,Every 3 Months
3573,23,Female,Shorts,Clothing,2,1400,2800,Ghaziabad,M,Black,Spring,5,No,Standard,No,No,42,Amazon Pay,Monthly
3574,43,Female,Jeans,Clothing,1,3350,3350,Chandigarh,L,Maroon,Fall,4.9,No,Free Shipping,No,No,45,Credit Card,Monthly
3575,29,Female,Socks,Clothing,2,3500,7000,Ludhiana,M,Cyan,Fall,4.9,No,Express,No,No,6,PhonePe,Quarterly
3576,61,Female,Coat,Outerwear,2,4750,9500,Amritsar,M,Violet,Fall,3.7,No,Express,No,No,28,Google Pay,Bi-Weekly
3577,29,Female,Boots,Footwear,3,1200,3600,Jammu,L,Yellow,Spring,3,No,Express,No,No,22,Cash,Bi-Weekly
3578,66,Female,Belt,Accessories,1,1750,1750,Srinagar,S,Yellow,Winter,2.6,No,Standard,No,No,27,EMI,Weekly
3579,46,Female,Shoes,Footwear,1,1100,1100,Shimla,L,Olive,Winter,2.6,No,Standard,No,No,39,Debit Card,Quarterly
3580,34,Female,Scarf,Accessories,2,3300,6600,Dehradun,L,Olive,Fall,4.8,No,Standard,No,No,6,Paytm,Every 3 Months
3581,51,Female,Blouse,Clothing,1,4150,4150,Agra,M,Magenta,Summer,3.2,No,2-Day Shipping,No,No,22,Net Banking,Bi-Weekly
3582,26,Female,Dress,Clothing,1,4750,4750,Varanasi,M,Orange,Fall,4.9,No,Next Day Air,No,No,1,UPI,Weekly
3583,23,Female,Shorts,Clothing,1,2050,2050,Prayagraj,S,Beige,Summer,3.4,No,2-Day Shipping,No,No,22,Amazon Pay,Annually
3584,52,Female,Blouse,Clothing,2,3850,7700,Gwalior,L,Brown,Summer,2.7,No,Store Pickup,No,No,45,Credit Card,Every 3 Months
3585,39,Female,Sneakers,Footwear,3,2600,7800,Jabalpur,L,Indigo,Fall,4.8,No,Express,No,No,46,PhonePe,Monthly
3586,39,Female,Gloves,Accessories,1,2050,2050,Raipur,XL,Gray,Winter,4.1,No,Standard,No,No,27,Credit Card,Bi-Weekly
3587,33,Female,Hoodie,Clothing,2,1400,2800,Goa,M,Yellow,Winter,4.6,No,Store Pickup,No,No,10,UPI,Bi-Weekly
3588,33,Female,Sweater,Clothing,1,4500,4500,Udaipur,S,Violet,Summer,4.4,No,Standard,No,No,1,Paytm,Annually
3589,23,Female,Sunglasses,Accessories,2,2750,5500,Jodhpur,M,Magenta,Spring,3.5,No,2-Day Shipping,No,No,32,Cash,Annually
3590,31,Female,Belt,Accessories,1,3650,3650,Rajkot,M,Blue,Spring,4.8,No,Next Day Air,No,No,1,Amazon Pay,Every 3 Months
3591,27,Female,Dress,Clothing,1,4350,4350,Vadodara,M,Gray,Fall,2.9,No,2-Day Shipping,No,No,6,PhonePe,Every 3 Months
3592,48,Female,Jacket,Outerwear,2,4450,8900,Siliguri,M,Gold,Winter,3.2,No,2-Day Shipping,No,No,35,Net Banking,Quarterly
3593,61,Female,Boots,Footwear,2,4100,8200,Guwahati,L,Lavender,Spring,4.4,No,2-Day Shipping,No,No,6,EMI,Fortnightly
3594,63,Female,Sandals,Footwear,3,4000,12000,Imphal,M,Black,Spring,4.6,No,Next Day Air,No,No,38,Google Pay,Monthly
3595,19,Female,Scarf,Accessories,2,4350,8700,Aizawl,L,Charcoal,Summer,2.6,No,2-Day Shipping,No,No,7,Debit Card,Quarterly
3596,21,Female,Blouse,Clothing,2,2050,4100,Shillong,M,Violet,Spring,3.1,No,Store Pickup,No,No,34,Bank Transfer,Annually
3597,28,Female,Hoodie,Clothing,3,4150,12450,Mumbai,M,Charcoal,Spring,4.3,No,Standard,No,No,1,UPI,Fortnightly
3598,29,Female,Sunglasses,Accessories,2,3550,7100,Pune,M,Maroon,Summer,3.1,No,Standard,No,No,47,PhonePe,Quarterly
3599,23,Female,Hoodie,Clothing,1,3800,3800,Delhi,XL,Purple,Spring,4.6,No,Store Pickup,No,No,4,Google Pay,Bi-Weekly
3600,37,Female,Scarf,Accessories,2,1700,3400,Bengaluru,S,Peach,Spring,4.6,No,Express,No,No,32,Paytm,Weekly
3601,67,Female,Dress,Clothing,2,4050,8100,Hyderabad,XL,Olive,Spring,2.7,No,Free Shipping,No,No,44,Credit Card,Bi-Weekly
3602,34,Female,T-shirt,Clothing,1,2350,2350,Chennai,M,Indigo,Summer,3,No,Next Day Air,No,No,38,Debit Card,Monthly
3603,58,Female,Skirt,Clothing,2,1800,3600,Kolkata,S,Magenta,Summer,3.3,No,Store Pickup,No,No,22,Cash,Quarterly
3604,45,Female,Jeans,Clothing,3,2550,7650,Ahmedabad,M,Gold,Spring,2.7,No,Free Shipping,No,No,36,Net Banking,Weekly
3605,63,Female,Hoodie,Clothing,3,4300,12900,Surat,M,Orange,Fall,3.3,No,Standard,No,No,50,Amazon Pay,Annually
3606,68,Female,Jeans,Clothing,3,2050,6150,Jaipur,M,Gold,Fall,4.3,No,Store Pickup,No,No,11,EMI,Every 3 Months
3607,41,Female,Sandals,Footwear,1,4500,4500,Lucknow,XL,Purple,Fall,4.8,No,Express,No,No,6,UPI,Annually
3608,50,Female,Hat,Accessories,2,4650,9300,Kanpur,L,Charcoal,Fall,3.3,No,Standard,No,No,5,PhonePe,Bi-Weekly
3609,24,Female,Gloves,Accessories,2,2800,5600,Nagpur,M,Cyan,Fall,4.3,No,Next Day Air,No,No,18,Google Pay,Every 3 Months
3610,21,Female,Socks,Clothing,2,1950,3900,Indore,M,Cyan,Summer,3,No,2-Day Shipping,No,No,20,Paytm,Monthly
3611,18,Female,Jacket,Outerwear,3,4300,12900,Bhopal,XL,Green,Fall,4.8,No,2-Day Shipping,No,No,45,Credit Card,Fortnightly
3612,63,Female,T-shirt,Clothing,2,4100,8200,Patna,M,Silver,Spring,2.9,No,Standard,No,No,24,Debit Card,Annually
3613,47,Female,Sandals,Footwear,3,1450,4350,Ranchi,M,Teal,Summer,3.6,No,Standard,No,No,15,Cash,Every 3 Months
3614,58,Female,Hat,Accessories,1,1350,1350,Bhubaneswar,M,Magenta,Fall,3.5,No,Store Pickup,No,No,39,Net Banking,Annually
3615,46,Female,Gloves,Accessories,3,1250,3750,Visakhapatnam,L,Maroon,Spring,4.7,No,2-Day Shipping,No,No,13,Amazon Pay,Annually
3616,35,Female,Dress,Clothing,2,1550,3100,Vijayawada,M,Gold,Winter,4.4,No,Free Shipping,No,No,11,EMI,Monthly
3617,42,Female,Hoodie,Clothing,2,1150,2300,Kochi,L,Purple,Winter,3.3,No,Store Pickup,No,No,48,Cash,Fortnightly
3618,48,Female,Belt,Accessories,1,2350,2350,Thiruvananthapuram,M,Lavender,Fall,4.3,No,Express,No,No,36,Debit Card,Monthly
3619,28,Female,Gloves,Accessories,1,3350,3350,Coimbatore,M,Maroon,Fall,4,No,2-Day Shipping,No,No,30,Debit Card,Bi-Weekly
3620,44,Female,Scarf,Accessories,3,3750,11250,Madurai,S,Magenta,Winter,4.9,No,2-Day Shipping,No,No,19,Credit Card,Weekly
3621,60,Female,Sandals,Footwear,3,4100,12300,Mysuru,M,Turquoise,Summer,2.9,No,Express,No,No,44,Debit Card,Fortnightly
3622,38,Female,Sneakers,Footwear,3,1600,4800,Mangaluru,XL,Silver,Summer,4,No,2-Day Shipping,No,No,21,Paytm,Fortnightly
3623,46,Female,Dress,Clothing,2,2050,4100,Nashik,M,Purple,Fall,4.3,No,Store Pickup,No,No,26,Credit Card,Annually
3624,39,Female,Jewelry,Accessories,2,4450,8900,Aurangabad,M,Violet,Winter,2.7,No,2-Day Shipping,No,No,8,Debit Card,Weekly
3625,22,Female,Hat,Accessories,3,4100,12300,Kolhapur,XL,Peach,Fall,5,No,Store Pickup,No,No,21,Cash on Delivery,Bi-Weekly
3626,44,Female,Scarf,Accessories,1,4950,4950,Thane,L,Green,Winter,4.4,No,Express,No,No,12,Net Banking,Weekly
3627,69,Female,Blouse,Clothing,2,4900,9800,Navi Mumbai,L,Teal,Fall,3.5,No,Express,No,No,22,Amazon Pay,Quarterly
3628,39,Female,Belt,Accessories,3,2700,8100,Vasai-Virar,M,Silver,Winter,3.3,No,Next Day Air,No,No,48,EMI,Every 3 Months
3629,53,Female,Blouse,Clothing,3,4400,13200,Kalyan-Dombivli,L,Purple,Summer,3.8,No,Free Shipping,No,No,7,UPI,Monthly
3630,52,Female,T-shirt,Clothing,3,2150,6450,Noida,L,Lavender,Summer,4.5,No,Standard,No,No,1,PhonePe,Fortnightly
3631,65,Female,Hat,Accessories,3,3650,10950,Gurugram,M,Lavender,Winter,4.8,No,Store Pickup,No,No,18,Google Pay,Weekly
3632,48,Female,Hat,Accessories,1,2500,2500,Faridabad,M,Peach,Fall,2.9,No,Store Pickup,No,No,9,Paytm,Monthly
3633,27,Female,Sneakers,Footwear,3,3650,10950,Ghaziabad,L,Green,Spring,3.2,No,Express,No,No,13,Credit Card,Quarterly
3634,39,Female,Gloves,Accessories,2,2550,5100,Chandigarh,M,Orange,Spring,2.8,No,Free Shipping,No,No,10,Debit Card,Bi-Weekly
3635,59,Female,Socks,Clothing,1,1100,1100,Ludhiana,M,Pink,Winter,3.3,No,Standard,No,No,48,Cash,Annually
3636,52,Female,Sandals,Footwear,2,1600,3200,Amritsar,L,Cyan,Fall,3.3,No,Free Shipping,No,No,20,UPI,Fortnightly
3637,50,Female,Sandals,Footwear,2,1900,3800,Jammu,L,Lavender,Summer,4.2,No,2-Day Shipping,No,No,33,PhonePe,Weekly
3638,32,Female,Boots,Footwear,2,3300,6600,Srinagar,L,Yellow,Winter,3.6,No,Express,No,No,50,Google Pay,Fortnightly
3639,40,Female,Backpack,Accessories,1,1000,1000,Shimla,M,Olive,Spring,4.6,No,Express,No,No,43,Paytm,Bi-Weekly
3640,26,Female,Coat,Outerwear,3,2200,6600,Dehradun,M,Brown,Summer,3.6,No,2-Day Shipping,No,No,24,Credit Card,Annually
3641,47,Female,Sunglasses,Accessories,3,1550,4650,Agra,L,Pink,Spring,4,No,Next Day Air,No,No,13,Debit Card,Monthly
3642,51,Female,Jacket,Outerwear,1,2250,2250,Varanasi,M,Cyan,Fall,2.7,No,Free Shipping,No,No,11,Net Banking,Every 3 Months
3643,47,Female,Dress,Clothing,3,3550,10650,Prayagraj,L,Maroon,Summer,4.4,No,Store Pickup,No,No,45,Amazon Pay,Annually
3644,53,Female,Scarf,Accessories,2,4800,9600,Gwalior,XL,Magenta,Fall,3.2,No,Standard,No,No,15,EMI,Annually
3645,35,Female,Blouse,Clothing,2,1600,3200,Jabalpur,M,Violet,Winter,2.6,No,Next Day Air,No,No,42,Cash,Weekly
3646,38,Female,Backpack,Accessories,3,4500,13500,Raipur,L,Silver,Summer,3.4,No,Free Shipping,No,No,29,Debit Card,Every 3 Months
3647,69,Female,Jewelry,Accessories,3,3400,10200,Goa,M,Maroon,Spring,5,No,2-Day Shipping,No,No,9,Debit Card,Fortnightly
3648,47,Female,Shorts,Clothing,2,2250,4500,Udaipur,M,Gray,Winter,2.9,No,Store Pickup,No,No,6,Credit Card,Weekly
3649,31,Female,Skirt,Clothing,2,3350,6700,Jodhpur,M,White,Winter,5,No,Free Shipping,No,No,36,Credit Card,Bi-Weekly
3650,68,Female,Skirt,Clothing,2,2850,5700,Rajkot,M,Brown,Fall,4.4,No,Standard,No,No,31,Credit Card,Fortnightly
3651,51,Female,Jeans,Clothing,3,3000,9000,Vadodara,M,Silver,Summer,3.5,No,2-Day Shipping,No,No,36,Debit Card,Annually
3652,20,Female,Handbag,Accessories,3,1600,4800,Siliguri,M,Yellow,Spring,3.8,No,Express,No,No,22,Credit Card,Every 3 Months
3653,27,Female,Handbag,Accessories,3,1450,4350,Guwahati,S,Magenta,Fall,3.8,No,Store Pickup,No,No,48,Credit Card,Monthly
3654,67,Female,Coat,Outerwear,1,1000,1000,Imphal,M,Blue,Spring,3.9,No,Next Day Air,No,No,41,Debit Card,Fortnightly
3655,21,Female,Jewelry,Accessories,2,4900,9800,Aizawl,M,Green,Winter,3.3,No,Next Day Air,No,No,15,Cash,Annually
3656,20,Female,Sweater,Clothing,2,1350,2700,Shillong,M,Yellow,Fall,2.9,No,Next Day Air,No,No,45,UPI,Bi-Weekly
3657,35,Female,Jacket,Outerwear,3,3350,10050,Mumbai,XL,Cyan,Spring,3.7,No,2-Day Shipping,No,No,41,PhonePe,Monthly
3658,58,Female,Shoes,Footwear,2,4100,8200,Pune,L,Gold,Winter,3.7,No,Express,No,No,38,Google Pay,Every 3 Months
3659,28,Female,T-shirt,Clothing,1,3600,3600,Delhi,M,Magenta,Fall,4.6,No,Standard,No,No,7,Paytm,Fortnightly
3660,27,Female,Sandals,Footwear,1,3850,3850,Bengaluru,S,Gray,Fall,4.9,No,Store Pickup,No,No,47,Credit Card,Annually
3661,19,Female,Shoes,Footwear,3,3700,11100,Hyderabad,L,Indigo,Winter,3.1,No,2-Day Shipping,No,No,37,Debit Card,Fortnightly
3662,63,Female,Sandals,Footwear,2,1950,3900,Chennai,S,White,Winter,3.5,No,Next Day Air,No,No,12,Net Banking,Fortnightly
3663,69,Female,Shorts,Clothing,3,4000,12000,Kolkata,M,Indigo,Spring,4.9,No,Next Day Air,No,No,1,Amazon Pay,Weekly
3664,65,Female,Backpack,Accessories,1,2950,2950,Ahmedabad,M,Green,Summer,4.4,No,Express,No,No,32,EMI,Weekly
3665,63,Female,Jacket,Outerwear,1,3400,3400,Surat,M,Turquoise,Fall,4.4,No,Store Pickup,No,No,1,Cash,Fortnightly
3666,28,Female,Socks,Clothing,3,3850,11550,Jaipur,M,Peach,Fall,3.4,No,Next Day Air,No,No,5,Cash,Quarterly
3667,67,Female,Jewelry,Accessories,1,2500,2500,Lucknow,M,Olive,Winter,3,No,2-Day Shipping,No,No,30,Debit Card,Every 3 Months
3668,51,Female,Pants,Clothing,1,2250,2250,Kanpur,L,Cyan,Fall,2.6,No,Next Day Air,No,No,47,Cash,Monthly
3669,59,Female,Blouse,Clothing,2,3550,7100,Nagpur,XL,Magenta,Summer,3.2,No,Store Pickup,No,No,22,UPI,Annually
3670,25,Female,Socks,Clothing,2,2600,5200,Indore,S,Silver,Fall,4.6,No,Store Pickup,No,No,39,PhonePe,Quarterly
3671,31,Female,Shoes,Footwear,3,2500,7500,Bhopal,S,White,Winter,3.8,No,Free Shipping,No,No,1,Google Pay,Every 3 Months
3672,62,Female,Handbag,Accessories,3,3300,9900,Patna,L,Pink,Summer,4.8,No,2-Day Shipping,No,No,20,Paytm,Quarterly
3673,51,Female,Sandals,Footwear,1,4050,4050,Ranchi,S,Pink,Fall,4.5,No,Free Shipping,No,No,50,Credit Card,Monthly
3674,32,Female,Socks,Clothing,2,1400,2800,Bhubaneswar,M,Pink,Summer,4.2,No,2-Day Shipping,No,No,30,Debit Card,Fortnightly
3675,35,Female,Handbag,Accessories,2,3250,6500,Visakhapatnam,M,Blue,Winter,2.7,No,2-Day Shipping,No,No,24,Net Banking,Fortnightly
3676,70,Female,Hat,Accessories,3,4000,12000,Vijayawada,M,White,Winter,4.5,No,Express,No,No,1,Amazon Pay,Monthly
3677,19,Female,Jewelry,Accessories,2,4700,9400,Kochi,S,Teal,Spring,4.9,No,Free Shipping,No,No,15,EMI,Monthly
3678,32,Female,Backpack,Accessories,1,1500,1500,Thiruvananthapuram,M,Gray,Fall,2.8,No,Standard,No,No,48,Credit Card,Annually
3679,56,Female,Shirt,Clothing,3,2250,6750,Coimbatore,S,Beige,Fall,3.5,No,Standard,No,No,16,Credit Card,Fortnightly
3680,53,Female,Coat,Outerwear,1,4550,4550,Madurai,M,Violet,Summer,2.5,No,Store Pickup,No,No,38,Bank Transfer,Bi-Weekly
3681,22,Female,Sunglasses,Accessories,3,1800,5400,Mysuru,S,Blue,Winter,2.9,No,Standard,No,No,9,Bank Transfer,Quarterly
3682,26,Female,Gloves,Accessories,1,3650,3650,Mangaluru,XL,Magenta,Fall,4.2,No,Next Day Air,No,No,27,Debit Card,Monthly
3683,42,Female,Shirt,Clothing,3,3000,9000,Nashik,M,Maroon,Fall,4.6,No,Store Pickup,No,No,17,Cash,Bi-Weekly
3684,30,Female,Socks,Clothing,1,3850,3850,Aurangabad,M,Purple,Winter,3,No,Free Shipping,No,No,9,Debit Card,Fortnightly
3685,29,Female,Skirt,Clothing,2,4300,8600,Kolhapur,L,Charcoal,Spring,4.4,No,Free Shipping,No,No,19,Credit Card,Bi-Weekly
3686,47,Female,Shorts,Clothing,1,2100,2100,Thane,L,Red,Summer,2.6,No,Standard,No,No,35,Cash,Bi-Weekly
3687,59,Female,Sandals,Footwear,2,3500,7000,Navi Mumbai,M,Charcoal,Spring,4.8,No,Free Shipping,No,No,49,Credit Card,Bi-Weekly
3688,34,Female,Shirt,Clothing,2,2200,4400,Vasai-Virar,L,Lavender,Summer,2.9,No,Next Day Air,No,No,44,Credit Card,Every 3 Months
3689,52,Female,Sunglasses,Accessories,2,4550,9100,Kalyan-Dombivli,L,White,Spring,3,No,Next Day Air,No,No,45,Cash,Monthly
3690,47,Female,Jewelry,Accessories,3,1500,4500,Noida,L,Red,Fall,4.5,No,Standard,No,No,22,UPI,Quarterly
3691,24,Female,Blouse,Clothing,2,1150,2300,Gurugram,S,Violet,Fall,3.7,No,Store Pickup,No,No,37,PhonePe,Bi-Weekly
3692,63,Female,Sandals,Footwear,3,1050,3150,Faridabad,XL,Orange,Summer,4.8,No,Next Day Air,No,No,23,Google Pay,Weekly
3693,59,Female,Coat,Outerwear,3,1700,5100,Ghaziabad,L,Turquoise,Spring,4.8,No,Free Shipping,No,No,36,Paytm,Fortnightly
3694,66,Female,Blouse,Clothing,2,2300,4600,Chandigarh,M,Violet,Summer,4.7,No,2-Day Shipping,No,No,28,Credit Card,Weekly
3695,45,Female,Sweater,Clothing,2,2050,4100,Ludhiana,M,Blue,Winter,2.6,No,Express,No,No,35,Debit Card,Bi-Weekly
3696,38,Female,Skirt,Clothing,3,1650,4950,Amritsar,M,White,Fall,4.6,No,Standard,No,No,19,Net Banking,Fortnightly
3697,63,Female,Blouse,Clothing,1,2400,2400,Jammu,L,Turquoise,Fall,3.4,No,Next Day Air,No,No,32,Amazon Pay,Annually
3698,55,Female,Hoodie,Clothing,3,3300,9900,Srinagar,L,Pink,Winter,3,No,Standard,No,No,10,EMI,Weekly
3699,25,Female,Skirt,Clothing,3,2700,8100,Shimla,XL,Maroon,Spring,4,No,2-Day Shipping,No,No,17,Credit Card,Annually
3700,51,Female,Backpack,Accessories,2,2750,5500,Dehradun,M,Olive,Fall,2.6,No,Store Pickup,No,No,46,Cash,Weekly
3701,28,Female,Handbag,Accessories,1,4200,4200,Agra,XL,Charcoal,Summer,3.4,No,Store Pickup,No,No,45,UPI,Every 3 Months
3702,46,Female,Sandals,Footwear,2,3300,6600,Varanasi,M,Charcoal,Spring,4.5,No,Store Pickup,No,No,1,PhonePe,Annually
3703,58,Female,Shoes,Footwear,3,3250,9750,Prayagraj,M,Indigo,Spring,2.7,No,Store Pickup,No,No,8,Google Pay,Weekly
3704,30,Female,Sandals,Footwear,1,4150,4150,Gwalior,S,Teal,Fall,2.9,No,Standard,No,No,35,Paytm,Every 3 Months
3705,68,Female,Sunglasses,Accessories,2,3050,6100,Jabalpur,L,Black,Winter,4,No,Store Pickup,No,No,43,Credit Card,Quarterly
3706,28,Female,Skirt,Clothing,1,3250,3250,Raipur,L,Teal,Summer,3.2,No,Free Shipping,No,No,22,Debit Card,Annually
3707,26,Female,Sandals,Footwear,2,2750,5500,Goa,M,Green,Spring,4,No,Store Pickup,No,No,25,Net Banking,Bi-Weekly
3708,35,Female,Gloves,Accessories,3,3950,11850,Udaipur,M,Gold,Fall,3.4,No,2-Day Shipping,No,No,11,Amazon Pay,Weekly
3709,40,Female,Hoodie,Clothing,1,4800,4800,Jodhpur,M,Red,Fall,4.9,No,Express,No,No,49,EMI,Monthly
3710,31,Female,Socks,Clothing,3,2150,6450,Rajkot,M,Silver,Fall,3.6,No,Free Shipping,No,No,21,Cash,Quarterly
3711,60,Female,Jewelry,Accessories,2,2000,4000,Vadodara,M,Yellow,Summer,3.6,No,2-Day Shipping,No,No,40,UPI,Fortnightly
3712,69,Female,Hat,Accessories,3,3100,9300,Siliguri,XL,Peach,Fall,3.2,No,Free Shipping,No,No,41,PhonePe,Annually
3713,51,Female,Blouse,Clothing,3,3600,10800,Guwahati,M,Turquoise,Spring,3.7,No,2-Day Shipping,No,No,12,Google Pay,Quarterly
3714,49,Female,Shoes,Footwear,3,4350,13050,Imphal,M,Peach,Spring,2.6,No,Express,No,No,33,Paytm,Every 3 Months
3715,18,Female,Hat,Accessories,2,1550,3100,Aizawl,S,Peach,Winter,3.9,No,Express,No,No,36,Credit Card,Weekly
3716,63,Female,Sunglasses,Accessories,3,1700,5100,Shillong,S,Orange,Fall,3.4,No,Free Shipping,No,No,8,Debit Card,Monthly
3717,57,Female,Shirt,Clothing,1,2650,2650,Patna,M,Charcoal,Fall,3.4,No,Next Day Air,No,No,27,Net Banking,Every 3 Months
3718,45,Female,T-shirt,Clothing,1,4250,4250,Ranchi,XL,White,Summer,4.2,No,Express,No,No,17,Amazon Pay,Every 3 Months
3719,36,Female,Pants,Clothing,1,2500,2500,Bhubaneswar,L,Turquoise,Fall,2.9,No,Standard,No,No,23,EMI,Bi-Weekly
3720,20,Female,Pants,Clothing,1,4550,4550,Visakhapatnam,M,Red,Summer,4.1,No,Free Shipping,No,No,44,Cash,Every 3 Months
3721,21,Female,Hat,Accessories,1,2800,2800,Vijayawada,M,Peach,Fall,3.6,No,Free Shipping,No,No,17,Cash,Quarterly
3722,62,Female,Coat,Outerwear,3,3000,9000,Kochi,L,Pink,Fall,4,No,Next Day Air,No,No,35,UPI,Annually
3723,23,Female,Jacket,Outerwear,2,1700,3400,Thiruvananthapuram,XL,Yellow,Fall,4,No,Standard,No,No,31,PhonePe,Fortnightly
3724,26,Female,Sandals,Footwear,2,1500,3000,Coimbatore,M,Beige,Spring,3.6,No,Free Shipping,No,No,16,Google Pay,Monthly
3725,30,Female,Gloves,Accessories,3,3550,10650,Madurai,L,Green,Winter,3.1,No,Express,No,No,26,Paytm,Annually
3726,18,Female,Dress,Clothing,1,5000,5000,Mysuru,S,Turquoise,Winter,4.4,No,Next Day Air,No,No,4,Credit Card,Annually
3727,47,Female,Belt,Accessories,2,4250,8500,Mangaluru,XL,Orange,Fall,4.3,No,Next Day Air,No,No,16,Debit Card,Every 3 Months
3728,41,Female,Socks,Clothing,1,4150,4150,Nashik,M,Gold,Summer,3.5,No,Next Day Air,No,No,28,Net Banking,Bi-Weekly
3729,62,Female,Jacket,Outerwear,3,1550,4650,Aurangabad,L,Red,Winter,3,No,Standard,No,No,33,Amazon Pay,Annually
3730,28,Female,Boots,Footwear,2,4100,8200,Kolhapur,M,Teal,Spring,4.7,No,2-Day Shipping,No,No,3,EMI,Quarterly
3731,46,Female,Shirt,Clothing,2,3950,7900,Thane,M,Teal,Summer,2.5,No,2-Day Shipping,No,No,43,Cash,Bi-Weekly
3732,54,Female,Hat,Accessories,1,3100,3100,Navi Mumbai,M,Lavender,Spring,3.1,No,2-Day Shipping,No,No,8,Cash,Quarterly
3733,36,Female,Shoes,Footwear,2,4600,9200,Vasai-Virar,L,Pink,Spring,3.3,No,Free Shipping,No,No,6,UPI,Annually
3734,25,Female,Socks,Clothing,1,2900,2900,Kalyan-Dombivli,M,Maroon,Fall,4.7,No,Next Day Air,No,No,28,PhonePe,Every 3 Months
3735,38,Female,Hoodie,Clothing,3,4400,13200,Noida,M,Beige,Spring,3.4,No,Next Day Air,No,No,12,Google Pay,Every 3 Months
3736,38,Female,Sandals,Footwear,3,2200,6600,Gurugram,L,Orange,Spring,3.1,No,2-Day Shipping,No,No,42,Paytm,Annually
3737,42,Female,Jeans,Clothing,3,2800,8400,Faridabad,M,Red,Spring,4.6,No,Store Pickup,No,No,25,Credit Card,Every 3 Months
3738,19,Female,Jewelry,Accessories,3,1150,3450,Ghaziabad,S,Maroon,Winter,4.9,No,Free Shipping,No,No,21,Debit Card,Bi-Weekly
3739,34,Female,Shorts,Clothing,1,2250,2250,Chandigarh,M,Brown,Spring,2.7,No,Free Shipping,No,No,15,Net Banking,Fortnightly
3740,38,Female,Sunglasses,Accessories,3,1550,4650,Ludhiana,M,Olive,Fall,4.2,No,Free Shipping,No,No,32,Amazon Pay,Weekly
3741,42,Female,Pants,Clothing,2,4800,9600,Amritsar,M,Silver,Summer,2.6,No,Store Pickup,No,No,39,EMI,Bi-Weekly
3742,58,Female,Shirt,Clothing,2,4800,9600,Jammu,M,Purple,Spring,3.2,No,2-Day Shipping,No,No,31,Debit Card,Bi-Weekly
3743,56,Female,Shirt,Clothing,1,4000,4000,Srinagar,M,Gray,Fall,4.4,No,Standard,No,No,43,Google Pay,Bi-Weekly
3744,62,Female,Pants,Clothing,2,1400,2800,Shimla,L,Cyan,Fall,3.6,No,Free Shipping,No,No,48,Bank Transfer,Quarterly
3745,24,Female,Hoodie,Clothing,1,2550,2550,Dehradun,M,Gray,Summer,2.7,No,Next Day Air,No,No,26,Debit Card,Fortnightly
3746,60,Female,Socks,Clothing,1,2050,2050,Agra,L,Gold,Spring,4.3,No,Express,No,No,43,Cash,Monthly
3747,53,Female,Coat,Outerwear,3,4950,14850,Varanasi,XL,Cyan,Summer,2.6,No,Next Day Air,No,No,30,UPI,Monthly
3748,26,Female,Sweater,Clothing,2,2650,5300,Prayagraj,L,Olive,Spring,4.3,No,Store Pickup,No,No,21,PhonePe,Bi-Weekly
3749,34,Female,Backpack,Accessories,3,1250,3750,Gwalior,M,Violet,Fall,3.9,No,2-Day Shipping,No,No,39,Google Pay,Annually
3750,24,Female,Blouse,Clothing,1,4750,4750,Jabalpur,L,Yellow,Winter,2.9,No,2-Day Shipping,No,No,27,Paytm,Every 3 Months
3751,42,Female,Hoodie,Clothing,1,4400,4400,Raipur,M,Gold,Fall,3.1,No,Free Shipping,No,No,22,Credit Card,Monthly
3752,36,Female,Jewelry,Accessories,3,4850,14550,Goa,S,Silver,Fall,4.2,No,Free Shipping,No,No,27,Debit Card,Every 3 Months
3753,24,Female,Coat,Outerwear,2,4050,8100,Udaipur,L,Pink,Winter,4.1,No,2-Day Shipping,No,No,14,Net Banking,Weekly
3754,39,Female,Sunglasses,Accessories,3,1300,3900,Jodhpur,S,Turquoise,Winter,4.2,No,Next Day Air,No,No,43,Amazon Pay,Fortnightly
3755,46,Female,Shoes,Footwear,1,2050,2050,Rajkot,M,Turquoise,Summer,4.4,No,Express,No,No,13,EMI,Every 3 Months
3756,64,Female,Skirt,Clothing,2,4650,9300,Vadodara,M,Peach,Fall,3.4,No,Free Shipping,No,No,37,Bank Transfer,Monthly
3757,64,Female,Skirt,Clothing,3,3450,10350,Siliguri,L,Teal,Spring,4.8,No,Express,No,No,38,Cash,Bi-Weekly
3758,61,Female,Skirt,Clothing,3,2200,6600,Guwahati,L,Red,Fall,4.5,No,2-Day Shipping,No,No,4,UPI,Weekly
3759,61,Female,Sandals,Footwear,1,2700,2700,Imphal,S,Black,Spring,2.7,No,Store Pickup,No,No,29,PhonePe,Quarterly
3760,44,Female,Sneakers,Footwear,1,3050,3050,Aizawl,M,Pink,Spring,3.5,No,Store Pickup,No,No,31,Google Pay,Quarterly
3761,65,Female,Socks,Clothing,1,4000,4000,Shillong,M,Peach,Fall,3.1,No,Next Day Air,No,No,15,Paytm,Weekly
3762,60,Female,Backpack,Accessories,2,1500,3000,Mumbai,M,Green,Summer,2.8,No,Next Day Air,No,No,40,Credit Card,Every 3 Months
3763,65,Female,Shorts,Clothing,2,4700,9400,Pune,L,Green,Fall,2.9,No,Store Pickup,No,No,29,Debit Card,Annually
3764,27,Female,Shirt,Clothing,2,1200,2400,Delhi,XL,Red,Winter,4.5,No,Standard,No,No,41,Net Banking,Every 3 Months
3765,36,Female,Socks,Clothing,1,1050,1050,Bengaluru,M,Maroon,Fall,3.5,No,Next Day Air,No,No,11,Amazon Pay,Monthly
3766,22,Female,Jewelry,Accessories,3,2600,7800,Hyderabad,M,Green,Summer,4.3,No,Standard,No,No,23,EMI,Bi-Weekly
3767,62,Female,Handbag,Accessories,1,2950,2950,Chennai,M,Black,Fall,4.9,No,Next Day Air,No,No,12,EMI,Annually
3768,59,Female,Shorts,Clothing,2,2550,5100,Kolkata,XL,Black,Summer,3.1,No,Free Shipping,No,No,28,Credit Card,Fortnightly
3769,50,Female,Sweater,Clothing,2,1750,3500,Ahmedabad,M,Yellow,Winter,4,No,Free Shipping,No,No,25,Credit Card,Quarterly
3770,51,Female,Gloves,Accessories,2,4350,8700,Surat,L,Green,Summer,3.6,No,Standard,No,No,10,Cash,Annually
3771,23,Female,Pants,Clothing,1,2100,2100,Jaipur,L,Black,Summer,4,No,Store Pickup,No,No,32,Cash,Weekly
3772,21,Female,T-shirt,Clothing,1,4300,4300,Lucknow,M,Red,Winter,2.6,No,Express,No,No,26,UPI,Bi-Weekly
3773,44,Female,Pants,Clothing,3,1300,3900,Kanpur,L,Yellow,Fall,3.1,No,Next Day Air,No,No,32,PhonePe,Annually
3774,25,Female,Sweater,Clothing,3,3000,9000,Nagpur,M,Violet,Summer,3.5,No,Store Pickup,No,No,28,Google Pay,Quarterly
3775,57,Female,Gloves,Accessories,1,4150,4150,Indore,S,Cyan,Winter,3.9,No,Standard,No,No,6,Paytm,Fortnightly
3776,41,Female,Belt,Accessories,2,3150,6300,Bhopal,S,Pink,Spring,2.7,No,2-Day Shipping,No,No,35,Credit Card,Quarterly
3777,19,Female,Sneakers,Footwear,3,1250,3750,Patna,L,Olive,Spring,4.1,No,Standard,No,No,4,Debit Card,Fortnightly
3778,43,Female,Shorts,Clothing,2,3250,6500,Ranchi,M,Maroon,Fall,4.3,No,Express,No,No,31,Net Banking,Weekly
3779,25,Female,Sneakers,Footwear,1,3000,3000,Bhubaneswar,M,Cyan,Fall,2.9,No,Free Shipping,No,No,18,Amazon Pay,Annually
3780,60,Female,Jeans,Clothing,1,3750,3750,Visakhapatnam,XL,Lavender,Spring,4,No,Express,No,No,7,EMI,Annually
3781,54,Female,Sneakers,Footwear,3,2850,8550,Vijayawada,L,Yellow,Fall,4.1,No,Free Shipping,No,No,29,Cash,Quarterly
3782,52,Female,Boots,Footwear,1,4950,4950,Kochi,M,Pink,Winter,3.7,No,Standard,No,No,11,Bank Transfer,Fortnightly
3783,40,Female,Jacket,Outerwear,3,2250,6750,Thiruvananthapuram,L,Orange,Spring,2.8,No,Free Shipping,No,No,39,Debit Card,Fortnightly
3784,39,Female,Gloves,Accessories,3,3300,9900,Coimbatore,XL,Orange,Summer,3.2,No,Free Shipping,No,No,34,Bank Transfer,Fortnightly
3785,54,Female,Socks,Clothing,2,2650,5300,Madurai,M,Violet,Winter,4.5,No,Next Day Air,No,No,7,Bank Transfer,Annually
3786,64,Female,Jeans,Clothing,2,4700,9400,Mysuru,L,Lavender,Winter,3.8,No,Standard,No,No,1,Credit Card,Monthly
3787,31,Female,Boots,Footwear,2,2350,4700,Mangaluru,L,Yellow,Fall,3.6,No,2-Day Shipping,No,No,7,Cash,Weekly
3788,37,Female,Blouse,Clothing,1,4000,4000,Nashik,M,Pink,Fall,3.6,No,2-Day Shipping,No,No,31,UPI,Every 3 Months
3789,43,Female,Hat,Accessories,1,3250,3250,Aurangabad,XL,Teal,Spring,3.2,No,Next Day Air,No,No,49,PhonePe,Monthly
3790,56,Female,Shirt,Clothing,3,3750,11250,Kolhapur,M,Magenta,Summer,3.8,No,Express,No,No,23,Google Pay,Every 3 Months
3791,27,Female,Handbag,Accessories,1,2250,2250,Thane,XL,Beige,Summer,4.4,No,Standard,No,No,21,Paytm,Weekly
3792,40,Female,Sunglasses,Accessories,2,2550,5100,Navi Mumbai,M,Gray,Spring,3.7,No,Store Pickup,No,No,50,Credit Card,Weekly
3793,43,Female,Scarf,Accessories,3,2900,8700,Vasai-Virar,S,Turquoise,Summer,2.6,No,Express,No,No,42,Debit Card,Fortnightly
3794,62,Female,Sunglasses,Accessories,1,1000,1000,Kalyan-Dombivli,M,Pink,Fall,4,No,Standard,No,No,4,Net Banking,Annually
3795,44,Female,Scarf,Accessories,1,4100,4100,Noida,M,Violet,Summer,3.6,No,2-Day Shipping,No,No,45,Amazon Pay,Weekly
3796,45,Female,Gloves,Accessories,2,4600,9200,Gurugram,M,Charcoal,Spring,2.5,No,Express,No,No,3,Amazon Pay,Weekly
3797,40,Female,Shorts,Clothing,3,4050,12150,Faridabad,M,Lavender,Fall,3.2,No,Free Shipping,No,No,29,Amazon Pay,Quarterly
3798,68,Female,Sunglasses,Accessories,1,2200,2200,Ghaziabad,M,Gray,Summer,2.5,No,Next Day Air,No,No,14,Amazon Pay,Quarterly
3799,63,Female,Jewelry,Accessories,2,3600,7200,Chandigarh,S,Brown,Winter,3.2,No,Next Day Air,No,No,33,Amazon Pay,Annually
3800,60,Female,Jacket,Outerwear,2,1300,2600,Ludhiana,L,Violet,Winter,2.6,No,Store Pickup,No,No,1,Bank Transfer,Monthly
3801,19,Female,Sweater,Clothing,2,1300,2600,Amritsar,M,Turquoise,Fall,4.8,No,Next Day Air,No,No,38,Cash,Bi-Weekly
3802,26,Female,Blouse,Clothing,3,4200,12600,Jammu,M,Peach,Spring,5,No,Store Pickup,No,No,46,Cash,Fortnightly
3803,70,Female,Scarf,Accessories,1,3600,3600,Srinagar,S,Turquoise,Spring,3.2,No,2-Day Shipping,No,No,17,UPI,Monthly
3804,48,Female,Handbag,Accessories,1,2750,2750,Shimla,M,Violet,Spring,3.6,No,Standard,No,No,42,PhonePe,Weekly
3805,37,Female,Hat,Accessories,1,3850,3850,Dehradun,M,Olive,Fall,2.7,No,2-Day Shipping,No,No,30,Google Pay,Annually
3806,48,Female,Scarf,Accessories,2,2850,5700,Agra,M,Green,Fall,3.1,No,Standard,No,No,45,Paytm,Quarterly
3807,18,Female,Boots,Footwear,2,3550,7100,Varanasi,M,Teal,Spring,3,No,Standard,No,No,38,Credit Card,Weekly
3808,38,Female,Blouse,Clothing,3,1950,5850,Prayagraj,L,Peach,Spring,2.9,No,Next Day Air,No,No,40,Debit Card,Annually
3809,33,Female,Socks,Clothing,3,1400,4200,Gwalior,M,Pink,Winter,4.7,No,Express,No,No,13,Net Banking,Bi-Weekly
3810,57,Female,Shoes,Footwear,1,1650,1650,Jabalpur,S,Maroon,Winter,3.7,No,Standard,No,No,19,Amazon Pay,Annually
3811,46,Female,Skirt,Clothing,2,3950,7900,Raipur,L,Peach,Fall,3.9,No,Free Shipping,No,No,49,EMI,Monthly
3812,46,Female,Belt,Accessories,2,1500,3000,Goa,M,Maroon,Winter,4,No,Standard,No,No,13,Cash,Monthly
3813,50,Female,Skirt,Clothing,2,3750,7500,Udaipur,M,Pink,Spring,2.8,No,Next Day Air,No,No,12,UPI,Every 3 Months
3814,61,Female,Pants,Clothing,2,4450,8900,Jodhpur,M,Orange,Summer,4.1,No,Express,No,No,27,PhonePe,Bi-Weekly
3815,45,Female,Dress,Clothing,3,4750,14250,Rajkot,M,Orange,Winter,4.2,No,Free Shipping,No,No,32,Google Pay,Every 3 Months
3816,32,Female,Hat,Accessories,3,2200,6600,Vadodara,M,Brown,Fall,4.3,No,Express,No,No,35,Paytm,Fortnightly
3817,29,Female,Coat,Outerwear,3,4300,12900,Siliguri,S,Silver,Summer,4.3,No,Store Pickup,No,No,32,Credit Card,Fortnightly
3818,66,Female,Scarf,Accessories,2,4550,9100,Guwahati,M,Magenta,Fall,2.6,No,Express,No,No,24,Debit Card,Annually
3819,70,Female,Sneakers,Footwear,2,2050,4100,Imphal,XL,Indigo,Winter,3.8,No,Free Shipping,No,No,40,Net Banking,Monthly
3820,36,Female,Pants,Clothing,1,4950,4950,Aizawl,S,Gold,Spring,2.9,No,Express,No,No,35,Amazon Pay,Quarterly
3821,34,Female,Belt,Accessories,3,3250,9750,Shillong,M,Purple,Winter,5,No,Standard,No,No,17,EMI,Quarterly
3822,20,Female,Sneakers,Footwear,2,2400,4800,Patna,M,Gold,Summer,4.6,No,Free Shipping,No,No,27,Bank Transfer,Every 3 Months
3823,70,Female,Hat,Accessories,1,2050,2050,Ranchi,S,Gold,Spring,3.2,No,Free Shipping,No,No,5,Google Pay,Every 3 Months
3824,50,Female,Shirt,Clothing,1,2100,2100,Bhubaneswar,M,Gold,Summer,3,No,Standard,No,No,31,Cash,Weekly
3825,54,Female,Shorts,Clothing,3,1300,3900,Visakhapatnam,M,Olive,Summer,4,No,Free Shipping,No,No,5,EMI,Quarterly
3826,49,Female,Shorts,Clothing,2,1750,3500,Vijayawada,L,Green,Fall,4.1,No,Express,No,No,3,Debit Card,Fortnightly
3827,50,Female,Jacket,Outerwear,1,1550,1550,Kochi,M,Gray,Summer,4,No,Express,No,No,16,Paytm,Annually
3828,62,Female,Jewelry,Accessories,3,3650,10950,Thiruvananthapuram,M,Red,Summer,4.1,No,Standard,No,No,36,Net Banking,Fortnightly
3829,42,Female,Blouse,Clothing,3,4100,12300,Coimbatore,M,Charcoal,Spring,3.4,No,Free Shipping,No,No,35,UPI,Weekly
3830,69,Female,Pants,Clothing,2,1600,3200,Madurai,M,Indigo,Spring,2.9,No,Free Shipping,No,No,35,Amazon Pay,Fortnightly
3831,22,Female,Hat,Accessories,3,1350,4050,Mysuru,M,Indigo,Summer,3,No,2-Day Shipping,No,No,3,Credit Card,Every 3 Months
3832,36,Female,Backpack,Accessories,3,4300,12900,Mangaluru,L,Silver,Spring,4,No,Next Day Air,No,No,9,PhonePe,Every 3 Months
3833,64,Female,Boots,Footwear,2,1900,3800,Nashik,XL,Purple,Winter,4.8,No,2-Day Shipping,No,No,39,Google Pay,Weekly
3834,44,Female,Jacket,Outerwear,1,4650,4650,Aurangabad,L,Gray,Summer,4.6,No,Free Shipping,No,No,33,Cash,Every 3 Months
3835,43,Female,Hoodie,Clothing,1,2950,2950,Kolhapur,M,Magenta,Winter,4.1,No,2-Day Shipping,No,No,11,EMI,Quarterly
3836,58,Female,Sandals,Footwear,1,2900,2900,Thane,L,Silver,Winter,2.6,No,Express,No,No,33,Debit Card,Bi-Weekly
3837,62,Female,Skirt,Clothing,2,4200,8400,Navi Mumbai,M,Violet,Spring,2.5,No,Free Shipping,No,No,27,Paytm,Fortnightly
3838,45,Female,Hoodie,Clothing,3,5000,15000,Vasai-Virar,M,Green,Spring,4.8,No,Free Shipping,No,No,19,Net Banking,Fortnightly
3839,47,Female,Dress,Clothing,2,1250,2500,Kalyan-Dombivli,L,Green,Summer,,No,Express,No,No,49,UPI,Every 3 Months
3840,66,Female,Sandals,Footwear,3,1450,4350,Noida,M,Peach,Spring,3.9,No,Free Shipping,No,No,19,Amazon Pay,Quarterly
3841,30,Female,Jeans,Clothing,2,2100,4200,Gurugram,M,Turquoise,Spring,3.7,No,Express,No,No,17,Credit Card,Fortnightly
3842,68,Female,Jeans,Clothing,3,2850,8550,Faridabad,L,Pink,Fall,4.2,No,2-Day Shipping,No,No,11,PhonePe,Monthly
3843,35,Female,Jacket,Outerwear,1,4200,4200,Ghaziabad,L,Lavender,Winter,4.2,No,Next Day Air,No,No,24,Credit Card,Monthly
3844,64,Female,Hat,Accessories,2,3550,7100,Chandigarh,L,Silver,Winter,4,No,Free Shipping,No,No,10,UPI,Every 3 Months
3845,30,Female,Shorts,Clothing,3,4350,13050,Ludhiana,S,Cyan,Fall,5,No,Next Day Air,No,No,47,Paytm,Quarterly
3846,58,Female,Sweater,Clothing,3,2600,7800,Amritsar,M,Green,Winter,4.9,No,Standard,No,No,5,Cash,Annually
3847,57,Female,Blouse,Clothing,3,2900,8700,Jammu,L,Orange,Summer,4,No,Express,No,No,43,Amazon Pay,Every 3 Months
3848,60,Female,Sweater,Clothing,2,1700,3400,Srinagar,S,Blue,Fall,3.2,No,2-Day Shipping,No,No,2,PhonePe,Fortnightly
3849,22,Female,Jewelry,Accessories,3,3000,9000,Shimla,M,Magenta,Winter,3,No,Next Day Air,No,No,24,Net Banking,Every 3 Months
3850,46,Female,Hoodie,Clothing,2,3400,6800,Dehradun,S,Cyan,Winter,2.6,No,Express,No,No,44,EMI,Fortnightly
3851,27,Female,Jewelry,Accessories,1,3700,3700,Agra,L,Indigo,Summer,4.4,No,2-Day Shipping,No,No,43,Google Pay,Every 3 Months
3852,50,Female,Scarf,Accessories,2,4150,8300,Varanasi,M,Pink,Summer,3.9,No,Free Shipping,No,No,22,Debit Card,Annually
3853,65,Female,Hat,Accessories,2,3950,7900,Prayagraj,M,Peach,Fall,4,No,2-Day Shipping,No,No,30,UPI,Weekly
3854,61,Female,Sunglasses,Accessories,1,3800,3800,Gwalior,M,Lavender,Fall,4,No,Store Pickup,No,No,40,PhonePe,Bi-Weekly
3855,57,Female,T-shirt,Clothing,2,1000,2000,Jabalpur,M,Black,Spring,4.2,No,Free Shipping,No,No,16,Google Pay,Annually
3856,40,Female,Shirt,Clothing,2,3050,6100,Raipur,XL,Lavender,Summer,4.4,No,Next Day Air,No,No,49,Paytm,Quarterly
3857,39,Female,Sandals,Footwear,1,3900,3900,Goa,S,Brown,Summer,2.5,No,Free Shipping,No,No,27,Credit Card,Quarterly
3858,42,Female,Hat,Accessories,1,1050,1050,Udaipur,S,Yellow,Summer,3.1,No,Store Pickup,No,No,41,Debit Card,Every 3 Months
3859,30,Female,T-shirt,Clothing,2,3850,7700,Jodhpur,M,Olive,Winter,3.5,No,Store Pickup,No,No,9,Cash,Quarterly
3860,65,Female,Shorts,Clothing,3,4400,13200,Rajkot,S,Blue,Fall,3,No,2-Day Shipping,No,No,24,Net Banking,Bi-Weekly
3861,57,Female,Sunglasses,Accessories,3,3200,9600,Vadodara,M,Turquoise,Summer,,No,Next Day Air,No,No,22,Amazon Pay,Annually
3862,64,Female,Jacket,Outerwear,3,2850,8550,Siliguri,M,Yellow,Spring,4.9,No,Standard,No,No,47,EMI,Monthly
3863,56,Female,Shirt,Clothing,1,2450,2450,Guwahati,L,Turquoise,Winter,2.8,No,Next Day Air,No,No,4,UPI,Monthly
3864,40,Female,Scarf,Accessories,1,1750,1750,Imphal,M,Orange,Summer,3.3,No,Free Shipping,No,No,34,PhonePe,Fortnightly
3865,55,Female,T-shirt,Clothing,2,4950,9900,Aizawl,S,Blue,Winter,4.9,No,Express,No,No,24,Google Pay,Fortnightly
3866,25,Female,Shorts,Clothing,2,2100,4200,Shillong,M,Olive,Spring,4.2,No,Store Pickup,No,No,50,Paytm,Every 3 Months
3867,58,Female,Hat,Accessories,2,1600,3200,Mumbai,M,Beige,Winter,3.3,No,2-Day Shipping,No,No,32,Credit Card,Fortnightly
3868,46,Female,Jacket,Outerwear,1,1050,1050,Pune,L,Lavender,Summer,2.7,No,Standard,No,No,43,Debit Card,Monthly
3869,18,Female,Dress,Clothing,2,1450,2900,Delhi,XL,Magenta,Winter,3.3,No,2-Day Shipping,No,No,27,Cash,Annually
3870,26,Female,Coat,Outerwear,1,3200,3200,Bengaluru,L,Cyan,Spring,3.8,No,Free Shipping,No,No,15,Net Banking,Annually
3871,61,Female,Sandals,Footwear,3,2300,6900,Hyderabad,L,Lavender,Fall,3.2,No,Next Day Air,No,No,11,Amazon Pay,Every 3 Months
3872,55,Female,T-shirt,Clothing,2,4850,9700,Chennai,M,Black,Fall,4.1,No,2-Day Shipping,No,No,38,EMI,Every 3 Months
3873,41,Female,Jacket,Outerwear,2,4700,9400,Kolkata,M,Green,Spring,4.3,No,Standard,No,No,48,Cash,Monthly
3874,42,Female,Sandals,Footwear,3,2150,6450,Ahmedabad,L,Silver,Summer,4,No,Standard,No,No,6,Debit Card,Weekly
3875,70,Female,Sweater,Clothing,2,2700,5400,Surat,XL,Beige,Summer,3.9,No,2-Day Shipping,No,No,17,Debit Card,Bi-Weekly
3876,63,Female,Hat,Accessories,1,2550,2550,Jaipur,M,Pink,Winter,3.3,No,2-Day Shipping,No,No,7,Credit Card,Annually
3877,60,Female,Shoes,Footwear,3,4250,12750,Lucknow,S,Cyan,Fall,2.6,No,2-Day Shipping,No,No,10,Debit Card,Annually
3878,28,Female,Hoodie,Clothing,2,4800,9600,Kanpur,M,Olive,Spring,4.2,No,Next Day Air,No,No,31,Paytm,Monthly
3879,60,Female,Hat,Accessories,3,2100,6300,Nagpur,M,Pink,Summer,3.4,No,2-Day Shipping,No,No,22,Credit Card,Annually
3880,26,Female,Skirt,Clothing,1,3150,3150,Indore,L,Maroon,Winter,4.1,No,Free Shipping,No,No,49,Debit Card,Quarterly
3881,42,Female,Shirt,Clothing,3,1000,3000,Bhopal,M,Red,Winter,3.9,No,Free Shipping,No,No,12,Cash on Delivery,Monthly
3882,56,Female,Scarf,Accessories,3,1250,3750,Patna,L,Silver,Spring,2.8,No,2-Day Shipping,No,No,17,Net Banking,Weekly
3883,35,Female,Pants,Clothing,1,4750,4750,Ranchi,L,Blue,Fall,2.6,No,Free Shipping,No,No,32,Amazon Pay,Fortnightly
3884,34,Female,Hat,Accessories,1,1900,1900,Bhubaneswar,XL,Purple,Fall,4,No,Next Day Air,No,No,13,EMI,Fortnightly
3885,47,Female,Sandals,Footwear,2,1450,2900,Visakhapatnam,M,Brown,Fall,4.9,No,Express,No,No,42,UPI,Weekly
3886,49,Female,Socks,Clothing,1,3200,3200,Vijayawada,L,Purple,Winter,3.2,No,Free Shipping,No,No,11,PhonePe,Quarterly
3887,37,Female,Jewelry,Accessories,3,4600,13800,Kochi,S,Brown,Summer,3.9,No,Express,No,No,12,Google Pay,Quarterly
3888,40,Female,Shirt,Clothing,2,1700,3400,Thiruvananthapuram,M,Charcoal,Spring,2.7,No,Express,No,No,47,Paytm,Quarterly
3889,45,Female,Sneakers,Footwear,2,3450,6900,Coimbatore,M,Violet,Spring,3.4,No,Standard,No,No,11,Credit Card,Bi-Weekly
3890,57,Female,Dress,Clothing,2,3250,6500,Madurai,S,Yellow,Spring,3.5,No,Express,No,No,43,Debit Card,Annually
3891,35,Female,Shirt,Clothing,2,4050,8100,Mysuru,XL,Green,Winter,2.6,No,Standard,No,No,46,Cash,Annually
3892,36,Female,Dress,Clothing,3,1500,4500,Mangaluru,L,Peach,Winter,4.7,No,Free Shipping,No,No,25,UPI,Quarterly
3893,35,Female,Jewelry,Accessories,2,4300,8600,Nashik,L,Indigo,Summer,3.5,No,Standard,No,No,25,PhonePe,Fortnightly
3894,21,Female,Hat,Accessories,1,3200,3200,Aurangabad,L,White,Fall,3.3,No,Store Pickup,No,No,25,Google Pay,Bi-Weekly
3895,66,Female,Skirt,Clothing,3,3900,11700,Kolhapur,L,White,Spring,3.9,No,2-Day Shipping,No,No,34,Paytm,Every 3 Months
3896,40,Female,Hoodie,Clothing,3,1400,4200,Thane,L,Turquoise,Summer,4.2,No,2-Day Shipping,No,No,46,Credit Card,Weekly
3897,52,Female,Backpack,Accessories,1,2450,2450,Navi Mumbai,L,White,Spring,4.5,No,Store Pickup,No,No,34,Debit Card,Bi-Weekly
3898,46,Female,Belt,Accessories,1,1650,1650,Vasai-Virar,L,Green,Spring,2.9,No,Standard,No,No,40,Net Banking,Quarterly
3899,44,Female,Shoes,Footwear,2,3850,7700,Kalyan-Dombivli,S,Brown,Summer,3.8,No,Express,No,No,7,Amazon Pay,Weekly
3900,52,Female,Handbag,Accessories,1,4050,4050,Noida,M,Beige,Spring,3.1,No,Store Pickup,No,No,45,EMI,Quarterly
3901,20,Male,Sweater,Clothing,1,4050,4050,Gurugram,L,Gray,Winter,2.8,Yes,Express,Yes,Yes,48,Cash,Fortnightly
3902,69,Male,Pants,Clothing,3,3800,11400,Faridabad,L,Maroon,Winter,4,Yes,Express,Yes,Yes,28,Debit Card,Fortnightly
3903,26,Male,Sneakers,Footwear,2,4900,9800,Ghaziabad,S,Maroon,Spring,2.6,Yes,Free Shipping,Yes,Yes,14,Debit Card,Weekly
3904,58,Male,Gloves,Accessories,1,4550,4550,Chandigarh,M,Maroon,Spring,2.7,Yes,Next Day Air,Yes,Yes,44,Credit Card,Weekly
3905,26,Male,T-shirt,Clothing,2,3950,7900,Ludhiana,M,Turquoise,Spring,4.1,Yes,Free Shipping,Yes,Yes,35,Credit Card,Annually
3906,21,Male,Backpack,Accessories,2,4150,8300,Amritsar,M,White,Summer,5,Yes,Standard,Yes,Yes,8,Credit Card,Weekly
3907,55,Male,Coat,Outerwear,2,4500,9000,Jammu,M,Gray,Fall,3,Yes,Free Shipping,Yes,Yes,1,Debit Card,Quarterly
3908,75,Male,Coat,Outerwear,1,1000,1000,Srinagar,L,Charcoal,Winter,3.6,Yes,Free Shipping,Yes,Yes,21,Credit Card,Weekly
3909,28,Female,Sandals,Footwear,2,1050,2100,Shimla,L,Silver,Summer,2.8,Yes,Express,Yes,Yes,47,Credit Card,Annually
3910,33,Female,Backpack,Accessories,3,3000,9000,Dehradun,M,Pink,Spring,4.6,Yes,2-Day Shipping,Yes,Yes,26,Debit Card,Quarterly
3911,62,Female,Sweater,Clothing,2,1550,3100,Agra,L,Purple,Fall,2.9,Yes,Store Pickup,Yes,Yes,10,Cash,Bi-Weekly
3912,49,Female,Shorts,Clothing,1,2000,2000,Varanasi,S,Olive,Winter,4.8,Yes,Store Pickup,Yes,Yes,17,UPI,Fortnightly
3913,44,Female,Sunglasses,Accessories,1,1300,1300,Prayagraj,M,Gold,Winter,3.3,Yes,Express,Yes,Yes,46,PhonePe,Fortnightly
3914,64,Female,Shirt,Clothing,2,4900,9800,Gwalior,M,Violet,Spring,4.6,Yes,Express,Yes,Yes,4,Google Pay,Weekly
3915,19,Female,Shoes,Footwear,1,2550,2550,Jabalpur,L,Teal,Winter,2.6,Yes,Free Shipping,Yes,Yes,14,Paytm,Weekly
3916,35,Female,Hat,Accessories,1,4750,4750,Raipur,M,Teal,Winter,4,Yes,Store Pickup,Yes,Yes,43,Credit Card,Monthly
3917,20,Female,Scarf,Accessories,2,1800,3600,Goa,S,Gray,Spring,3.8,Yes,Next Day Air,Yes,Yes,6,Debit Card,Bi-Weekly
3918,46,Female,Belt,Accessories,2,2600,5200,Udaipur,XL,Lavender,Winter,3.9,Yes,2-Day Shipping,Yes,Yes,17,Net Banking,Quarterly
3919,56,Female,T-shirt,Clothing,1,1750,1750,Jodhpur,S,Black,Summer,2.6,Yes,Free Shipping,Yes,Yes,35,Amazon Pay,Weekly
3920,34,Female,Shorts,Clothing,2,3400,6800,Rajkot,M,Green,Summer,4.3,Yes,Standard,Yes,Yes,43,EMI,Bi-Weekly
3921,26,Female,Pants,Clothing,2,2500,5000,Vadodara,M,Black,Winter,3.6,Yes,Express,Yes,Yes,5,Cash,Every 3 Months
3922,69,Female,Sunglasses,Accessories,2,5000,10000,Siliguri,M,Charcoal,Winter,4.2,Yes,Store Pickup,Yes,Yes,43,Cash,Quarterly
3923,53,Female,Coat,Outerwear,2,3700,7400,Guwahati,M,Peach,Summer,3.9,Yes,Store Pickup,Yes,Yes,37,Debit Card,Annually
3924,59,Female,Hoodie,Clothing,1,2250,2250,Imphal,XL,White,Winter,4.7,Yes,Express,Yes,Yes,21,Cash,Weekly
3925,61,Female,Dress,Clothing,1,4850,4850,Aizawl,M,Green,Fall,2.8,Yes,Store Pickup,Yes,Yes,13,UPI,Weekly
3926,33,Female,Blouse,Clothing,1,3000,3000,Shillong,M,Silver,Summer,3,Yes,Express,Yes,Yes,4,PhonePe,Annually
3927,37,Female,Socks,Clothing,1,1250,1250,Mumbai,M,Red,Spring,4.7,Yes,Next Day Air,Yes,Yes,10,Google Pay,Annually
3928,22,Female,Socks,Clothing,2,2750,5500,Pune,L,Cyan,Summer,2.5,Yes,Next Day Air,Yes,Yes,17,Paytm,Every 3 Months
3929,40,Female,Shoes,Footwear,2,4950,9900,Delhi,M,Gray,Fall,3.1,Yes,Free Shipping,Yes,Yes,50,Credit Card,Every 3 Months
3930,34,Female,Belt,Accessories,3,2250,6750,Bengaluru,S,Black,Fall,,Yes,Store Pickup,Yes,Yes,42,Debit Card,Weekly
3931,57,Female,Sweater,Clothing,2,1000,2000,Hyderabad,L,Black,Winter,3.5,Yes,Standard,Yes,Yes,16,Net Banking,Monthly
3932,42,Female,Pants,Clothing,1,4400,4400,Chennai,L,Brown,Winter,3.1,Yes,Store Pickup,Yes,Yes,37,Amazon Pay,Monthly
3933,43,Female,Scarf,Accessories,3,4950,14850,Kolkata,M,Silver,Summer,3.6,Yes,Free Shipping,Yes,Yes,18,EMI,Annually
3934,53,Female,Skirt,Clothing,3,4300,12900,Ahmedabad,L,Green,Summer,3.5,Yes,Store Pickup,Yes,Yes,9,Credit Card,Quarterly
3935,49,Female,Dress,Clothing,3,3500,10500,Surat,L,Violet,Spring,2.7,Yes,2-Day Shipping,Yes,Yes,19,Credit Card,Quarterly
3936,42,Female,Hat,Accessories,2,2500,5000,Jaipur,M,Cyan,Summer,3.6,Yes,2-Day Shipping,Yes,Yes,47,Bank Transfer,Bi-Weekly
3937,43,Female,Handbag,Accessories,3,2850,8550,Lucknow,M,Maroon,Winter,4.5,Yes,Free Shipping,Yes,Yes,3,Bank Transfer,Fortnightly
3938,35,Male,Pants,Clothing,2,3450,6900,Kanpur,S,Cyan,Summer,4.1,Yes,Store Pickup,Yes,Yes,25,Debit Card,Weekly
3939,59,Male,T-shirt,Clothing,3,4700,14100,Nagpur,M,Red,Winter,4.2,Yes,2-Day Shipping,Yes,Yes,49,Cash,Every 3 Months
3940,53,Male,Jacket,Outerwear,3,1200,3600,Indore,S,Turquoise,Summer,4,Yes,Express,Yes,Yes,21,Debit Card,Monthly
3941,35,Male,Scarf,Accessories,1,3950,3950,Bhopal,L,Beige,Winter,2.8,Yes,Next Day Air,Yes,Yes,22,Credit Card,Quarterly
3942,18,Male,Hat,Accessories,1,1550,1550,Patna,M,Orange,Spring,2.6,Yes,Standard,Yes,Yes,6,Cash,Annually
3943,42,Male,Jacket,Outerwear,2,3350,6700,Ranchi,M,Beige,Spring,2.7,Yes,Free Shipping,Yes,Yes,44,Credit Card,Annually
3944,33,Male,Skirt,Clothing,1,3150,3150,Bhubaneswar,L,Lavender,Fall,4.5,Yes,Store Pickup,Yes,Yes,40,Credit Card,Fortnightly
3945,61,Male,Handbag,Accessories,2,3050,6100,Visakhapatnam,S,Silver,Summer,3.7,Yes,Free Shipping,Yes,Yes,36,Cash,Weekly
3946,51,Male,Backpack,Accessories,2,2500,5000,Vijayawada,XL,Indigo,Fall,3.4,Yes,2-Day Shipping,Yes,Yes,22,UPI,Annually
3947,52,Male,Coat,Outerwear,1,4100,4100,Kochi,L,White,Summer,4.6,Yes,Store Pickup,Yes,Yes,26,PhonePe,Quarterly
3948,50,Male,Belt,Accessories,2,2550,5100,Thiruvananthapuram,M,Charcoal,Winter,4.1,Yes,Free Shipping,Yes,Yes,29,Google Pay,Weekly
3949,55,Male,Handbag,Accessories,2,1150,2300,Coimbatore,M,Orange,Summer,2.6,Yes,Store Pickup,Yes,Yes,24,Paytm,Monthly
3950,28,Male,Coat,Outerwear,2,4550,9100,Madurai,S,Indigo,Spring,4.6,Yes,Next Day Air,Yes,Yes,10,Credit Card,Bi-Weekly
3951,41,Male,Sweater,Clothing,1,3000,3000,Mysuru,M,Red,Spring,3,Yes,Store Pickup,Yes,Yes,11,Debit Card,Bi-Weekly
3952,49,Male,Blouse,Clothing,2,1700,3400,Mangaluru,XL,Gray,Winter,3.4,Yes,2-Day Shipping,Yes,Yes,4,Net Banking,Quarterly
3953,19,Male,Blouse,Clothing,3,1150,3450,Nashik,M,Green,Summer,3.5,Yes,Free Shipping,Yes,Yes,45,Amazon Pay,Weekly
3954,42,Male,Belt,Accessories,1,4100,4100,Aurangabad,S,Peach,Winter,3.5,Yes,Next Day Air,Yes,Yes,50,EMI,Weekly
3955,24,Male,Jacket,Outerwear,2,3650,7300,Kolhapur,M,Brown,Summer,3.7,Yes,Next Day Air,Yes,Yes,48,Credit Card,Bi-Weekly
3956,40,Male,Shorts,Clothing,2,1600,3200,Thane,M,Lavender,Winter,4.8,Yes,2-Day Shipping,Yes,Yes,47,Cash,Annually
3957,18,Male,Hat,Accessories,3,4000,12000,Navi Mumbai,XL,Brown,Summer,4.9,Yes,Store Pickup,Yes,Yes,4,UPI,Weekly
3958,65,Male,Pants,Clothing,2,2900,5800,Vasai-Virar,M,White,Summer,4.9,Yes,Store Pickup,Yes,Yes,48,PhonePe,Fortnightly
3959,32,Male,Blouse,Clothing,2,4100,8200,Kalyan-Dombivli,M,Charcoal,Summer,4.7,Yes,Free Shipping,Yes,Yes,3,Google Pay,Monthly
3960,20,Male,Belt,Accessories,2,3000,6000,Noida,L,Yellow,Spring,4.9,Yes,Standard,Yes,Yes,28,Paytm,Weekly
3961,53,Male,Handbag,Accessories,1,3950,3950,Gurugram,L,Brown,Summer,2.9,Yes,Express,Yes,Yes,30,Credit Card,Weekly
3962,41,Male,Hoodie,Clothing,2,2050,4100,Faridabad,M,Orange,Winter,4.4,Yes,Store Pickup,Yes,Yes,13,Debit Card,Every 3 Months
3963,20,Male,Jacket,Outerwear,2,1950,3900,Ghaziabad,S,Magenta,Spring,3.2,Yes,Free Shipping,Yes,Yes,23,Net Banking,Fortnightly
3964,27,Male,Scarf,Accessories,1,1800,1800,Chandigarh,L,Lavender,Winter,4.6,Yes,2-Day Shipping,Yes,Yes,22,Amazon Pay,Weekly
3965,52,Male,Jeans,Clothing,3,3500,10500,Ludhiana,S,Green,Fall,4,Yes,Standard,Yes,Yes,26,EMI,Fortnightly
3966,49,Male,Handbag,Accessories,3,2350,7050,Amritsar,M,Purple,Spring,3.7,Yes,2-Day Shipping,Yes,Yes,36,Cash,Every 3 Months
3967,24,Male,Jacket,Outerwear,1,1350,1350,Jammu,S,Magenta,Winter,4.2,Yes,2-Day Shipping,Yes,Yes,24,UPI,Every 3 Months
3968,46,Male,Hat,Accessories,2,2600,5200,Srinagar,L,Gray,Winter,2.9,Yes,Store Pickup,Yes,Yes,19,PhonePe,Monthly
3969,25,Male,Sneakers,Footwear,3,3750,11250,Shimla,L,Silver,Summer,4.8,Yes,Next Day Air,Yes,Yes,25,Google Pay,Every 3 Months
3970,25,Male,Hat,Accessories,2,1500,3000,Dehradun,S,Cyan,Summer,4.4,Yes,Express,Yes,Yes,18,Paytm,Weekly
3971,73,Male,Socks,Clothing,3,4700,14100,Agra,M,Magenta,Fall,3.4,Yes,Express,Yes,Yes,18,Credit Card,Every 3 Months
3972,52,Male,Scarf,Accessories,2,3400,6800,Varanasi,L,Gold,Summer,2.8,Yes,Express,Yes,Yes,17,Debit Card,Annually
3973,39,Male,Socks,Clothing,1,2250,2250,Prayagraj,M,Olive,Winter,4.2,Yes,Store Pickup,Yes,Yes,15,Net Banking,Every 3 Months
3974,64,Male,Hat,Accessories,1,3350,3350,Gwalior,M,Teal,Spring,3.8,Yes,Free Shipping,Yes,Yes,11,Amazon Pay,Bi-Weekly
3975,36,Male,Jacket,Outerwear,1,2300,2300,Jabalpur,L,Violet,Spring,3.1,Yes,Express,Yes,Yes,36,EMI,Monthly
3976,21,Male,Shorts,Clothing,1,1550,1550,Raipur,M,Blue,Summer,3.2,Yes,Free Shipping,Yes,Yes,47,Cash,Annually
3977,68,Female,Blouse,Clothing,3,2200,6600,Goa,S,Teal,Summer,3,Yes,Free Shipping,Yes,Yes,35,Cash,Monthly
3978,26,Female,Coat,Outerwear,2,5000,10000,Udaipur,L,Gold,Summer,3.6,Yes,Next Day Air,Yes,Yes,45,UPI,Fortnightly
3979,61,Female,Sweater,Clothing,1,4600,4600,Jodhpur,M,Maroon,Spring,2.5,Yes,Free Shipping,Yes,Yes,49,PhonePe,Fortnightly
3980,75,Female,Handbag,Accessories,1,3900,3900,Rajkot,M,Olive,Winter,3.4,Yes,2-Day Shipping,Yes,Yes,46,Google Pay,Every 3 Months
3981,28,Female,T-shirt,Clothing,1,1600,1600,Vadodara,XL,Blue,Summer,2.5,Yes,Store Pickup,Yes,Yes,45,Paytm,Every 3 Months
3982,67,Female,Sandals,Footwear,3,4850,14550,Siliguri,L,Maroon,Summer,4.7,Yes,Express,Yes,Yes,5,Credit Card,Every 3 Months
3983,39,Female,Gloves,Accessories,1,4750,4750,Guwahati,S,Olive,Spring,3.2,Yes,2-Day Shipping,Yes,Yes,39,Debit Card,Every 3 Months
3984,46,Female,Shorts,Clothing,2,3200,6400,Imphal,M,Turquoise,Summer,2.9,Yes,Standard,Yes,Yes,18,Net Banking,Weekly
3985,23,Female,Sandals,Footwear,1,1750,1750,Aizawl,S,Peach,Spring,4.9,Yes,Standard,Yes,Yes,32,Amazon Pay,Every 3 Months
3986,32,Female,Backpack,Accessories,2,2700,5400,Shillong,M,Charcoal,Winter,2.7,Yes,Next Day Air,Yes,Yes,14,EMI,Bi-Weekly
3987,46,Female,Sneakers,Footwear,3,4800,14400,Nagpur,L,Pink,Spring,4.7,Yes,2-Day Shipping,Yes,Yes,3,Cash,Bi-Weekly
3988,54,Female,Sunglasses,Accessories,1,2900,2900,Delhi,M,Green,Fall,2.9,Yes,2-Day Shipping,Yes,Yes,1,Cash,Fortnightly
3989,18,Female,T-shirt,Clothing,1,1150,1150,Kochi,M,Orange,Fall,4.8,Yes,Free Shipping,Yes,Yes,49,UPI,Monthly
3990,50,Female,Jeans,Clothing,3,1750,5250,Surat,XL,Pink,Fall,4.6,Yes,Next Day Air,Yes,Yes,17,PhonePe,Quarterly
3991,41,Female,Shirt,Clothing,3,1150,3450,Bhopal,L,Violet,Summer,5,Yes,Express,Yes,Yes,48,Google Pay,Monthly
3992,32,Female,Hat,Accessories,1,4700,4700,Mumbai,S,Green,Winter,4.8,Yes,Standard,Yes,Yes,48,Paytm,Every 3 Months
3993,62,Female,Blouse,Clothing,3,2250,6750,Noida,M,Olive,Winter,4.9,Yes,2-Day Shipping,Yes,Yes,14,Credit Card,Every 3 Months
3994,59,Female,Jacket,Outerwear,2,1150,2300,Rajkot,M,Purple,Fall,4.6,Yes,Standard,Yes,Yes,26,Debit Card,Weekly
3995,48,Female,Skirt,Clothing,2,4700,9400,Hyderabad,S,Silver,Spring,3.9,Yes,Free Shipping,Yes,Yes,48,Net Banking,Weekly
3996,49,Female,Gloves,Accessories,2,4950,9900,Kolhapur,L,Pink,Fall,4.5,Yes,Free Shipping,Yes,Yes,34,Amazon Pay,Monthly
3997,75,Female,T-shirt,Clothing,1,1800,1800,Lucknow,S,Gold,Spring,4.7,Yes,Express,Yes,Yes,11,EMI,Every 3 Months
3998,71,Female,Jacket,Outerwear,2,2500,5000,Vijayawada,M,Teal,Winter,3.9,Yes,Store Pickup,Yes,Yes,49,Debit Card,Annually
3999,44,Female,Jacket,Outerwear,1,4050,4050,Pune,XL,Teal,Spring,4.4,Yes,Next Day Air,Yes,Yes,47,Google Pay,Annually
4000,43,Female,Shorts,Clothing,2,1550,3100,Amritsar,XL,Indigo,Summer,3.9,Yes,Express,Yes,Yes,3,Bank Transfer,Quarterly
4001,31,Female,Hat,Accessories,2,2400,4800,Mysuru,M,Maroon,Fall,2.8,Yes,Express,Yes,Yes,23,Debit Card,Fortnightly
4002,61,Female,Handbag,Accessories,1,4550,4550,Ghaziabad,XL,White,Spring,3.5,Yes,Express,Yes,Yes,37,Cash,Bi-Weekly
4003,69,Female,Jeans,Clothing,1,4950,4950,Chennai,L,Violet,Winter,4.3,Yes,Next Day Air,Yes,Yes,31,UPI,Quarterly
4004,41,Female,Shoes,Footwear,3,3500,10500,Raipur,L,Red,Winter,,Yes,Next Day Air,Yes,Yes,23,PhonePe,Bi-Weekly
4005,72,Female,T-shirt,Clothing,3,3700,11100,Guwahati,L,Pink,Spring,4,Yes,2-Day Shipping,Yes,Yes,20,Google Pay,Monthly
4006,63,Female,Jewelry,Accessories,1,3950,3950,Navi Mumbai,M,Charcoal,Fall,4.1,Yes,Next Day Air,Yes,Yes,46,Paytm,Annually
4007,69,Female,Handbag,Accessories,1,1650,1650,Ahmedabad,L,White,Summer,4.3,Yes,Standard,Yes,Yes,20,Credit Card,Monthly
4008,41,Female,Shirt,Clothing,2,2450,4900,Patna,L,Olive,Winter,4.2,Yes,Next Day Air,Yes,Yes,18,Debit Card,Fortnightly
4009,55,Female,Belt,Accessories,3,4800,14400,Aurangabad,L,Purple,Spring,4,Yes,Next Day Air,Yes,Yes,27,Net Banking,Bi-Weekly
4010,52,Female,Dress,Clothing,1,3300,3300,Shimla,M,Violet,Spring,3.6,Yes,Next Day Air,Yes,Yes,32,Amazon Pay,Fortnightly
4011,19,Female,Skirt,Clothing,3,2250,6750,Jabalpur,M,Black,Summer,3.3,Yes,Standard,Yes,Yes,13,EMI,Fortnightly
4012,67,Female,Blouse,Clothing,3,1400,4200,Coimbatore,L,Purple,Summer,4.1,Yes,Free Shipping,Yes,Yes,47,Bank Transfer,Annually
4013,19,Female,Jeans,Clothing,2,2400,4800,Vadodara,M,Red,Spring,4.7,Yes,Free Shipping,Yes,Yes,3,Cash,Bi-Weekly
4014,26,Female,Hoodie,Clothing,2,3350,6700,Srinagar,L,Maroon,Winter,4.4,Yes,Next Day Air,Yes,Yes,10,UPI,Quarterly
4015,27,Female,T-shirt,Clothing,3,2950,8850,Mangaluru,S,Blue,Summer,3.4,Yes,Store Pickup,Yes,Yes,23,PhonePe,Weekly
4016,45,Female,Sunglasses,Accessories,1,3700,3700,Indore,M,Gray,Spring,5,Yes,Standard,Yes,Yes,47,Google Pay,Every 3 Months
4017,43,Female,Jacket,Outerwear,1,4050,4050,Jaipur,S,Blue,Spring,4.6,Yes,Free Shipping,Yes,Yes,29,Paytm,Annually
4018,60,Female,Shoes,Footwear,3,1300,3900,Vasai-Virar,L,Yellow,Summer,4,Yes,Express,Yes,Yes,50,Credit Card,Fortnightly
4019,27,Female,Handbag,Accessories,3,3050,9150,Visakhapatnam,L,Orange,Fall,4.1,Yes,2-Day Shipping,Yes,Yes,46,Debit Card,Bi-Weekly
4020,58,Female,Sweater,Clothing,3,1150,3450,Goa,M,Orange,Fall,4.9,Yes,Express,Yes,Yes,43,Net Banking,Annually
4021,62,Female,Scarf,Accessories,1,1650,1650,Faridabad,L,Red,Summer,2.7,Yes,Express,Yes,Yes,1,Amazon Pay,Annually
4022,31,Female,Skirt,Clothing,1,2900,2900,Ranchi,M,Olive,Winter,4.5,Yes,Standard,Yes,Yes,34,EMI,Fortnightly
4023,19,Female,Gloves,Accessories,1,3250,3250,Bengaluru,L,Brown,Spring,2.7,Yes,2-Day Shipping,Yes,Yes,21,EMI,Fortnightly
4024,66,Female,T-shirt,Clothing,2,2400,4800,Madurai,L,Brown,Fall,3,Yes,Free Shipping,Yes,Yes,46,Credit Card,Weekly
4025,25,Female,Sandals,Footwear,2,1250,2500,Kalyan-Dombivli,M,Gray,Spring,4.5,Yes,Next Day Air,Yes,Yes,21,Credit Card,Annually
4026,30,Female,Sweater,Clothing,3,2550,7650,Kanpur,M,Indigo,Winter,5,Yes,Next Day Air,Yes,Yes,30,Cash,Every 3 Months
4027,61,Female,Belt,Accessories,1,1550,1550,Udaipur,L,Pink,Spring,3.8,Yes,Store Pickup,Yes,Yes,8,Cash,Every 3 Months
4028,58,Female,Hoodie,Clothing,1,4950,4950,Bhubaneswar,M,Gray,Winter,3.1,Yes,Next Day Air,Yes,Yes,40,UPI,Weekly
4029,33,Female,Socks,Clothing,2,1250,2500,Kolkata,M,Gold,Spring,3.4,Yes,Standard,Yes,Yes,49,PhonePe,Fortnightly
4030,65,Female,Sandals,Footwear,3,2600,7800,Agra,XL,Olive,Summer,4.8,Yes,2-Day Shipping,Yes,Yes,5,Google Pay,Bi-Weekly
4031,74,Female,Blouse,Clothing,2,2350,4700,Siliguri,L,Violet,Fall,2.7,Yes,Next Day Air,Yes,Yes,6,Paytm,Fortnightly
4032,18,Female,Boots,Footwear,1,4900,4900,Thiruvananthapuram,L,Indigo,Summer,3.2,Yes,Standard,Yes,Yes,39,Credit Card,Weekly
4033,30,Female,Hat,Accessories,2,2300,4600,Nashik,M,Orange,Fall,3.9,Yes,2-Day Shipping,Yes,Yes,36,Debit Card,Weekly
4034,54,Female,Shirt,Clothing,2,1600,3200,Ludhiana,M,Violet,Winter,4.2,Yes,Next Day Air,Yes,Yes,2,Net Banking,Annually
4035,75,Female,Shorts,Clothing,1,3750,3750,Dehradun,L,Gray,Fall,3,Yes,Store Pickup,Yes,Yes,10,Amazon Pay,Monthly
4036,26,Female,Handbag,Accessories,1,2550,2550,Chandigarh,M,Purple,Fall,3,Yes,Express,Yes,Yes,9,EMI,Quarterly
4037,68,Female,Dress,Clothing,2,2600,5200,Prayagraj,M,White,Winter,3.7,Yes,Free Shipping,Yes,Yes,28,Cash,Quarterly
4038,74,Female,Hat,Accessories,3,3300,9900,Shillong,M,Turquoise,Spring,4.4,Yes,Free Shipping,Yes,Yes,37,Bank Transfer,Weekly
4039,18,Female,Sweater,Clothing,6,1750,10500,Jammu,M,Maroon,Winter,4.6,Yes,Store Pickup,Yes,Yes,35,Debit Card,Weekly
4040,23,Female,Coat,Outerwear,2,2150,4300,Gurugram,M,White,Fall,3,Yes,Store Pickup,Yes,Yes,21,Bank Transfer,Annually
4041,43,Male,Hoodie,Clothing,1,1200,1200,Imphal,L,Yellow,Fall,3.6,Yes,2-Day Shipping,Yes,Yes,17,Bank Transfer,Weekly
4042,42,Male,Jewelry,Accessories,2,4150,8300,Varanasi,M,Turquoise,Fall,3.9,Yes,Free Shipping,Yes,Yes,2,Credit Card,Weekly
4043,30,Male,T-shirt,Clothing,1,3100,3100,Jodhpur,L,Violet,Fall,4.1,Yes,Free Shipping,Yes,Yes,50,Cash,Fortnightly
4044,23,Male,Pants,Clothing,1,3900,3900,Aizawl,M,Beige,Fall,3.9,Yes,Store Pickup,Yes,Yes,33,UPI,Quarterly
4045,38,Male,Sweater,Clothing,3,3050,9150,Thane,M,Silver,Fall,3.9,Yes,Express,Yes,Yes,16,PhonePe,Monthly
4046,58,Male,Pants,Clothing,3,2850,8550,Mumbai,M,Teal,Fall,4.5,Yes,Standard,Yes,Yes,6,Google Pay,Quarterly
4047,45,Male,Socks,Clothing,6,3500,21000,Pune,S,Black,Fall,3.4,Yes,Standard,Yes,Yes,15,Paytm,Fortnightly
4048,64,Male,Hoodie,Clothing,3,2850,8550,Delhi,M,Purple,Summer,4.1,Yes,2-Day Shipping,Yes,Yes,42,Credit Card,Fortnightly
4049,57,Male,Scarf,Accessories,3,3700,11100,Bengaluru,M,Gray,Fall,4.9,Yes,Store Pickup,Yes,Yes,30,Debit Card,Annually
4050,64,Male,Dress,Clothing,2,4500,9000,Hyderabad,M,White,Summer,4.4,Yes,Free Shipping,Yes,Yes,33,Net Banking,Monthly
4051,38,Male,Sandals,Footwear,3,4900,14700,Chennai,L,Cyan,Fall,2.7,Yes,Standard,Yes,Yes,30,Amazon Pay,Every 3 Months
4052,46,Male,Dress,Clothing,3,2150,6450,Kolkata,L,Turquoise,Fall,4.8,Yes,Next Day Air,Yes,Yes,28,Amazon Pay,Annually
4053,67,Male,Pants,Clothing,2,1850,3700,Ahmedabad,S,Brown,Summer,3.3,Yes,Express,Yes,Yes,7,Amazon Pay,Annually
4054,62,Male,Blouse,Clothing,3,1900,5700,Surat,M,Maroon,Winter,4.4,Yes,Standard,Yes,Yes,21,Amazon Pay,Annually
4055,24,Male,Jeans,Clothing,3,3000,9000,Jaipur,M,Charcoal,Fall,4.6,Yes,Next Day Air,Yes,Yes,28,Amazon Pay,Quarterly
4056,46,Male,Pants,Clothing,3,2750,8250,Lucknow,S,Olive,Spring,3.1,Yes,Free Shipping,Yes,Yes,22,Bank Transfer,Quarterly
4057,23,Male,Sunglasses,Accessories,1,2550,2550,Kanpur,M,Lavender,Fall,4.5,Yes,Standard,Yes,Yes,31,Cash,Annually
4058,30,Male,Backpack,Accessories,3,3550,10650,Nagpur,S,Yellow,Fall,,Yes,Next Day Air,Yes,Yes,6,Cash,Fortnightly
4059,53,Male,Hoodie,Clothing,2,3050,6100,Indore,XL,Teal,Fall,3.1,Yes,Standard,Yes,Yes,33,UPI,Monthly
4060,73,Male,Boots,Footwear,3,3250,9750,Bhopal,M,Charcoal,Fall,3.9,Yes,Store Pickup,Yes,Yes,20,PhonePe,Every 3 Months
4061,31,Male,Gloves,Accessories,3,1700,5100,Patna,M,Orange,Summer,4.5,Yes,Free Shipping,Yes,Yes,20,Google Pay,Monthly
4062,56,Male,Blouse,Clothing,3,4350,13050,Ranchi,M,Olive,Fall,4.4,Yes,Express,Yes,Yes,29,Paytm,Fortnightly
4063,49,Male,Sweater,Clothing,3,3950,11850,Bhubaneswar,M,Turquoise,Summer,3.6,Yes,Store Pickup,Yes,Yes,35,Credit Card,Bi-Weekly
4064,46,Male,Dress,Clothing,1,2300,2300,Visakhapatnam,M,Purple,Summer,3.4,Yes,Standard,Yes,Yes,18,Debit Card,Weekly
4065,44,Male,Socks,Clothing,1,3600,3600,Vijayawada,S,Purple,Spring,4,Yes,Free Shipping,Yes,Yes,12,Net Banking,Fortnightly
4066,24,Male,Shirt,Clothing,6,4650,27900,Kochi,S,Yellow,Winter,2.6,Yes,Store Pickup,Yes,Yes,43,Amazon Pay,Monthly
4067,45,Male,Sandals,Footwear,1,3800,3800,Thiruvananthapuram,XL,Indigo,Fall,3.2,Yes,Store Pickup,Yes,Yes,6,EMI,Monthly
4068,43,Male,Shoes,Footwear,2,2800,5600,Coimbatore,M,Green,Fall,3.2,Yes,Express,Yes,Yes,19,Cash,Every 3 Months
4069,40,Male,Sandals,Footwear,2,4150,8300,Madurai,M,Magenta,Summer,5,Yes,Express,Yes,Yes,23,UPI,Fortnightly
4070,48,Male,Gloves,Accessories,2,4500,9000,Mysuru,S,Gold,Summer,2.9,Yes,Standard,Yes,Yes,47,PhonePe,Every 3 Months
4071,74,Male,Boots,Footwear,2,4700,9400,Mangaluru,M,Maroon,Fall,2.9,Yes,Store Pickup,Yes,Yes,29,Google Pay,Bi-Weekly
4072,46,Male,Blouse,Clothing,1,3400,3400,Nashik,M,Blue,Summer,3.5,Yes,Store Pickup,Yes,Yes,12,Paytm,Weekly
4073,18,Male,Sandals,Footwear,2,2650,5300,Aurangabad,M,Violet,Summer,4,Yes,Next Day Air,Yes,Yes,15,Credit Card,Bi-Weekly
4074,60,Male,Coat,Outerwear,2,1750,3500,Kolhapur,M,Turquoise,Fall,3.9,Yes,Standard,Yes,Yes,33,Debit Card,Annually
4075,62,Female,Jacket,Outerwear,2,1500,3000,Thane,L,Brown,Winter,4.9,Yes,Express,Yes,Yes,5,Net Banking,Annually
4076,43,Female,Jewelry,Accessories,1,1300,1300,Navi Mumbai,L,Violet,Fall,3.8,Yes,Next Day Air,Yes,Yes,40,Amazon Pay,Annually
4077,62,Female,Hat,Accessories,1,3000,3000,Vasai-Virar,L,Black,Spring,3.5,Yes,Next Day Air,Yes,Yes,42,EMI,Quarterly
4078,65,Female,Shoes,Footwear,2,1500,3000,Kalyan-Dombivli,L,Magenta,Fall,3.7,Yes,Next Day Air,Yes,Yes,8,Bank Transfer,Monthly
4079,28,Female,Coat,Outerwear,2,4550,9100,Noida,L,Lavender,Fall,2.9,Yes,2-Day Shipping,Yes,Yes,46,Google Pay,Quarterly
4080,74,Female,Boots,Footwear,3,3550,10650,Gurugram,M,Violet,Fall,2.8,Yes,Store Pickup,Yes,Yes,34,Cash,Fortnightly
4081,33,Female,Scarf,Accessories,1,3200,3200,Faridabad,L,Green,Fall,3.7,Yes,Store Pickup,Yes,Yes,10,EMI,Fortnightly
4082,58,Female,Hat,Accessories,1,2700,2700,Ghaziabad,M,Beige,Summer,3,Yes,Next Day Air,Yes,Yes,9,Debit Card,Weekly
4083,53,Female,Socks,Clothing,2,1750,3500,Chandigarh,XL,Purple,Summer,4.8,Yes,Store Pickup,Yes,Yes,3,Paytm,Annually
4084,51,Female,T-shirt,Clothing,2,1900,3800,Ludhiana,XL,Beige,Spring,2.7,Yes,2-Day Shipping,Yes,Yes,13,Net Banking,Weekly
4085,19,Female,Jewelry,Accessories,2,3450,6900,Amritsar,L,Cyan,Spring,4.5,Yes,Express,Yes,Yes,47,UPI,Fortnightly
4086,37,Female,Skirt,Clothing,3,4800,14400,Jammu,XL,Silver,Summer,2.7,Yes,Store Pickup,Yes,Yes,11,Amazon Pay,Fortnightly
4087,67,Female,Socks,Clothing,3,3650,10950,Srinagar,S,Lavender,Summer,3.5,Yes,Standard,Yes,Yes,47,Credit Card,Annually
4088,53,Female,Belt,Accessories,3,2450,7350,Shimla,S,Purple,Spring,3.5,Yes,Store Pickup,Yes,Yes,45,PhonePe,Bi-Weekly
4089,37,Female,Boots,Footwear,1,2200,2200,Dehradun,M,Pink,Spring,4.5,Yes,Express,Yes,Yes,32,Google Pay,Bi-Weekly
4090,74,Female,Socks,Clothing,1,4650,4650,Agra,M,Maroon,Fall,3.8,Yes,Next Day Air,Yes,Yes,21,Cash,Weekly
4091,19,Female,Pants,Clothing,1,3600,3600,Varanasi,XL,Beige,Fall,3.8,Yes,Free Shipping,Yes,Yes,13,EMI,Quarterly
4092,50,Female,Socks,Clothing,3,4550,13650,Prayagraj,M,Gray,Fall,3.2,Yes,Free Shipping,Yes,Yes,29,Debit Card,Every 3 Months
4093,65,Female,Belt,Accessories,1,4150,4150,Gwalior,L,Turquoise,Summer,4.3,Yes,Express,Yes,Yes,20,Paytm,Bi-Weekly
4094,72,Female,Jacket,Outerwear,3,3100,9300,Jabalpur,S,Silver,Fall,4.5,Yes,Standard,Yes,Yes,10,Net Banking,Annually
4095,44,Female,Shirt,Clothing,5,3550,17750,Raipur,M,Olive,Spring,4.2,Yes,Express,Yes,Yes,13,UPI,Quarterly
4096,45,Male,Gloves,Accessories,2,4650,9300,Goa,M,Magenta,Fall,3,Yes,Free Shipping,Yes,Yes,20,Amazon Pay,Monthly
4097,45,Male,Handbag,Accessories,3,3150,9450,Udaipur,M,Lavender,Summer,4.1,Yes,Next Day Air,Yes,Yes,22,Credit Card,Fortnightly
4098,39,Male,Sweater,Clothing,2,4800,9600,Jodhpur,M,Black,Fall,4.6,Yes,2-Day Shipping,Yes,Yes,27,PhonePe,Monthly
4099,42,Male,Skirt,Clothing,3,3900,11700,Rajkot,M,Turquoise,Winter,2.9,Yes,Standard,Yes,Yes,3,Credit Card,Fortnightly
4100,57,Male,Dress,Clothing,3,1200,3600,Vadodara,XL,Green,Summer,4.8,Yes,Express,Yes,Yes,21,UPI,Weekly
4101,30,Male,Pants,Clothing,1,3150,3150,Siliguri,S,Teal,Summer,4.5,Yes,Next Day Air,Yes,Yes,41,Paytm,Monthly
4102,44,Male,Hat,Accessories,5,2900,14500,Guwahati,S,Beige,Fall,3.4,Yes,Free Shipping,Yes,Yes,2,Cash,Annually
4103,35,Male,Boots,Footwear,2,2750,5500,Imphal,L,Magenta,Spring,4.3,Yes,Express,Yes,Yes,42,Amazon Pay,Annually
4104,64,Male,Sandals,Footwear,3,2900,8700,Aizawl,S,Yellow,Fall,4.2,Yes,Next Day Air,Yes,Yes,30,PhonePe,Weekly
4105,75,Male,Coat,Outerwear,2,1400,2800,Shillong,M,Yellow,Fall,3.6,Yes,Store Pickup,Yes,Yes,49,Net Banking,Bi-Weekly
4106,48,Male,Blouse,Clothing,3,1850,5550,Nagpur,M,Silver,Winter,3.7,Yes,Standard,Yes,Yes,47,EMI,Weekly
4107,21,Male,Shorts,Clothing,2,3900,7800,Mumbai,L,Silver,Summer,4,Yes,Free Shipping,Yes,Yes,43,Google Pay,Fortnightly
4108,41,Male,Blouse,Clothing,2,3650,7300,Pune,M,Silver,Summer,4.9,Yes,Express,Yes,Yes,2,Debit Card,Bi-Weekly
4109,56,Male,Jacket,Outerwear,2,1000,2000,Delhi,M,Gold,Spring,3.1,Yes,Store Pickup,Yes,Yes,35,UPI,Monthly
4110,53,Male,Shirt,Clothing,1,3000,3000,Bengaluru,S,Olive,Winter,3.7,Yes,Store Pickup,Yes,Yes,26,PhonePe,Every 3 Months
4111,50,Male,Handbag,Accessories,2,3550,7100,Hyderabad,L,Teal,Fall,4.2,Yes,2-Day Shipping,Yes,Yes,5,Google Pay,Fortnightly
4112,25,Male,T-shirt,Clothing,3,4450,13350,Chennai,L,Maroon,Fall,2.5,Yes,2-Day Shipping,Yes,Yes,19,Paytm,Fortnightly
4113,32,Male,Hoodie,Clothing,2,2650,5300,Kolkata,L,Blue,Fall,4.3,Yes,Express,Yes,Yes,5,Credit Card,Annually
4114,26,Male,Jewelry,Accessories,1,4350,4350,Ahmedabad,L,Peach,Fall,3.1,Yes,Store Pickup,Yes,Yes,22,Debit Card,Every 3 Months
4115,75,Male,Jewelry,Accessories,3,1850,5550,Surat,L,Blue,Summer,3,Yes,Next Day Air,Yes,Yes,46,Cash,Every 3 Months
4116,40,Male,Hoodie,Clothing,2,1850,3700,Jaipur,S,Orange,Spring,4,Yes,2-Day Shipping,Yes,Yes,15,Net Banking,Bi-Weekly
4117,23,Male,Scarf,Accessories,3,3900,11700,Lucknow,L,Yellow,Spring,3.5,Yes,Free Shipping,Yes,Yes,22,Amazon Pay,Weekly
4118,49,Male,Shoes,Footwear,3,1150,3450,Kanpur,M,Purple,Winter,3.2,Yes,Next Day Air,Yes,Yes,27,EMI,Annually
4119,24,Female,Jeans,Clothing,2,3650,7300,Nagpur,S,Magenta,Spring,2.7,Yes,Store Pickup,Yes,Yes,13,UPI,Quarterly
4120,56,Female,Jewelry,Accessories,1,1350,1350,Indore,M,Cyan,Spring,3,Yes,Free Shipping,Yes,Yes,31,PhonePe,Fortnightly
4121,73,Female,Coat,Outerwear,3,2950,8850,Bhopal,S,Indigo,Spring,2.9,Yes,Express,Yes,Yes,18,Google Pay,Fortnightly
4122,60,Female,Backpack,Accessories,3,2650,7950,Patna,XL,Magenta,Summer,3.3,Yes,Store Pickup,Yes,Yes,1,Paytm,Quarterly
4123,28,Female,Socks,Clothing,3,2100,6300,Ranchi,XL,Gray,Spring,4.9,Yes,2-Day Shipping,Yes,Yes,29,Credit Card,Fortnightly
4124,24,Female,Scarf,Accessories,1,2250,2250,Bhubaneswar,M,Turquoise,Spring,3.7,Yes,Free Shipping,Yes,Yes,42,Debit Card,Annually
4125,67,Female,Sunglasses,Accessories,3,4450,13350,Visakhapatnam,S,Beige,Summer,3.5,Yes,Free Shipping,Yes,Yes,26,Cash,Every 3 Months
4126,41,Female,Socks,Clothing,1,4250,4250,Vijayawada,M,Olive,Spring,4.7,Yes,Next Day Air,Yes,Yes,14,Net Banking,Annually
4127,69,Female,Coat,Outerwear,3,3450,10350,Kochi,L,Violet,Spring,,Yes,Free Shipping,Yes,Yes,8,Amazon Pay,Monthly
4128,51,Female,Sandals,Footwear,1,3300,3300,Thiruvananthapuram,M,Turquoise,Winter,4.1,Yes,Standard,Yes,Yes,43,EMI,Fortnightly
4129,41,Female,Blouse,Clothing,2,2100,4200,Coimbatore,M,White,Spring,2.8,Yes,Store Pickup,Yes,Yes,23,Cash,Annually
4130,61,Female,Dress,Clothing,1,2000,2000,Madurai,S,Silver,Spring,4.7,Yes,Next Day Air,Yes,Yes,43,Debit Card,Every 3 Months
4131,56,Female,Pants,Clothing,3,4100,12300,Mysuru,L,Olive,Fall,2.9,Yes,Standard,Yes,Yes,24,Debit Card,Annually
4132,72,Female,Sneakers,Footwear,2,4400,8800,Mangaluru,M,Blue,Spring,2.8,Yes,2-Day Shipping,Yes,Yes,1,Credit Card,Every 3 Months
4133,30,Female,Boots,Footwear,3,4950,14850,Nashik,L,Purple,Winter,4.3,Yes,Express,Yes,Yes,21,Debit Card,Bi-Weekly
4134,41,Female,Handbag,Accessories,2,4250,8500,Aurangabad,XL,Yellow,Fall,4.8,Yes,Next Day Air,Yes,Yes,16,Paytm,Every 3 Months
4135,37,Female,Handbag,Accessories,3,2850,8550,Kolhapur,S,Silver,Summer,3.4,Yes,Next Day Air,Yes,Yes,1,Credit Card,Weekly
4136,58,Female,Sweater,Clothing,1,2800,2800,Thane,M,Cyan,Winter,4.3,Yes,Free Shipping,Yes,Yes,40,Debit Card,Quarterly
4137,74,Male,Sweater,Clothing,1,4050,4050,Navi Mumbai,L,Green,Winter,2.7,Yes,Next Day Air,Yes,Yes,5,Cash on Delivery,Fortnightly
4138,50,Male,Pants,Clothing,2,3800,7600,Vasai-Virar,M,Beige,Summer,4.6,Yes,Store Pickup,Yes,Yes,48,Net Banking,Fortnightly
4139,59,Male,Sneakers,Footwear,3,4900,14700,Kalyan-Dombivli,M,Peach,Fall,4.1,Yes,Free Shipping,Yes,Yes,31,Amazon Pay,Annually
4140,47,Male,Gloves,Accessories,1,4550,4550,Noida,L,Yellow,Summer,3.4,Yes,Express,Yes,Yes,9,EMI,Bi-Weekly
4141,19,Male,T-shirt,Clothing,5,3950,19750,Gurugram,XL,Turquoise,Winter,4.5,Yes,Free Shipping,Yes,Yes,43,UPI,Fortnightly
4142,19,Male,Backpack,Accessories,2,4150,8300,Faridabad,M,Peach,Winter,4.4,Yes,Free Shipping,Yes,Yes,37,PhonePe,Bi-Weekly
4143,28,Male,Coat,Outerwear,3,4500,13500,Ghaziabad,L,Gray,Summer,4,Yes,Store Pickup,Yes,Yes,33,Google Pay,Every 3 Months
4144,74,Male,Coat,Outerwear,2,1000,2000,Chandigarh,M,Olive,Winter,3.4,Yes,2-Day Shipping,Yes,Yes,23,Paytm,Monthly
4145,59,Male,Sandals,Footwear,3,1050,3150,Ludhiana,S,Indigo,Spring,3.2,Yes,2-Day Shipping,Yes,Yes,50,Credit Card,Weekly
4146,44,Male,Backpack,Accessories,1,3000,3000,Amritsar,L,Charcoal,Summer,3.4,Yes,Next Day Air,Yes,Yes,43,Debit Card,Fortnightly
4147,40,Male,Sweater,Clothing,2,1550,3100,Jammu,XL,Beige,Spring,4.3,Yes,Express,Yes,Yes,28,Cash,Bi-Weekly
4148,25,Male,Shorts,Clothing,1,2000,2000,Srinagar,XL,Brown,Spring,5,Yes,Standard,Yes,Yes,34,UPI,Weekly
4149,20,Female,Sunglasses,Accessories,3,1300,3900,Shimla,M,Blue,Winter,3.5,Yes,Express,Yes,Yes,24,PhonePe,Weekly
4150,48,Female,Shirt,Clothing,1,4900,4900,Dehradun,S,Teal,Fall,3.1,Yes,Standard,Yes,Yes,30,Google Pay,Annually
4151,64,Female,Shoes,Footwear,1,2550,2550,Agra,L,Black,Fall,3.9,Yes,Express,Yes,Yes,44,Paytm,Weekly
4152,26,Female,Hat,Accessories,1,4750,4750,Varanasi,XL,Gold,Winter,4,Yes,Standard,Yes,Yes,26,Credit Card,Annually
4153,62,Female,Scarf,Accessories,2,1800,3600,Prayagraj,M,Violet,Summer,3.5,Yes,Free Shipping,Yes,Yes,22,Debit Card,Fortnightly
4154,21,Female,Belt,Accessories,1,2600,2600,Gwalior,L,Cyan,Winter,3.6,Yes,2-Day Shipping,Yes,Yes,17,Net Banking,Bi-Weekly
4155,53,Female,T-shirt,Clothing,1,1750,1750,Jabalpur,M,White,Winter,3,Yes,Store Pickup,Yes,Yes,11,Amazon Pay,Bi-Weekly
4156,44,Female,Shorts,Clothing,2,3400,6800,Raipur,M,Charcoal,Spring,2.6,Yes,Free Shipping,Yes,Yes,45,EMI,Annually
4157,32,Female,Pants,Clothing,2,2500,5000,Goa,XL,Violet,Spring,2.9,Yes,Express,Yes,Yes,37,Cash,Every 3 Months
4158,34,Female,Sunglasses,Accessories,1,5000,5000,Udaipur,M,Red,Summer,3.1,Yes,Express,Yes,Yes,3,Debit Card,Quarterly
4159,52,Female,Coat,Outerwear,3,3700,11100,Jodhpur,S,Lavender,Spring,3.3,Yes,Express,Yes,Yes,41,Debit Card,Quarterly
4160,49,Female,Hoodie,Clothing,1,2250,2250,Rajkot,M,Gold,Fall,2.9,Yes,Standard,Yes,Yes,23,Credit Card,Annually
4161,60,Female,Dress,Clothing,3,4850,14550,Vadodara,S,Red,Winter,3.9,Yes,2-Day Shipping,Yes,Yes,40,Credit Card,Every 3 Months
4162,19,Female,Blouse,Clothing,1,3000,3000,Siliguri,L,Magenta,Winter,4.7,Yes,Standard,Yes,Yes,38,Credit Card,Annually
4163,43,Female,Socks,Clothing,2,1250,2500,Guwahati,M,Teal,Summer,4.4,Yes,Next Day Air,Yes,Yes,36,Debit Card,Annually
4164,28,Female,Socks,Clothing,3,2750,8250,Imphal,M,Purple,Summer,3.6,Yes,Store Pickup,Yes,Yes,37,Credit Card,Monthly
4165,19,Female,Shoes,Footwear,2,4950,9900,Aizawl,S,Charcoal,Fall,3.2,Yes,Store Pickup,Yes,Yes,50,Credit Card,Annually
4166,48,Female,Belt,Accessories,3,2250,6750,Shillong,M,Gray,Spring,4,Yes,2-Day Shipping,Yes,Yes,34,Debit Card,Bi-Weekly
4167,27,Female,Sweater,Clothing,2,1000,2000,Mumbai,L,White,Summer,3.5,Yes,Express,Yes,Yes,36,Cash,Weekly
4168,66,Female,Pants,Clothing,1,4400,4400,Pune,M,Olive,Spring,4.6,Yes,2-Day Shipping,Yes,Yes,36,UPI,Annually
4169,55,Female,Scarf,Accessories,3,4950,14850,Delhi,M,Charcoal,Spring,3.3,Yes,Store Pickup,Yes,Yes,50,PhonePe,Monthly
4170,54,Female,Skirt,Clothing,1,4300,4300,Bengaluru,M,Charcoal,Winter,4,Yes,Next Day Air,Yes,Yes,47,Google Pay,Bi-Weekly
4171,40,Female,Dress,Clothing,2,3500,7000,Hyderabad,XL,Orange,Fall,3.4,Yes,Free Shipping,Yes,Yes,37,Paytm,Annually
4172,44,Female,Hat,Accessories,1,2500,2500,Chennai,XL,Yellow,Summer,4.2,Yes,Express,Yes,Yes,16,Credit Card,Fortnightly
4173,30,Female,Handbag,Accessories,3,2850,8550,Kolkata,M,Beige,Summer,3.9,Yes,2-Day Shipping,Yes,Yes,1,Debit Card,Bi-Weekly
4174,72,Female,Pants,Clothing,1,3450,3450,Ahmedabad,S,Silver,Spring,3.9,Yes,Express,Yes,Yes,23,Net Banking,Quarterly
4175,52,Female,T-shirt,Clothing,3,4700,14100,Surat,M,Indigo,Spring,2.8,Yes,Express,Yes,Yes,26,Amazon Pay,Bi-Weekly
4176,36,Female,Jacket,Outerwear,3,1200,3600,Jaipur,XL,Lavender,Winter,3.7,Yes,Express,Yes,Yes,23,EMI,Weekly
4177,47,Female,Scarf,Accessories,1,3950,3950,Lucknow,XL,Turquoise,Fall,4.9,Yes,Express,Yes,Yes,15,Cash,Fortnightly
4178,48,Female,Hat,Accessories,2,1550,3100,Kanpur,M,Green,Winter,2.6,Yes,Store Pickup,Yes,Yes,12,Cash,Bi-Weekly
4179,56,Female,Jacket,Outerwear,3,3350,10050,Nagpur,M,Orange,Spring,4.9,Yes,Express,Yes,Yes,35,Debit Card,Annually
4180,24,Female,Skirt,Clothing,1,3150,3150,Indore,L,Turquoise,Summer,3.4,Yes,Standard,Yes,Yes,12,Cash,Monthly
4181,30,Female,Handbag,Accessories,3,3050,9150,Bhopal,S,Cyan,Fall,3.9,Yes,2-Day Shipping,Yes,Yes,34,UPI,Bi-Weekly
4182,53,Female,Backpack,Accessories,1,2500,2500,Patna,XL,Charcoal,Spring,4,Yes,Standard,Yes,Yes,43,PhonePe,Bi-Weekly
4183,35,Female,Coat,Outerwear,2,4100,8200,Ranchi,M,Teal,Summer,3,Yes,2-Day Shipping,Yes,Yes,36,Google Pay,Monthly
4184,49,Female,Belt,Accessories,2,2550,5100,Bhubaneswar,S,Maroon,Fall,2.6,Yes,Next Day Air,Yes,Yes,42,Paytm,Annually
4185,57,Female,Handbag,Accessories,3,1150,3450,Visakhapatnam,M,Red,Summer,3.2,Yes,Standard,Yes,Yes,29,Credit Card,Quarterly
4186,69,Female,Coat,Outerwear,3,4550,13650,Vijayawada,XL,Yellow,Summer,2.6,Yes,Express,Yes,Yes,19,Debit Card,Bi-Weekly
4187,39,Female,Sweater,Clothing,2,3000,6000,Kochi,L,Gray,Summer,3.2,Yes,Store Pickup,Yes,Yes,15,Net Banking,Annually
4188,38,Female,Blouse,Clothing,5,1700,8500,Thiruvananthapuram,L,Blue,Spring,4.1,Yes,2-Day Shipping,Yes,Yes,26,Amazon Pay,Fortnightly
4189,32,Female,Blouse,Clothing,3,1150,3450,Coimbatore,M,Lavender,Winter,3.9,Yes,2-Day Shipping,Yes,Yes,29,EMI,Bi-Weekly
4190,59,Male,Belt,Accessories,1,4100,4100,Madurai,M,Yellow,Fall,4.1,Yes,2-Day Shipping,Yes,Yes,43,Credit Card,Monthly
4191,72,Male,Jacket,Outerwear,2,3650,7300,Mysuru,M,Indigo,Winter,2.7,Yes,Standard,Yes,Yes,4,Credit Card,Weekly
4192,72,Male,Shorts,Clothing,2,1600,3200,Mangaluru,XL,Violet,Fall,4.6,Yes,Next Day Air,Yes,Yes,6,Bank Transfer,Monthly
4193,60,Male,Hat,Accessories,2,4000,8000,Nashik,M,Green,Spring,3.5,Yes,Free Shipping,Yes,Yes,50,Bank Transfer,Quarterly
4194,75,Male,Pants,Clothing,1,2900,2900,Aurangabad,M,White,Spring,5,Yes,Express,Yes,Yes,36,Debit Card,Annually
4195,69,Male,Blouse,Clothing,1,4100,4100,Kolhapur,M,Gold,Spring,3.4,Yes,Store Pickup,Yes,Yes,21,Cash,Every 3 Months
4196,27,Male,Belt,Accessories,3,3000,9000,Thane,M,Indigo,Winter,,Yes,Store Pickup,Yes,Yes,49,Debit Card,Quarterly
4197,31,Male,Handbag,Accessories,2,3950,7900,Navi Mumbai,S,Lavender,Spring,3.4,Yes,2-Day Shipping,Yes,Yes,23,Credit Card,Weekly
4198,27,Male,Hoodie,Clothing,2,2050,4100,Vasai-Virar,XL,Purple,Summer,4,Yes,Standard,Yes,Yes,25,Cash,Bi-Weekly
4199,35,Male,Jacket,Outerwear,2,1950,3900,Kalyan-Dombivli,M,Lavender,Winter,2.7,Yes,Standard,Yes,Yes,16,Credit Card,Every 3 Months
4200,35,Male,Scarf,Accessories,3,1800,5400,Noida,M,Maroon,Summer,3.6,Yes,Next Day Air,Yes,Yes,45,Credit Card,Fortnightly
4201,38,Male,Jeans,Clothing,3,3500,10500,Gurugram,M,Teal,Spring,4,Yes,Store Pickup,Yes,Yes,4,Cash,Weekly
4202,25,Male,Handbag,Accessories,1,2350,2350,Faridabad,M,Green,Spring,3.8,Yes,Standard,Yes,Yes,47,UPI,Every 3 Months
4203,40,Male,Jacket,Outerwear,1,1350,1350,Ghaziabad,L,Olive,Summer,3.4,Yes,Express,Yes,Yes,24,PhonePe,Every 3 Months
4204,52,Male,Hat,Accessories,3,2600,7800,Chandigarh,M,Turquoise,Summer,3.2,Yes,Next Day Air,Yes,Yes,24,Google Pay,Weekly
4205,40,Male,Sneakers,Footwear,2,3750,7500,Ludhiana,M,Green,Winter,4.7,Yes,Next Day Air,Yes,Yes,37,Paytm,Bi-Weekly
4206,73,Male,Hat,Accessories,1,1500,1500,Amritsar,M,Teal,Fall,3.1,Yes,2-Day Shipping,Yes,Yes,31,Credit Card,Annually
4207,54,Female,Socks,Clothing,2,4700,9400,Jammu,S,White,Summer,3.3,Yes,Express,Yes,Yes,41,Debit Card,Annually
4208,18,Female,Scarf,Accessories,3,3400,10200,Srinagar,M,Orange,Winter,4.8,Yes,Free Shipping,Yes,Yes,33,Net Banking,Every 3 Months
4209,70,Female,Socks,Clothing,3,2250,6750,Shimla,M,Beige,Fall,4.5,Yes,Standard,Yes,Yes,23,Amazon Pay,Bi-Weekly
4210,58,Female,Hat,Accessories,3,3350,10050,Dehradun,M,Yellow,Spring,3.4,Yes,Standard,Yes,Yes,7,EMI,Fortnightly
4211,57,Female,Jacket,Outerwear,3,2300,6900,Agra,M,Charcoal,Winter,3.7,Yes,Standard,Yes,Yes,32,Credit Card,Fortnightly
4212,18,Female,Shorts,Clothing,3,1550,4650,Varanasi,L,Silver,Winter,4.9,Yes,Store Pickup,Yes,Yes,35,Cash,Monthly
4213,65,Female,Blouse,Clothing,1,2200,2200,Prayagraj,L,Green,Spring,3.5,Yes,Next Day Air,Yes,Yes,20,UPI,Annually
4214,61,Female,Coat,Outerwear,3,5000,15000,Gwalior,M,Pink,Spring,4.6,Yes,Express,Yes,Yes,2,PhonePe,Every 3 Months
4215,42,Female,Sweater,Clothing,3,4600,13800,Jabalpur,M,Purple,Summer,4.6,Yes,Store Pickup,Yes,Yes,38,Google Pay,Every 3 Months
4216,75,Female,Handbag,Accessories,2,3900,7800,Raipur,XL,Orange,Spring,4.2,Yes,Express,Yes,Yes,37,Paytm,Annually
4217,20,Female,T-shirt,Clothing,1,1600,1600,Goa,M,Charcoal,Fall,3.7,Yes,Free Shipping,Yes,Yes,27,Credit Card,Monthly
4218,53,Female,Sandals,Footwear,3,4850,14550,Udaipur,L,Teal,Fall,3,Yes,Standard,Yes,Yes,34,Debit Card,Every 3 Months
4219,57,Female,Gloves,Accessories,2,4750,9500,Jodhpur,M,Beige,Winter,4.6,Yes,Standard,Yes,Yes,16,Net Banking,Annually
4220,56,Female,Shorts,Clothing,3,3200,9600,Rajkot,XL,White,Spring,3.2,Yes,Standard,Yes,Yes,3,Amazon Pay,Every 3 Months
4221,38,Female,Sandals,Footwear,1,1750,1750,Vadodara,L,White,Summer,3.5,Yes,Standard,Yes,Yes,30,EMI,Quarterly
4222,59,Female,Backpack,Accessories,3,2700,8100,Siliguri,L,Orange,Summer,2.6,Yes,Free Shipping,Yes,Yes,42,Cash,Quarterly
4223,75,Female,Sneakers,Footwear,2,4800,9600,Guwahati,S,Cyan,Winter,4.9,Yes,Standard,Yes,Yes,21,UPI,Monthly
4224,46,Female,Sunglasses,Accessories,2,2900,5800,Imphal,M,Orange,Winter,2.7,Yes,Next Day Air,Yes,Yes,43,PhonePe,Bi-Weekly
4225,60,Female,T-shirt,Clothing,3,1150,3450,Aizawl,M,Olive,Summer,4.7,Yes,Standard,Yes,Yes,34,Google Pay,Quarterly
4226,69,Female,Jeans,Clothing,1,1750,1750,Shillong,M,Charcoal,Winter,4,Yes,Free Shipping,Yes,Yes,43,Paytm,Annually
4227,21,Female,Shirt,Clothing,1,1150,1150,Mumbai,M,White,Fall,3.5,Yes,Store Pickup,Yes,Yes,22,Credit Card,Weekly
4228,37,Female,Hat,Accessories,2,4700,9400,Pune,M,Teal,Summer,4.8,Yes,Free Shipping,Yes,Yes,46,Debit Card,Weekly
4229,57,Female,Blouse,Clothing,3,2250,6750,Delhi,M,Yellow,Fall,4,Yes,Free Shipping,Yes,Yes,44,Net Banking,Weekly
4230,25,Female,Jacket,Outerwear,1,1150,1150,Bengaluru,S,White,Summer,4.1,Yes,2-Day Shipping,Yes,Yes,44,Amazon Pay,Monthly
4231,73,Female,Skirt,Clothing,1,4700,4700,Hyderabad,M,Beige,Winter,3.8,Yes,Express,Yes,Yes,11,EMI,Bi-Weekly
4232,34,Female,Gloves,Accessories,1,4950,4950,Chennai,L,Beige,Fall,5,Yes,Store Pickup,Yes,Yes,21,Cash,Quarterly
4233,26,Female,T-shirt,Clothing,2,1800,3600,Kolkata,M,Maroon,Winter,4,Yes,2-Day Shipping,Yes,Yes,25,Cash,Monthly
4234,49,Female,Jacket,Outerwear,3,2500,7500,Ahmedabad,M,Teal,Winter,3.9,Yes,Standard,Yes,Yes,48,UPI,Bi-Weekly
4235,72,Female,Jacket,Outerwear,1,4050,4050,Surat,M,Lavender,Fall,3.4,Yes,Next Day Air,Yes,Yes,31,PhonePe,Annually
4236,19,Female,Shorts,Clothing,1,1550,1550,Jaipur,L,Maroon,Spring,3,Yes,Standard,Yes,Yes,23,Google Pay,Every 3 Months
4237,23,Female,Hat,Accessories,1,2400,2400,Lucknow,S,Orange,Fall,4.9,Yes,Express,Yes,Yes,19,Paytm,Annually
4238,73,Female,Handbag,Accessories,2,4550,9100,Kanpur,M,Cyan,Winter,3.2,Yes,2-Day Shipping,Yes,Yes,44,Credit Card,Annually
4239,73,Female,Jeans,Clothing,4,4950,19800,Nagpur,M,Silver,Winter,3.8,Yes,Express,Yes,Yes,36,Debit Card,Weekly
4240,29,Female,Shoes,Footwear,1,3500,3500,Indore,M,Teal,Spring,3.8,Yes,2-Day Shipping,Yes,Yes,13,Net Banking,Every 3 Months
4241,66,Female,T-shirt,Clothing,2,3700,7400,Bhopal,L,Blue,Summer,4.7,Yes,Express,Yes,Yes,12,Amazon Pay,Every 3 Months
4242,33,Female,Jewelry,Accessories,2,3950,7900,Patna,S,Blue,Summer,3.8,Yes,Store Pickup,Yes,Yes,21,EMI,Bi-Weekly
4243,72,Female,Handbag,Accessories,3,1650,4950,Ranchi,M,Olive,Spring,4.6,Yes,Next Day Air,Yes,Yes,12,Cash,Every 3 Months
4244,53,Male,Shirt,Clothing,1,2450,2450,Bhubaneswar,M,Purple,Summer,4.4,Yes,Next Day Air,Yes,Yes,16,Cash,Monthly
4245,41,Male,Belt,Accessories,2,4800,9600,Visakhapatnam,M,Charcoal,Winter,3.4,Yes,Standard,Yes,Yes,1,UPI,Monthly
4246,72,Male,Dress,Clothing,1,3300,3300,Vijayawada,S,Olive,Winter,4.7,Yes,Next Day Air,Yes,Yes,38,PhonePe,Annually
4247,27,Male,Skirt,Clothing,2,2250,4500,Kochi,L,Violet,Spring,2.9,Yes,Next Day Air,Yes,Yes,10,Google Pay,Weekly
4248,43,Male,Blouse,Clothing,3,1400,4200,Thiruvananthapuram,L,Red,Fall,3.4,Yes,Store Pickup,Yes,Yes,37,Paytm,Fortnightly
4249,48,Male,Jeans,Clothing,3,2400,7200,Coimbatore,M,Beige,Fall,3.2,Yes,Free Shipping,Yes,Yes,23,Credit Card,Fortnightly
4250,54,Male,Hoodie,Clothing,1,3350,3350,Madurai,M,Green,Winter,2.8,Yes,2-Day Shipping,Yes,Yes,41,Debit Card,Bi-Weekly
4251,49,Male,T-shirt,Clothing,3,2950,8850,Mysuru,M,Violet,Spring,4.3,Yes,2-Day Shipping,Yes,Yes,22,Net Banking,Fortnightly
4252,24,Male,Sunglasses,Accessories,1,3700,3700,Mangaluru,M,Teal,Winter,3.3,Yes,Standard,Yes,Yes,48,Amazon Pay,Bi-Weekly
4253,46,Male,Jacket,Outerwear,2,4050,8100,Nashik,XL,Yellow,Fall,3.3,Yes,Next Day Air,Yes,Yes,36,EMI,Every 3 Months
4254,63,Male,Shoes,Footwear,3,1300,3900,Aurangabad,L,Yellow,Fall,3.3,Yes,Store Pickup,Yes,Yes,19,Debit Card,Monthly
4255,74,Male,Handbag,Accessories,2,3050,6100,Kolhapur,S,Olive,Fall,3,Yes,Free Shipping,Yes,Yes,5,Google Pay,Weekly
4256,56,Male,Sweater,Clothing,2,1150,2300,Thane,XL,Magenta,Fall,2.8,Yes,2-Day Shipping,Yes,Yes,16,Bank Transfer,Every 3 Months
4257,51,Male,Scarf,Accessories,3,1650,4950,Navi Mumbai,L,Black,Spring,4,Yes,Standard,Yes,Yes,3,Debit Card,Weekly
4258,28,Male,Skirt,Clothing,1,2900,2900,Vasai-Virar,M,Olive,Spring,4.3,Yes,Standard,Yes,Yes,6,Cash,Bi-Weekly
4259,26,Male,Gloves,Accessories,1,3250,3250,Kalyan-Dombivli,XL,Magenta,Summer,3.8,Yes,Express,Yes,Yes,22,UPI,Every 3 Months
4260,55,Male,T-shirt,Clothing,2,2400,4800,Noida,M,Olive,Winter,4.2,Yes,Store Pickup,Yes,Yes,22,PhonePe,Every 3 Months
4261,72,Male,Sandals,Footwear,2,1250,2500,Gurugram,M,Teal,Summer,3.1,Yes,Standard,Yes,Yes,6,Google Pay,Fortnightly
4262,63,Female,Sweater,Clothing,3,2550,7650,Faridabad,M,White,Spring,2.6,Yes,Free Shipping,Yes,Yes,48,Paytm,Annually
4263,66,Female,Belt,Accessories,1,1550,1550,Ghaziabad,M,Charcoal,Fall,3.4,Yes,Free Shipping,Yes,Yes,36,Credit Card,Fortnightly
4264,44,Female,Hoodie,Clothing,1,4950,4950,Chandigarh,L,Yellow,Winter,3.1,Yes,Free Shipping,Yes,Yes,48,Debit Card,Fortnightly
4265,34,Female,Socks,Clothing,2,1250,2500,Ludhiana,L,Charcoal,Summer,3.6,Yes,Free Shipping,Yes,Yes,48,Net Banking,Every 3 Months
4266,41,Female,Sandals,Footwear,3,2600,7800,Amritsar,XL,Gray,Summer,2.6,Yes,Standard,Yes,Yes,24,Amazon Pay,Quarterly
4267,52,Female,Blouse,Clothing,3,2350,7050,Jammu,M,Turquoise,Spring,4.2,Yes,Store Pickup,Yes,Yes,8,EMI,Fortnightly
4268,73,Female,Boots,Footwear,3,4900,14700,Srinagar,XL,Cyan,Spring,2.9,Yes,Store Pickup,Yes,Yes,27,Bank Transfer,Monthly
4269,58,Female,Hat,Accessories,3,2300,6900,Shimla,M,Charcoal,Spring,4.2,Yes,Standard,Yes,Yes,11,Cash,Monthly
4270,34,Female,Shirt,Clothing,2,1600,3200,Dehradun,M,Silver,Summer,3.3,Yes,Store Pickup,Yes,Yes,43,UPI,Quarterly
4271,25,Female,Shorts,Clothing,1,3750,3750,Agra,M,Olive,Winter,3.6,Yes,Express,Yes,Yes,7,PhonePe,Weekly
4272,39,Female,Handbag,Accessories,1,2550,2550,Varanasi,S,Pink,Winter,4.3,Yes,2-Day Shipping,Yes,Yes,26,Google Pay,Monthly
4273,73,Female,Dress,Clothing,4,2600,10400,Prayagraj,L,Orange,Summer,3.3,Yes,Standard,Yes,Yes,28,Paytm,Weekly
4274,28,Female,Hat,Accessories,1,3300,3300,Gwalior,L,White,Summer,3,Yes,Express,Yes,Yes,11,Credit Card,Bi-Weekly
4275,20,Female,Sweater,Clothing,2,1750,3500,Jabalpur,S,Purple,Spring,3.6,Yes,Store Pickup,Yes,Yes,11,Debit Card,Monthly
4276,54,Female,Coat,Outerwear,2,2150,4300,Raipur,M,Olive,Summer,3.1,Yes,Standard,Yes,Yes,33,Net Banking,Quarterly
4277,73,Female,Hoodie,Clothing,3,1200,3600,Goa,S,Gray,Fall,2.9,Yes,Express,Yes,Yes,32,Amazon Pay,Bi-Weekly
4278,22,Female,Jewelry,Accessories,3,4150,12450,Udaipur,M,Silver,Spring,3.9,Yes,Standard,Yes,Yes,50,EMI,Every 3 Months
4279,72,Female,T-shirt,Clothing,1,3100,3100,Jodhpur,L,Orange,Winter,3.2,Yes,Next Day Air,Yes,Yes,8,EMI,Monthly
4280,44,Female,Pants,Clothing,3,3900,11700,Rajkot,S,Magenta,Fall,,Yes,2-Day Shipping,Yes,Yes,32,Credit Card,Bi-Weekly
4281,57,Female,Sweater,Clothing,2,3050,6100,Vadodara,XL,Beige,Fall,3.2,Yes,Store Pickup,Yes,Yes,9,Credit Card,Weekly
4282,23,Female,Pants,Clothing,3,2850,8550,Siliguri,L,Lavender,Winter,3.3,Yes,Store Pickup,Yes,Yes,3,Cash,Every 3 Months
4283,55,Female,Socks,Clothing,1,3500,3500,Guwahati,M,Peach,Winter,4.8,Yes,Store Pickup,Yes,Yes,43,Cash,Quarterly
4284,23,Female,Hoodie,Clothing,2,2850,5700,Imphal,S,Magenta,Fall,3.8,Yes,Standard,Yes,Yes,49,UPI,Quarterly
4285,46,Male,Scarf,Accessories,3,3700,11100,Aizawl,M,Beige,Fall,4.6,Yes,2-Day Shipping,Yes,Yes,9,PhonePe,Annually
4286,56,Male,Dress,Clothing,1,4500,4500,Shillong,S,Yellow,Fall,2.8,Yes,Next Day Air,Yes,Yes,39,Google Pay,Bi-Weekly
4287,42,Male,Sandals,Footwear,2,4900,9800,Patna,L,Brown,Spring,3.6,Yes,Express,Yes,Yes,40,Paytm,Quarterly
4288,42,Male,Dress,Clothing,3,2150,6450,Ranchi,L,Silver,Summer,4.3,Yes,Store Pickup,Yes,Yes,36,Credit Card,Fortnightly
4289,35,Male,Pants,Clothing,3,1850,5550,Bhubaneswar,M,Orange,Summer,4,Yes,Store Pickup,Yes,Yes,28,Debit Card,Quarterly
4290,18,Male,Blouse,Clothing,1,1900,1900,Visakhapatnam,L,Purple,Spring,3.5,Yes,Standard,Yes,Yes,49,Net Banking,Monthly
4291,75,Male,Jeans,Clothing,1,3000,3000,Vijayawada,M,Indigo,Winter,4.9,Yes,2-Day Shipping,Yes,Yes,8,Amazon Pay,Annually
4292,66,Male,Pants,Clothing,3,2750,8250,Kochi,L,Gray,Spring,3.1,Yes,Standard,Yes,Yes,33,EMI,Fortnightly
4293,69,Male,Sunglasses,Accessories,2,2550,5100,Thiruvananthapuram,XL,Black,Spring,3.9,Yes,Next Day Air,Yes,Yes,19,Cash,Annually
4294,58,Male,Backpack,Accessories,3,3550,10650,Coimbatore,L,Maroon,Fall,3,Yes,Standard,Yes,Yes,45,Bank Transfer,Fortnightly
4295,38,Male,Hoodie,Clothing,2,3050,6100,Madurai,M,Beige,Spring,4.1,Yes,Store Pickup,Yes,Yes,12,Debit Card,Bi-Weekly
4296,51,Male,Boots,Footwear,1,3250,3250,Mysuru,L,Brown,Winter,4.3,Yes,Store Pickup,Yes,Yes,50,Bank Transfer,Annually
4297,38,Male,Gloves,Accessories,1,1700,1700,Mangaluru,S,Black,Fall,3.8,Yes,Standard,Yes,Yes,50,Bank Transfer,Annually
4298,69,Male,Blouse,Clothing,2,4350,8700,Nashik,M,Indigo,Fall,3.9,Yes,Free Shipping,Yes,Yes,28,Credit Card,Annually
4299,25,Male,Sweater,Clothing,2,3950,7900,Aurangabad,S,Silver,Winter,4.3,Yes,Free Shipping,Yes,Yes,12,Cash,Every 3 Months
4300,49,Male,Dress,Clothing,2,2300,4600,Kolhapur,L,Blue,Fall,4.3,Yes,2-Day Shipping,Yes,Yes,27,UPI,Monthly
4301,34,Male,Socks,Clothing,2,3600,7200,Thane,M,Green,Winter,4.7,Yes,Free Shipping,Yes,Yes,7,PhonePe,Fortnightly
4302,63,Male,Shirt,Clothing,3,4650,13950,Navi Mumbai,L,Orange,Fall,3.1,Yes,Standard,Yes,Yes,10,Google Pay,Quarterly
4303,73,Male,Sandals,Footwear,2,3800,7600,Vasai-Virar,L,Cyan,Fall,2.7,Yes,Express,Yes,Yes,41,Paytm,Monthly
4304,48,Male,Shoes,Footwear,2,2800,5600,Kalyan-Dombivli,M,Orange,Winter,3.7,Yes,Next Day Air,Yes,Yes,45,Credit Card,Annually
4305,66,Male,Sandals,Footwear,3,4150,12450,Noida,M,Indigo,Spring,3.3,Yes,Store Pickup,Yes,Yes,26,Debit Card,Monthly
4306,75,Male,Gloves,Accessories,2,4500,9000,Gurugram,S,Silver,Summer,3.4,Yes,Standard,Yes,Yes,7,Net Banking,Annually
4307,73,Male,Boots,Footwear,2,4700,9400,Faridabad,M,Peach,Spring,4.7,Yes,Express,Yes,Yes,44,Amazon Pay,Monthly
4308,29,Male,Blouse,Clothing,1,3400,3400,Ghaziabad,XL,Teal,Spring,4.9,Yes,Next Day Air,Yes,Yes,1,Amazon Pay,Bi-Weekly
4309,61,Male,Sandals,Footwear,1,2650,2650,Chandigarh,L,White,Spring,4.3,Yes,Express,Yes,Yes,43,Amazon Pay,Fortnightly
4310,45,Male,Coat,Outerwear,1,1750,1750,Ludhiana,M,Brown,Winter,4.2,Yes,2-Day Shipping,Yes,Yes,45,Amazon Pay,Monthly
4311,66,Male,Jacket,Outerwear,2,1500,3000,Amritsar,L,Lavender,Spring,3.7,Yes,2-Day Shipping,Yes,Yes,29,Amazon Pay,Quarterly
4312,66,Male,Jewelry,Accessories,2,1300,2600,Jammu,M,Indigo,Summer,2.7,Yes,Express,Yes,Yes,42,Bank Transfer,Annually
4313,59,Male,Hat,Accessories,1,3000,3000,Srinagar,M,Yellow,Summer,3.3,Yes,Store Pickup,Yes,Yes,45,Cash,Weekly
4314,74,Female,Shoes,Footwear,3,1500,4500,Shimla,S,White,Summer,4.8,Yes,Free Shipping,Yes,Yes,33,Cash,Monthly
4315,38,Female,Coat,Outerwear,3,4550,13650,Dehradun,L,Violet,Winter,4.1,Yes,Store Pickup,Yes,Yes,14,UPI,Weekly
4316,25,Female,Boots,Footwear,2,3550,7100,Agra,M,Lavender,Winter,4.6,Yes,Express,Yes,Yes,8,PhonePe,Monthly
4317,66,Female,Scarf,Accessories,4,3200,12800,Varanasi,L,Olive,Spring,4.9,Yes,Free Shipping,Yes,Yes,17,Google Pay,Fortnightly
4318,64,Female,Hat,Accessories,1,2700,2700,Prayagraj,L,Beige,Fall,3.1,Yes,Free Shipping,Yes,Yes,15,Paytm,Quarterly
4319,23,Female,Socks,Clothing,2,1750,3500,Gwalior,L,Purple,Spring,3,Yes,Standard,Yes,Yes,2,Credit Card,Bi-Weekly
4320,35,Female,T-shirt,Clothing,3,1900,5700,Jabalpur,S,Teal,Winter,3.7,Yes,Free Shipping,Yes,Yes,36,Debit Card,Every 3 Months
4321,30,Female,Jewelry,Accessories,2,3450,6900,Raipur,S,Peach,Spring,4,Yes,Free Shipping,Yes,Yes,3,Net Banking,Bi-Weekly
4322,66,Female,Skirt,Clothing,1,4800,4800,Goa,M,Violet,Winter,3,Yes,Standard,Yes,Yes,50,Amazon Pay,Bi-Weekly
4323,49,Female,Socks,Clothing,3,3650,10950,Udaipur,M,Purple,Fall,3.8,Yes,Store Pickup,Yes,Yes,27,EMI,Annually
4324,19,Female,Belt,Accessories,3,2450,7350,Jodhpur,L,Teal,Spring,3.7,Yes,Store Pickup,Yes,Yes,47,Cash,Bi-Weekly
4325,35,Female,Boots,Footwear,1,2200,2200,Rajkot,M,Gold,Winter,4,Yes,Standard,Yes,Yes,40,UPI,Fortnightly
4326,32,Female,Socks,Clothing,2,4650,9300,Vadodara,S,Teal,Winter,3.1,Yes,Store Pickup,Yes,Yes,33,PhonePe,Quarterly
4327,21,Female,Pants,Clothing,3,3600,10800,Siliguri,M,Violet,Winter,3.9,Yes,Express,Yes,Yes,40,Google Pay,Quarterly
4328,66,Female,Socks,Clothing,3,4550,13650,Guwahati,L,Black,Winter,3.7,Yes,Store Pickup,Yes,Yes,45,Paytm,Quarterly
4329,34,Female,Belt,Accessories,3,4150,12450,Imphal,XL,Gold,Winter,3.9,Yes,Free Shipping,Yes,Yes,30,Credit Card,Fortnightly
4330,64,Female,Jacket,Outerwear,1,3100,3100,Aizawl,M,Gold,Winter,2.7,Yes,2-Day Shipping,Yes,Yes,3,Debit Card,Fortnightly
4331,25,Female,Shirt,Clothing,2,3550,7100,Shillong,M,Brown,Summer,3.9,Yes,Store Pickup,Yes,Yes,35,Net Banking,Annually
4332,72,Female,Gloves,Accessories,2,4650,9300,Mumbai,L,Cyan,Winter,2.6,Yes,Store Pickup,Yes,Yes,34,Amazon Pay,Fortnightly
4333,43,Female,Handbag,Accessories,1,3150,3150,Pune,S,Indigo,Fall,3.5,Yes,Free Shipping,Yes,Yes,40,EMI,Weekly
4334,39,Female,Sweater,Clothing,1,4800,4800,Delhi,M,Orange,Fall,4.4,Yes,Store Pickup,Yes,Yes,47,Bank Transfer,Fortnightly
4335,62,Female,Skirt,Clothing,3,3900,11700,Bengaluru,L,Pink,Spring,4.9,Yes,Store Pickup,Yes,Yes,35,Google Pay,Every 3 Months
4336,51,Male,Dress,Clothing,1,1200,1200,Hyderabad,XL,Olive,Winter,3.9,Yes,Next Day Air,Yes,Yes,36,Cash,Monthly
4337,42,Male,Pants,Clothing,2,3150,6300,Chennai,L,Cyan,Summer,3.5,Yes,Free Shipping,Yes,Yes,17,EMI,Weekly
4338,36,Male,Hat,Accessories,3,2900,8700,Kolkata,M,Peach,Summer,4.3,Yes,Next Day Air,Yes,Yes,17,Debit Card,Annually
4339,74,Male,Boots,Footwear,1,2750,2750,Ahmedabad,M,Turquoise,Winter,3.4,Yes,Express,Yes,Yes,44,Paytm,Fortnightly
4340,53,Male,Sandals,Footwear,3,2900,8700,Surat,M,Turquoise,Summer,2.7,Yes,Free Shipping,Yes,Yes,3,Net Banking,Monthly
4341,72,Male,Coat,Outerwear,3,1400,4200,Jaipur,XL,Maroon,Winter,3.6,Yes,Store Pickup,Yes,Yes,4,UPI,Fortnightly
4342,22,Male,Blouse,Clothing,2,1850,3700,Lucknow,M,Maroon,Winter,4.9,Yes,Standard,Yes,Yes,37,Amazon Pay,Annually
4343,49,Female,Shorts,Clothing,2,3900,7800,Kanpur,M,Olive,Fall,3.5,Yes,Store Pickup,Yes,Yes,5,Credit Card,Quarterly
4344,43,Female,Blouse,Clothing,1,3650,3650,Nagpur,M,Magenta,Summer,3.8,Yes,Free Shipping,Yes,Yes,39,PhonePe,Annually
4345,65,Female,Jacket,Outerwear,3,1000,3000,Indore,M,Red,Summer,4.5,Yes,Store Pickup,Yes,Yes,6,Google Pay,Annually
4346,43,Female,Shirt,Clothing,1,3000,3000,Bhopal,M,Olive,Fall,4,Yes,Standard,Yes,Yes,36,Cash,Annually
4347,27,Female,Handbag,Accessories,1,3550,3550,Patna,M,Silver,Summer,4.7,Yes,Store Pickup,Yes,Yes,8,EMI,Monthly
4348,28,Female,T-shirt,Clothing,3,4450,13350,Ranchi,S,Turquoise,Spring,3.8,Yes,Standard,Yes,Yes,9,Debit Card,Every 3 Months
4349,36,Female,Hoodie,Clothing,1,2650,2650,Bhubaneswar,M,Yellow,Summer,4.5,Yes,Next Day Air,Yes,Yes,11,Paytm,Fortnightly
4350,35,Female,Jewelry,Accessories,1,4350,4350,Visakhapatnam,L,Peach,Summer,5,Yes,2-Day Shipping,Yes,Yes,23,Net Banking,Monthly
4351,54,Female,Jewelry,Accessories,1,1850,1850,Vijayawada,L,Beige,Summer,2.8,Yes,Store Pickup,Yes,Yes,9,UPI,Monthly
4352,37,Female,Hoodie,Clothing,2,1850,3700,Kochi,M,Pink,Summer,4.4,Yes,Express,Yes,Yes,5,Amazon Pay,Fortnightly
4353,26,Female,Scarf,Accessories,1,3900,3900,Thiruvananthapuram,M,Violet,Summer,4.7,Yes,Express,Yes,Yes,44,Credit Card,Fortnightly
4354,66,Female,Shoes,Footwear,3,1150,3450,Coimbatore,XL,Peach,Winter,3.8,Yes,Next Day Air,Yes,Yes,1,PhonePe,Weekly
4355,24,Female,Jeans,Clothing,3,3650,10950,Madurai,S,Gold,Summer,4.9,Yes,Next Day Air,Yes,Yes,38,Credit Card,Bi-Weekly
4356,70,Female,Jewelry,Accessories,1,1350,1350,Mysuru,XL,Gold,Fall,4.2,Yes,Store Pickup,Yes,Yes,47,UPI,Fortnightly
4357,20,Female,Coat,Outerwear,3,2950,8850,Mangaluru,S,Indigo,Fall,4.9,Yes,2-Day Shipping,Yes,Yes,37,Paytm,Quarterly
4358,56,Female,Backpack,Accessories,1,2650,2650,Nashik,M,Blue,Spring,3.9,Yes,Next Day Air,Yes,Yes,15,Cash,Every 3 Months
4359,46,Female,Socks,Clothing,1,2100,2100,Aurangabad,L,Black,Winter,4.9,Yes,2-Day Shipping,Yes,Yes,26,Amazon Pay,Monthly
4360,36,Female,Scarf,Accessories,3,2250,6750,Kolhapur,L,Black,Winter,4.8,Yes,Standard,Yes,Yes,42,PhonePe,Fortnightly
4361,45,Female,Sunglasses,Accessories,3,4450,13350,Thane,L,Teal,Summer,3.3,Yes,Store Pickup,Yes,Yes,14,Net Banking,Weekly
4362,60,Female,Socks,Clothing,1,4250,4250,Navi Mumbai,M,Yellow,Winter,4.6,Yes,Express,Yes,Yes,6,EMI,Weekly
4363,52,Female,Coat,Outerwear,2,3450,6900,Vasai-Virar,M,White,Fall,4.5,Yes,Express,Yes,Yes,2,Google Pay,Every 3 Months
4364,44,Male,Sandals,Footwear,3,3300,9900,Kalyan-Dombivli,S,Orange,Summer,,Yes,Standard,Yes,Yes,7,Debit Card,Weekly
4365,39,Male,Blouse,Clothing,2,2100,4200,Noida,M,Silver,Winter,3.2,Yes,Next Day Air,Yes,Yes,49,UPI,Monthly
4366,67,Male,Dress,Clothing,1,2000,2000,Gurugram,M,Pink,Summer,4.2,Yes,Next Day Air,Yes,Yes,26,PhonePe,Quarterly
4367,64,Male,Pants,Clothing,1,4100,4100,Faridabad,L,Turquoise,Winter,4.8,Yes,Free Shipping,Yes,Yes,3,Google Pay,Weekly
4368,22,Male,Sneakers,Footwear,1,4400,4400,Ghaziabad,S,Orange,Spring,4.1,Yes,2-Day Shipping,Yes,Yes,46,Paytm,Every 3 Months
4369,74,Male,Boots,Footwear,1,4950,4950,Chandigarh,S,Peach,Fall,3.7,Yes,Free Shipping,Yes,Yes,46,Credit Card,Quarterly
4370,57,Male,Handbag,Accessories,3,4250,12750,Ludhiana,L,Pink,Fall,2.6,Yes,2-Day Shipping,Yes,Yes,45,Debit Card,Bi-Weekly
4371,45,Male,Handbag,Accessories,3,2850,8550,Amritsar,L,Teal,Summer,3,Yes,Express,Yes,Yes,7,Cash,Every 3 Months
4372,25,Male,Sweater,Clothing,1,2800,2800,Jammu,XL,White,Winter,4.4,Yes,2-Day Shipping,Yes,Yes,24,Net Banking,Quarterly
4373,33,Male,Sweater,Clothing,1,1550,1550,Srinagar,L,Gray,Winter,4.7,Yes,Free Shipping,Yes,Yes,28,Amazon Pay,Quarterly
4374,28,Male,Shorts,Clothing,1,2000,2000,Shimla,L,Olive,Spring,2.7,Yes,Store Pickup,Yes,Yes,30,EMI,Every 3 Months
4375,23,Male,Sunglasses,Accessories,2,1300,2600,Dehradun,XL,Maroon,Summer,2.8,Yes,2-Day Shipping,Yes,Yes,39,UPI,Quarterly
4376,53,Male,Shirt,Clothing,3,4900,14700,Agra,L,Magenta,Summer,2.9,Yes,Free Shipping,Yes,Yes,29,PhonePe,Annually
4377,34,Male,Shoes,Footwear,1,2550,2550,Varanasi,M,Magenta,Spring,4.4,Yes,Free Shipping,Yes,Yes,42,Google Pay,Fortnightly
4378,19,Male,Hat,Accessories,3,4750,14250,Prayagraj,M,Green,Summer,2.7,Yes,Free Shipping,Yes,Yes,10,Paytm,Weekly
4379,24,Male,Scarf,Accessories,1,1800,1800,Gwalior,XL,Turquoise,Winter,4.5,Yes,Free Shipping,Yes,Yes,13,Credit Card,Annually
4380,25,Male,Belt,Accessories,1,2600,2600,Jabalpur,L,Yellow,Winter,2.8,Yes,Store Pickup,Yes,Yes,12,Debit Card,Monthly
4381,23,Male,T-shirt,Clothing,3,1750,5250,Raipur,M,Gray,Summer,3.1,Yes,Standard,Yes,Yes,7,Cash,Bi-Weekly
4382,45,Male,Shorts,Clothing,1,3400,3400,Goa,L,Peach,Fall,3.8,Yes,2-Day Shipping,Yes,Yes,2,Net Banking,Fortnightly
4383,45,Male,Pants,Clothing,4,2500,10000,Udaipur,M,Yellow,Winter,2.9,Yes,2-Day Shipping,Yes,Yes,48,Amazon Pay,Annually
4384,38,Male,Sunglasses,Accessories,2,5000,10000,Jodhpur,M,White,Fall,3.8,Yes,Store Pickup,Yes,Yes,44,EMI,Weekly
4385,29,Male,Coat,Outerwear,3,3700,11100,Rajkot,L,Lavender,Summer,4.7,Yes,Free Shipping,Yes,Yes,3,Cash,Quarterly
4386,23,Male,Hoodie,Clothing,1,2250,2250,Vadodara,S,Blue,Spring,3.2,Yes,Next Day Air,Yes,Yes,18,Debit Card,Fortnightly
4387,69,Male,Dress,Clothing,3,4850,14550,Siliguri,M,Charcoal,Fall,4,Yes,Store Pickup,Yes,Yes,32,Debit Card,Every 3 Months
4388,63,Male,Blouse,Clothing,3,3000,9000,Guwahati,L,Red,Winter,4.9,Yes,Store Pickup,Yes,Yes,49,Credit Card,Quarterly
4389,55,Male,Socks,Clothing,1,1250,1250,Imphal,L,Olive,Spring,3.7,Yes,Standard,Yes,Yes,1,Debit Card,Weekly
4390,44,Male,Socks,Clothing,2,2750,5500,Aizawl,M,Green,Summer,4.8,Yes,Standard,Yes,Yes,44,Paytm,Annually
4391,50,Male,Shoes,Footwear,1,4950,4950,Shillong,M,Silver,Winter,3.6,Yes,2-Day Shipping,Yes,Yes,25,Credit Card,Monthly
4392,55,Male,Belt,Accessories,3,2250,6750,Patna,M,Silver,Summer,4.6,Yes,2-Day Shipping,Yes,Yes,45,Debit Card,Bi-Weekly
4393,73,Male,Sweater,Clothing,1,1000,1000,Ranchi,M,Black,Fall,4.3,Yes,Standard,Yes,Yes,31,Cash on Delivery,Weekly
4394,34,Male,Socks,Clothing,2,4250,8500,Bhubaneswar,XL,Red,Summer,3.2,Yes,Store Pickup,Yes,Yes,46,Net Banking,Bi-Weekly
4395,64,Male,Coat,Outerwear,3,3450,10350,Visakhapatnam,M,Indigo,Winter,3.8,Yes,Express,Yes,Yes,47,Amazon Pay,Weekly
4396,39,Male,Sandals,Footwear,2,3300,6600,Vijayawada,XL,Cyan,Fall,4.2,Yes,Free Shipping,Yes,Yes,15,EMI,Fortnightly
4397,26,Male,Blouse,Clothing,1,2100,2100,Kochi,S,Maroon,Fall,3.4,Yes,Express,Yes,Yes,37,UPI,Fortnightly
4398,22,Male,Dress,Clothing,2,2000,4000,Thiruvananthapuram,S,Silver,Winter,4.7,Yes,Free Shipping,Yes,Yes,38,PhonePe,Weekly
4399,72,Female,Pants,Clothing,2,4100,8200,Coimbatore,M,Lavender,Spring,3.9,Yes,Free Shipping,Yes,Yes,19,Google Pay,Monthly
4400,75,Female,Sneakers,Footwear,1,4400,4400,Madurai,L,Silver,Winter,4.3,Yes,Express,Yes,Yes,14,Paytm,Monthly
4401,62,Female,Boots,Footwear,3,4950,14850,Mysuru,L,Purple,Fall,2.7,Yes,Next Day Air,Yes,Yes,48,Credit Card,Every 3 Months
4402,25,Female,Handbag,Accessories,1,4250,4250,Mangaluru,M,Cyan,Spring,4.6,Yes,Next Day Air,Yes,Yes,4,Debit Card,Annually
4403,39,Female,Handbag,Accessories,3,2850,8550,Nashik,S,Cyan,Fall,2.9,Yes,Express,Yes,Yes,16,Cash,Fortnightly
4404,75,Female,Sweater,Clothing,1,2800,2800,Aurangabad,M,Lavender,Summer,3.6,Yes,Next Day Air,Yes,Yes,42,UPI,Quarterly
4405,24,Female,Sweater,Clothing,1,1550,1550,Kolhapur,M,Maroon,Winter,3.9,Yes,Free Shipping,Yes,Yes,12,PhonePe,Annually
4406,63,Female,Shorts,Clothing,1,2000,2000,Thane,L,Gray,Spring,2.6,Yes,Express,Yes,Yes,41,Google Pay,Bi-Weekly
4407,41,Female,Sunglasses,Accessories,3,1300,3900,Navi Mumbai,M,Olive,Fall,3.6,Yes,2-Day Shipping,Yes,Yes,1,Paytm,Annually
4408,39,Female,Shirt,Clothing,3,4900,14700,Vasai-Virar,M,Magenta,Spring,3.4,Yes,Store Pickup,Yes,Yes,42,Credit Card,Fortnightly
4409,36,Female,Shoes,Footwear,2,2550,5100,Kalyan-Dombivli,S,Yellow,Winter,3.5,Yes,Store Pickup,Yes,Yes,40,Debit Card,Quarterly
4410,33,Female,Hat,Accessories,2,4750,9500,Noida,L,Cyan,Summer,3.1,Yes,Free Shipping,Yes,Yes,15,Net Banking,Weekly
4411,65,Female,Scarf,Accessories,1,1800,1800,Gurugram,M,Teal,Fall,4.3,Yes,2-Day Shipping,Yes,Yes,32,Amazon Pay,Annually
4412,61,Female,Belt,Accessories,1,2600,2600,Faridabad,L,Yellow,Fall,5,Yes,Free Shipping,Yes,Yes,37,EMI,Annually
4413,36,Female,T-shirt,Clothing,2,1750,3500,Ghaziabad,L,Peach,Winter,4.9,Yes,Next Day Air,Yes,Yes,33,Cash,Monthly
4414,28,Female,Shorts,Clothing,1,3400,3400,Chandigarh,M,Peach,Fall,4.3,Yes,Store Pickup,Yes,Yes,11,Debit Card,Annually
4415,31,Female,Pants,Clothing,3,2500,7500,Ludhiana,S,Olive,Winter,4.4,Yes,Standard,Yes,Yes,13,Debit Card,Quarterly
4416,22,Female,Sunglasses,Accessories,2,5000,10000,Amritsar,L,Charcoal,Spring,4.4,Yes,Next Day Air,Yes,Yes,43,Credit Card,Monthly
4417,44,Female,Coat,Outerwear,3,3700,11100,Jammu,L,Indigo,Fall,3.5,Yes,2-Day Shipping,Yes,Yes,31,Credit Card,Bi-Weekly
4418,72,Female,Hoodie,Clothing,3,2250,6750,Srinagar,L,Silver,Fall,3.4,Yes,Free Shipping,Yes,Yes,16,Credit Card,Every 3 Months
4419,39,Female,Hat,Accessories,3,4750,14250,Shimla,M,Beige,Fall,2.5,Yes,Next Day Air,Yes,Yes,40,Debit Card,Every 3 Months
4420,57,Female,Scarf,Accessories,2,1800,3600,Dehradun,L,Blue,Summer,3.4,Yes,2-Day Shipping,Yes,Yes,23,Credit Card,Quarterly
4421,74,Female,Belt,Accessories,1,2600,2600,Agra,M,White,Spring,2.6,Yes,Free Shipping,Yes,Yes,12,Credit Card,Quarterly
4422,56,Female,T-shirt,Clothing,3,1750,5250,Varanasi,L,Gold,Winter,4.6,Yes,Standard,Yes,Yes,6,Debit Card,Annually
4423,36,Female,Shorts,Clothing,3,3400,10200,Prayagraj,M,Blue,Spring,3.7,Yes,Store Pickup,Yes,Yes,20,Cash,Quarterly
4424,33,Female,Pants,Clothing,2,2500,5000,Gwalior,M,Orange,Spring,2.5,Yes,Express,Yes,Yes,14,UPI,Quarterly
4425,41,Female,Sunglasses,Accessories,2,5000,10000,Jabalpur,M,Gold,Summer,4.5,Yes,Free Shipping,Yes,Yes,12,PhonePe,Annually
4426,54,Male,Coat,Outerwear,3,3700,11100,Raipur,M,Cyan,Spring,2.9,Yes,Next Day Air,Yes,Yes,21,Google Pay,Monthly
4427,49,Male,Hoodie,Clothing,3,2250,6750,Goa,S,Red,Winter,2.9,Yes,Standard,Yes,Yes,16,Paytm,Monthly
4428,46,Male,Dress,Clothing,1,4850,4850,Udaipur,L,Yellow,Winter,3.5,Yes,Next Day Air,Yes,Yes,44,Credit Card,Every 3 Months
4429,27,Male,Blouse,Clothing,1,3000,3000,Jodhpur,S,Beige,Winter,4.2,Yes,Express,Yes,Yes,43,Debit Card,Annually
4430,56,Male,Socks,Clothing,2,1250,2500,Rajkot,M,Orange,Fall,3.3,Yes,Standard,Yes,Yes,22,Net Banking,Monthly
4431,34,Male,Socks,Clothing,2,2750,5500,Vadodara,XL,Magenta,Winter,3.9,Yes,Store Pickup,Yes,Yes,33,Amazon Pay,Bi-Weekly
4432,37,Male,Shoes,Footwear,3,4950,14850,Siliguri,L,Purple,Fall,5,Yes,Next Day Air,Yes,Yes,25,EMI,Weekly
4433,66,Male,Belt,Accessories,3,2250,6750,Guwahati,L,Black,Winter,,Yes,Express,Yes,Yes,39,Cash,Every 3 Months
4434,55,Male,Sweater,Clothing,2,1000,2000,Imphal,L,Pink,Spring,4.2,Yes,Next Day Air,Yes,Yes,40,Cash,Weekly
4435,48,Male,Socks,Clothing,1,4250,4250,Aizawl,L,Pink,Fall,4.9,Yes,Next Day Air,Yes,Yes,37,Debit Card,Quarterly
4436,26,Male,Coat,Outerwear,2,3450,6900,Shillong,L,Maroon,Spring,4.6,Yes,Free Shipping,Yes,Yes,30,Cash,Weekly
4437,19,Male,Sandals,Footwear,1,3300,3300,Mumbai,S,Maroon,Fall,4.8,Yes,Store Pickup,Yes,Yes,50,UPI,Every 3 Months
4438,52,Male,Blouse,Clothing,2,2100,4200,Pune,S,Turquoise,Summer,2.7,Yes,Store Pickup,Yes,Yes,3,PhonePe,Annually
4439,60,Male,Dress,Clothing,1,2000,2000,Delhi,XL,Green,Spring,4.3,Yes,Free Shipping,Yes,Yes,49,Google Pay,Weekly
4440,53,Male,Pants,Clothing,2,4100,8200,Bengaluru,M,Violet,Winter,3.8,Yes,Store Pickup,Yes,Yes,17,Paytm,Weekly
4441,64,Male,Sneakers,Footwear,3,4400,13200,Hyderabad,M,Lavender,Spring,4.9,Yes,Next Day Air,Yes,Yes,47,Credit Card,Every 3 Months
4442,57,Male,Boots,Footwear,1,4950,4950,Chennai,L,Gray,Fall,3.4,Yes,Next Day Air,Yes,Yes,26,Debit Card,Bi-Weekly
4443,69,Male,Handbag,Accessories,2,4250,8500,Kolkata,XL,Teal,Spring,3.6,Yes,Next Day Air,Yes,Yes,20,Net Banking,Bi-Weekly
4444,75,Male,Handbag,Accessories,3,2850,8550,Ahmedabad,S,Red,Spring,3.4,Yes,Express,Yes,Yes,23,Amazon Pay,Monthly
4445,27,Male,Sweater,Clothing,3,2800,8400,Surat,S,Yellow,Summer,4.7,Yes,Standard,Yes,Yes,48,EMI,Every 3 Months
4446,53,Male,Sweater,Clothing,4,1550,6200,Jaipur,L,Magenta,Summer,3,Yes,2-Day Shipping,Yes,Yes,47,Credit Card,Annually
4447,52,Male,Shorts,Clothing,3,2000,6000,Lucknow,M,Brown,Winter,3.4,Yes,Free Shipping,Yes,Yes,37,Credit Card,Bi-Weekly
4448,58,Male,Sunglasses,Accessories,2,1300,2600,Kanpur,M,Blue,Winter,4.6,Yes,Free Shipping,Yes,Yes,14,Bank Transfer,Weekly
4449,73,Male,Hat,Accessories,2,4750,9500,Nagpur,M,Black,Winter,3.1,Yes,Store Pickup,Yes,Yes,3,Bank Transfer,Every 3 Months
4450,62,Male,Scarf,Accessories,3,1800,5400,Indore,S,Olive,Fall,2.8,Yes,Express,Yes,Yes,27,Debit Card,Bi-Weekly
4451,59,Male,Belt,Accessories,2,2600,5200,Bhopal,M,Olive,Summer,3.5,Yes,Store Pickup,Yes,Yes,6,Cash,Weekly
4452,61,Male,T-shirt,Clothing,1,1750,1750,Patna,XL,Green,Fall,4.6,Yes,2-Day Shipping,Yes,Yes,16,Debit Card,Bi-Weekly
4453,34,Male,Shorts,Clothing,1,3400,3400,Ranchi,M,Peach,Fall,4.3,Yes,Express,Yes,Yes,1,Credit Card,Weekly
4454,39,Male,Pants,Clothing,1,2500,2500,Bhubaneswar,M,White,Winter,4.8,Yes,Express,Yes,Yes,7,Cash,Quarterly
4455,60,Male,Sunglasses,Accessories,3,5000,15000,Visakhapatnam,M,Red,Summer,2.9,Yes,Express,Yes,Yes,40,Credit Card,Weekly
4456,31,Male,Coat,Outerwear,1,3700,3700,Vijayawada,M,White,Fall,3,Yes,Express,Yes,Yes,46,Credit Card,Annually
4457,34,Male,Hoodie,Clothing,3,2250,6750,Kochi,L,Indigo,Winter,2.9,Yes,Store Pickup,Yes,Yes,1,Cash,Fortnightly
4458,31,Male,Dress,Clothing,3,4850,14550,Thiruvananthapuram,M,White,Spring,3.7,Yes,Free Shipping,Yes,Yes,17,UPI,Weekly
4459,41,Male,Blouse,Clothing,2,3000,6000,Coimbatore,L,Teal,Fall,4.7,Yes,Express,Yes,Yes,3,PhonePe,Every 3 Months
4460,37,Male,Socks,Clothing,1,1250,1250,Madurai,M,Indigo,Fall,3.5,Yes,Store Pickup,Yes,Yes,20,Google Pay,Monthly
4461,49,Male,Socks,Clothing,2,2750,5500,Mysuru,L,Red,Fall,2.7,Yes,Free Shipping,Yes,Yes,39,Paytm,Annually
4462,58,Male,Shoes,Footwear,3,4950,14850,Mangaluru,M,Blue,Fall,5,Yes,Next Day Air,Yes,Yes,19,Credit Card,Fortnightly
4463,30,Male,Belt,Accessories,2,2250,4500,Nashik,M,Blue,Summer,4.1,Yes,Standard,Yes,Yes,49,Debit Card,Annually
4464,28,Male,Sweater,Clothing,3,1000,3000,Aurangabad,M,Black,Fall,2.7,Yes,Standard,Yes,Yes,50,Net Banking,Quarterly
4465,33,Male,Socks,Clothing,1,4250,4250,Kolhapur,M,Olive,Winter,4.8,Yes,Next Day Air,Yes,Yes,29,Amazon Pay,Weekly
4466,70,Male,Coat,Outerwear,3,3450,10350,Thane,L,Lavender,Fall,4.3,Yes,Store Pickup,Yes,Yes,17,EMI,Weekly
4467,43,Male,Sandals,Footwear,3,3300,9900,Navi Mumbai,M,Indigo,Spring,4.5,Yes,Store Pickup,Yes,Yes,43,Credit Card,Fortnightly
4468,42,Male,Blouse,Clothing,1,2100,2100,Vasai-Virar,S,Red,Winter,3.8,Yes,Next Day Air,Yes,Yes,49,Cash,Fortnightly
4469,42,Female,Dress,Clothing,1,2000,2000,Kalyan-Dombivli,L,Red,Summer,3.7,Yes,Free Shipping,Yes,Yes,12,UPI,Monthly
4470,36,Female,Pants,Clothing,3,4100,12300,Noida,M,Pink,Fall,3.9,Yes,Express,Yes,Yes,49,PhonePe,Every 3 Months
4471,61,Female,Sneakers,Footwear,1,4400,4400,Gurugram,XL,Purple,Fall,3.3,Yes,Standard,Yes,Yes,15,Google Pay,Annually
4472,46,Female,Boots,Footwear,3,4950,14850,Faridabad,XL,Cyan,Spring,3.4,Yes,Free Shipping,Yes,Yes,30,Paytm,Weekly
4473,35,Female,Handbag,Accessories,2,4250,8500,Ghaziabad,XL,Cyan,Summer,3.8,Yes,Next Day Air,Yes,Yes,19,Credit Card,Annually
4474,37,Female,Handbag,Accessories,3,2850,8550,Chandigarh,M,Charcoal,Summer,2.7,Yes,2-Day Shipping,Yes,Yes,49,Debit Card,Bi-Weekly
4475,36,Female,Sweater,Clothing,3,2800,8400,Ludhiana,L,Red,Fall,2.9,Yes,Free Shipping,Yes,Yes,22,Net Banking,Bi-Weekly
4476,51,Female,Sweater,Clothing,3,1550,4650,Amritsar,M,Peach,Fall,4.5,Yes,Express,Yes,Yes,19,Amazon Pay,Monthly
4477,24,Female,Shorts,Clothing,3,2000,6000,Jammu,M,Black,Winter,2.6,Yes,2-Day Shipping,Yes,Yes,18,EMI,Every 3 Months
4478,23,Female,Sunglasses,Accessories,2,1300,2600,Srinagar,M,Black,Fall,3.1,Yes,Store Pickup,Yes,Yes,14,Cash,Annually
4479,32,Female,Blouse,Clothing,3,1650,4950,Shimla,M,Purple,Fall,4.7,Yes,Next Day Air,Yes,Yes,31,UPI,Fortnightly
4480,39,Female,T-shirt,Clothing,2,3450,6900,Dehradun,M,Violet,Winter,4.6,Yes,Free Shipping,Yes,Yes,29,PhonePe,Annually
4481,69,Female,Jeans,Clothing,2,2250,4500,Agra,M,Orange,Spring,2.7,Yes,Free Shipping,Yes,Yes,38,Google Pay,Weekly
4482,62,Female,Dress,Clothing,2,1850,3700,Varanasi,XL,Charcoal,Winter,4.6,Yes,Store Pickup,Yes,Yes,23,Paytm,Every 3 Months
4483,22,Female,Pants,Clothing,1,3000,3000,Prayagraj,L,Turquoise,Spring,4.8,Yes,Store Pickup,Yes,Yes,46,Credit Card,Quarterly
4484,49,Female,Handbag,Accessories,1,3800,3800,Gwalior,L,Yellow,Spring,4.2,Yes,Store Pickup,Yes,Yes,49,Debit Card,Monthly
4485,55,Female,Scarf,Accessories,2,1950,3900,Jabalpur,M,White,Spring,4.9,Yes,Free Shipping,Yes,Yes,30,Net Banking,Monthly
4486,70,Female,Coat,Outerwear,3,5000,15000,Raipur,M,Gray,Fall,4.9,Yes,Next Day Air,Yes,Yes,36,Amazon Pay,Every 3 Months
4487,54,Female,Scarf,Accessories,2,3450,6900,Goa,S,Blue,Winter,4.5,Yes,2-Day Shipping,Yes,Yes,14,EMI,Annually
4488,19,Female,Hat,Accessories,1,2650,2650,Udaipur,S,Maroon,Fall,2.7,Yes,Express,Yes,Yes,36,Cash,Every 3 Months
4489,72,Female,Socks,Clothing,2,1050,2100,Jodhpur,M,Violet,Fall,3.1,Yes,Standard,Yes,Yes,6,Cash,Quarterly
4490,42,Female,Shirt,Clothing,2,2150,4300,Rajkot,M,Orange,Fall,3.3,Yes,2-Day Shipping,Yes,Yes,41,UPI,Annually
4491,41,Female,Jewelry,Accessories,2,2700,5400,Vadodara,S,Turquoise,Fall,2.6,Yes,Standard,Yes,Yes,28,PhonePe,Fortnightly
4492,67,Female,Shirt,Clothing,3,2750,8250,Siliguri,L,Olive,Fall,4.4,Yes,Store Pickup,Yes,Yes,2,Google Pay,Bi-Weekly
4493,58,Female,Hoodie,Clothing,2,1500,3000,Guwahati,M,Brown,Fall,3.9,Yes,Free Shipping,Yes,Yes,34,Paytm,Every 3 Months
4494,44,Female,Blouse,Clothing,1,1400,1400,Imphal,S,Green,Winter,4.6,Yes,Store Pickup,Yes,Yes,46,Credit Card,Every 3 Months
4495,41,Female,Skirt,Clothing,3,2950,8850,Aizawl,S,Brown,Winter,4.9,Yes,Next Day Air,Yes,Yes,45,Debit Card,Monthly
4496,45,Female,T-shirt,Clothing,3,1000,3000,Shillong,M,Silver,Summer,3.7,Yes,Next Day Air,Yes,Yes,36,Net Banking,Quarterly
4497,47,Female,Skirt,Clothing,3,1200,3600,Mumbai,XL,White,Summer,3.7,Yes,Store Pickup,Yes,Yes,7,Amazon Pay,Annually
4498,32,Male,Coat,Outerwear,3,4700,14100,Pune,L,Gold,Summer,,Yes,Standard,Yes,Yes,1,EMI,Fortnightly
4499,38,Male,Jacket,Outerwear,1,1400,1400,Delhi,L,Green,Winter,3.5,Yes,2-Day Shipping,Yes,Yes,44,Cash,Every 3 Months
4500,50,Male,Backpack,Accessories,4,3650,14600,Bengaluru,L,Teal,Spring,2.9,Yes,Standard,Yes,Yes,49,Cash,Every 3 Months
